==============================================
VERL Training on SLURM (Isambard-AI)
==============================================
Job ID:      2316898
Nodes:       1
GPUs/node:   4
Head node:   nid010803 (10.242.12.125)
Config:      /workspace/reward_seeker/rl/configs/slurm/sn.yaml
Container:   /projects/a6d/containers/verl_vllm012.sif
PROJECTDIR:  /projects/a6d
==============================================
Starting Ray head on nid010803...
Waiting for Ray cluster to stabilize...
2026-02-14 09:51:58,666	INFO usage_lib.py:473 -- Usage stats collection is enabled by default without user confirmation because this terminal is detected to be non-interactive. To disable this, add `--disable-usage-stats` to the command that starts the cluster, or run the following command: `ray disable-usage-stats` before starting the cluster. See https://docs.ray.io/en/master/cluster/usage-stats.html for more details.
2026-02-14 09:51:58,666	INFO scripts.py:917 -- [37mLocal node IP[39m: [1m10.242.12.125[22m
2026-02-14 09:52:06,681	SUCC scripts.py:956 -- [32m--------------------[39m
2026-02-14 09:52:06,681	SUCC scripts.py:957 -- [32mRay runtime started.[39m
2026-02-14 09:52:06,682	SUCC scripts.py:958 -- [32m--------------------[39m
2026-02-14 09:52:06,682	INFO scripts.py:960 -- [36mNext steps[39m
2026-02-14 09:52:06,682	INFO scripts.py:963 -- To add another node to this Ray cluster, run
2026-02-14 09:52:06,682	INFO scripts.py:966 -- [1m  ray start --address='10.242.12.125:6379'[22m
2026-02-14 09:52:06,682	INFO scripts.py:975 -- To connect to this Ray cluster:
2026-02-14 09:52:06,682	INFO scripts.py:977 -- [35mimport[39m[26m ray
2026-02-14 09:52:06,682	INFO scripts.py:978 -- ray[35m.[39m[26minit(_node_ip_address[35m=[39m[26m[33m'10.242.12.125'[39m[26m)
2026-02-14 09:52:06,682	INFO scripts.py:990 -- To submit a Ray job using the Ray Jobs CLI:
2026-02-14 09:52:06,682	INFO scripts.py:991 -- [1m  RAY_API_SERVER_ADDRESS='http://10.242.12.125:8265' ray job submit --working-dir . -- python my_script.py[22m
2026-02-14 09:52:06,682	INFO scripts.py:1000 -- See https://docs.ray.io/en/latest/cluster/running-applications/job-submission/index.html 
2026-02-14 09:52:06,682	INFO scripts.py:1004 -- for more information on submitting Ray jobs to the Ray cluster.
2026-02-14 09:52:06,682	INFO scripts.py:1009 -- To terminate the Ray runtime, run
2026-02-14 09:52:06,682	INFO scripts.py:1010 -- [1m  ray stop[22m
2026-02-14 09:52:06,682	INFO scripts.py:1013 -- To view the status of the cluster, use
2026-02-14 09:52:06,682	INFO scripts.py:1014 --   [1mray status[22m[26m
2026-02-14 09:52:06,682	INFO scripts.py:1018 -- To monitor and debug Ray, view the dashboard at 
2026-02-14 09:52:06,682	INFO scripts.py:1019 --   [1m10.242.12.125:8265[22m[26m
2026-02-14 09:52:06,682	INFO scripts.py:1026 -- [4mIf connection to the dashboard fails, check your firewall settings and network configuration.[24m
2026-02-14 09:52:06,692	INFO scripts.py:1132 -- [36m[1m--block[22m[39m
2026-02-14 09:52:06,692	INFO scripts.py:1133 -- This command will now block forever until terminated by a signal.
2026-02-14 09:52:06,692	INFO scripts.py:1136 -- Running subprocesses are monitored and a message will be printed if any of them terminate unexpectedly. Subprocesses exit with SIGTERM will be treated as graceful, thus NOT reported.
2026-02-14 09:52:06,692	INFO scripts.py:1141 -- Process exit logs will be saved to: [1m/home/a6d/aghyad.a6d/tmp/ray/session_2026-02-14_09-51-58_673926_136636/logs/ray_process_exit.log[22m[26m
wandb OK: logged in as aghyad
Launching verl training...
/usr/bin/rm: cannot remove '/usr/local/cuda/compat/lib': Read-only file system
rm: cannot remove '/usr/local/cuda/compat/lib': Read-only file system
rm: cannot remove '/usr/local/cuda/compat/lib': Read-only file system
ERROR:2026-02-14 09:52:51,914:MSC config source not available
Traceback (most recent call last):
  File "/opt/venv/lib/python3.12/site-packages/multistorageclient/contrib/hydra.py", line 124, in available
    resolve_storage_client(self.base_url)
  File "/opt/venv/lib/python3.12/site-packages/multistorageclient/shortcuts.py", line 245, in resolve_storage_client
    config=StorageClientConfig.from_file(profile=profile, telemetry_provider=get_telemetry_provider())
           ^^^^^^^^^^^^^^^^^^^^^^^^^^^^^^^^^^^^^^^^^^^^^^^^^^^^^^^^^^^^^^^^^^^^^^^^^^^^^^^^^^^^^^^^^^^
  File "/opt/venv/lib/python3.12/site-packages/multistorageclient/config.py", line 1480, in from_file
    raise ValueError(
ValueError: Profile "" not found in configuration files. Configuration was checked in MSC config (not found) and Rclone config (not found). Please verify that the profile exists and that configuration files are correctly located.
/opt/venv/lib/python3.12/site-packages/hydra/_internal/config_loader_impl.py:216: UserWarning: provider=msc-universal, path= is not available.
  warnings.warn(
ERROR:2026-02-14 09:52:52,120:MSC config source not available
Traceback (most recent call last):
  File "/opt/venv/lib/python3.12/site-packages/multistorageclient/contrib/hydra.py", line 124, in available
    resolve_storage_client(self.base_url)
  File "/opt/venv/lib/python3.12/site-packages/multistorageclient/shortcuts.py", line 245, in resolve_storage_client
    config=StorageClientConfig.from_file(profile=profile, telemetry_provider=get_telemetry_provider())
           ^^^^^^^^^^^^^^^^^^^^^^^^^^^^^^^^^^^^^^^^^^^^^^^^^^^^^^^^^^^^^^^^^^^^^^^^^^^^^^^^^^^^^^^^^^^
  File "/opt/venv/lib/python3.12/site-packages/multistorageclient/config.py", line 1480, in from_file
    raise ValueError(
ValueError: Profile "" not found in configuration files. Configuration was checked in MSC config (not found) and Rclone config (not found). Please verify that the profile exists and that configuration files are correctly located.
ray init kwargs: {'num_cpus': None, 'runtime_env': {'env_vars': {'TOKENIZERS_PARALLELISM': 'true', 'VLLM_LOGGING_LEVEL': 'WARN', 'VLLM_ALLOW_RUNTIME_LORA_UPDATING': 'true', 'CUDA_DEVICE_MAX_CONNECTIONS': '1', 'NCCL_CUMEM_ENABLE': '0', 'VLLM_DISABLE_COMPILE_CACHE': '1', 'HCCL_HOST_SOCKET_PORT_RANGE': 'auto', 'HCCL_NPU_SOCKET_PORT_RANGE': 'auto'}, 'working_dir': None}}
2026-02-14 09:52:52,549	INFO worker.py:1821 -- Connecting to existing Ray cluster at address: 10.242.12.125:6379...
2026-02-14 09:52:52,626	INFO worker.py:1998 -- Connected to Ray cluster. View the dashboard at [1m[32mhttp://10.242.12.125:8265 [39m[22m
/opt/venv/lib/python3.12/site-packages/ray/_private/worker.py:2046: FutureWarning: Tip: In future versions of Ray, Ray will no longer override accelerator visible devices env var if num_gpus=0 or num_gpus=None (default). To enable this behavior and turn off this error message, set RAY_ACCEL_ENV_VAR_OVERRIDE_ON_ZERO=0
  warnings.warn(
[DEBUG] Creating TaskRunner remote class...
[DEBUG] TaskRunner class created. Checking profiler config...
[DEBUG] Creating TaskRunner actor...
[DEBUG] TaskRunner actor created. Calling runner.run.remote(config)...
[33m(raylet)[0m rm: cannot remove '/usr/local/cuda/compat/lib': Read-only file system
[36m(pid=163706)[0m W0214 09:53:56.494000 163706 torch/utils/cpp_extension.py:118] No CUDA runtime is found, using CUDA_HOME='/usr/local/cuda'
[36m(TaskRunner pid=163706)[0m [DEBUG] TaskRunner.run() STARTED on hostname: nid010803, PID: 163706
[36m(TaskRunner pid=163706)[0m {'actor_rollout_ref': {'actor': {'_target_': 'verl.workers.config.McoreActorConfig',
[36m(TaskRunner pid=163706)[0m                                  'calculate_entropy': False,
[36m(TaskRunner pid=163706)[0m                                  'checkpoint': {'_target_': 'verl.trainer.config.CheckpointConfig',
[36m(TaskRunner pid=163706)[0m                                                 'async_save': False,
[36m(TaskRunner pid=163706)[0m                                                 'load_contents': ['model',
[36m(TaskRunner pid=163706)[0m                                                                   'optimizer',
[36m(TaskRunner pid=163706)[0m                                                                   'extra'],
[36m(TaskRunner pid=163706)[0m                                                 'save_contents': ['model',
[36m(TaskRunner pid=163706)[0m                                                                   'optimizer',
[36m(TaskRunner pid=163706)[0m                                                                   'extra']},
[36m(TaskRunner pid=163706)[0m                                  'clip_ratio': 0.2,
[36m(TaskRunner pid=163706)[0m                                  'clip_ratio_c': 3.0,
[36m(TaskRunner pid=163706)[0m                                  'clip_ratio_high': 0.0004,
[36m(TaskRunner pid=163706)[0m                                  'clip_ratio_low': 0.0003,
[36m(TaskRunner pid=163706)[0m                                  'data_loader_seed': 42,
[36m(TaskRunner pid=163706)[0m                                  'entropy_coeff': 0,
[36m(TaskRunner pid=163706)[0m                                  'freeze_vision_tower': False,
[36m(TaskRunner pid=163706)[0m                                  'kl_loss_coef': 0.0,
[36m(TaskRunner pid=163706)[0m                                  'kl_loss_type': 'low_var_kl',
[36m(TaskRunner pid=163706)[0m                                  'load_weight': True,
[36m(TaskRunner pid=163706)[0m                                  'loss_agg_mode': 'token-mean',
[36m(TaskRunner pid=163706)[0m                                  'loss_scale_factor': None,
[36m(TaskRunner pid=163706)[0m                                  'megatron': {'_target_': 'verl.workers.config.McoreEngineConfig',
[36m(TaskRunner pid=163706)[0m                                               'context_parallel_size': 1,
[36m(TaskRunner pid=163706)[0m                                               'dist_checkpointing_path': None,
[36m(TaskRunner pid=163706)[0m                                               'dist_checkpointing_prefix': '',
[36m(TaskRunner pid=163706)[0m                                               'dist_ckpt_optim_fully_reshardable': True,
[36m(TaskRunner pid=163706)[0m                                               'distrib_optim_fully_reshardable_mem_efficient': False,
[36m(TaskRunner pid=163706)[0m                                               'dtype': 'bfloat16',
[36m(TaskRunner pid=163706)[0m                                               'expert_model_parallel_size': 1,
[36m(TaskRunner pid=163706)[0m                                               'expert_tensor_parallel_size': None,
[36m(TaskRunner pid=163706)[0m                                               'forward_only': False,
[36m(TaskRunner pid=163706)[0m                                               'grad_offload': True,
[36m(TaskRunner pid=163706)[0m                                               'optimizer_offload': True,
[36m(TaskRunner pid=163706)[0m                                               'override_ddp_config': {},
[36m(TaskRunner pid=163706)[0m                                               'override_mcore_model_config': {},
[36m(TaskRunner pid=163706)[0m                                               'override_transformer_config': {'apply_rope_fusion': True,
[36m(TaskRunner pid=163706)[0m                                                                               'attention_backend': 'flash',
[36m(TaskRunner pid=163706)[0m                                                                               'gradient_accumulation_fusion': True,
[36m(TaskRunner pid=163706)[0m                                                                               'recompute_granularity': 'selective',
[36m(TaskRunner pid=163706)[0m                                                                               'recompute_method': 'uniform',
[36m(TaskRunner pid=163706)[0m                                                                               'recompute_modules': ['core_attn'],
[36m(TaskRunner pid=163706)[0m                                                                               'recompute_num_layers': None},
[36m(TaskRunner pid=163706)[0m                                               'param_offload': True,
[36m(TaskRunner pid=163706)[0m                                               'pipeline_model_parallel_size': 1,
[36m(TaskRunner pid=163706)[0m                                               'seed': 42,
[36m(TaskRunner pid=163706)[0m                                               'sequence_parallel': True,
[36m(TaskRunner pid=163706)[0m                                               'tensor_model_parallel_size': 4,
[36m(TaskRunner pid=163706)[0m                                               'use_dist_checkpointing': False,
[36m(TaskRunner pid=163706)[0m                                               'use_distributed_optimizer': True,
[36m(TaskRunner pid=163706)[0m                                               'use_mbridge': True,
[36m(TaskRunner pid=163706)[0m                                               'use_remove_padding': True,
[36m(TaskRunner pid=163706)[0m                                               'vanilla_mbridge': False,
[36m(TaskRunner pid=163706)[0m                                               'virtual_pipeline_model_parallel_size': None},
[36m(TaskRunner pid=163706)[0m                                  'optim': {'_target_': 'verl.workers.config.McoreOptimizerConfig',
[36m(TaskRunner pid=163706)[0m                                            'betas': [0.9, 0.999],
[36m(TaskRunner pid=163706)[0m                                            'clip_grad': 1.0,
[36m(TaskRunner pid=163706)[0m                                            'lr': 2e-06,
[36m(TaskRunner pid=163706)[0m                                            'lr_decay_steps': None,
[36m(TaskRunner pid=163706)[0m                                            'lr_decay_style': 'constant',
[36m(TaskRunner pid=163706)[0m                                            'lr_warmup_init': 0.0,
[36m(TaskRunner pid=163706)[0m                                            'lr_warmup_steps': -1,
[36m(TaskRunner pid=163706)[0m                                            'lr_warmup_steps_ratio': 0.0,
[36m(TaskRunner pid=163706)[0m                                            'lr_wsd_decay_steps': None,
[36m(TaskRunner pid=163706)[0m                                            'lr_wsd_decay_style': 'exponential',
[36m(TaskRunner pid=163706)[0m                                            'min_lr': 0.0,
[36m(TaskRunner pid=163706)[0m                                            'optimizer': 'adam',
[36m(TaskRunner pid=163706)[0m                                            'override_optimizer_config': {'optimizer_cpu_offload': True,
[36m(TaskRunner pid=163706)[0m                                                                          'optimizer_offload_fraction': 1.0,
[36m(TaskRunner pid=163706)[0m                                                                          'overlap_cpu_optimizer_d2h_h2d': True,
[36m(TaskRunner pid=163706)[0m                                                                          'use_precision_aware_optimizer': True},
[36m(TaskRunner pid=163706)[0m                                            'total_training_steps': -1,
[36m(TaskRunner pid=163706)[0m                                            'use_checkpoint_opt_param_scheduler': False,
[36m(TaskRunner pid=163706)[0m                                            'weight_decay': 0.01,
[36m(TaskRunner pid=163706)[0m                                            'weight_decay_incr_style': 'constant'},
[36m(TaskRunner pid=163706)[0m                                  'policy_loss': {'_target_': 'verl.workers.config.PolicyLossConfig',
[36m(TaskRunner pid=163706)[0m                                                  'clip_cov_lb': 1.0,
[36m(TaskRunner pid=163706)[0m                                                  'clip_cov_ratio': 0.0002,
[36m(TaskRunner pid=163706)[0m                                                  'clip_cov_ub': 5.0,
[36m(TaskRunner pid=163706)[0m                                                  'kl_cov_ratio': 0.0002,
[36m(TaskRunner pid=163706)[0m                                                  'loss_mode': 'gspo',
[36m(TaskRunner pid=163706)[0m                                                  'ppo_kl_coef': 0.1},
[36m(TaskRunner pid=163706)[0m                                  'ppo_epochs': 1,
[36m(TaskRunner pid=163706)[0m                                  'ppo_max_token_len_per_gpu': 14000,
[36m(TaskRunner pid=163706)[0m                                  'ppo_micro_batch_size': None,
[36m(TaskRunner pid=163706)[0m                                  'ppo_micro_batch_size_per_gpu': 1,
[36m(TaskRunner pid=163706)[0m                                  'ppo_mini_batch_size': 8,
[36m(TaskRunner pid=163706)[0m                                  'profiler': {'_target_': 'verl.utils.profiler.ProfilerConfig',
[36m(TaskRunner pid=163706)[0m                                               'all_ranks': False,
[36m(TaskRunner pid=163706)[0m                                               'enable': False,
[36m(TaskRunner pid=163706)[0m                                               'ranks': [],
[36m(TaskRunner pid=163706)[0m                                               'save_path': 'outputs/profile',
[36m(TaskRunner pid=163706)[0m                                               'tool': None,
[36m(TaskRunner pid=163706)[0m                                               'tool_config': {'npu': {'_target_': 'verl.utils.profiler.config.NPUToolConfig',
[36m(TaskRunner pid=163706)[0m                                                                       'analysis': True,
[36m(TaskRunner pid=163706)[0m                                                                       'contents': [],
[36m(TaskRunner pid=163706)[0m                                                                       'discrete': False,
[36m(TaskRunner pid=163706)[0m                                                                       'level': 'level0'},
[36m(TaskRunner pid=163706)[0m                                                               'nsys': {'_target_': 'verl.utils.profiler.config.NsightToolConfig',
[36m(TaskRunner pid=163706)[0m                                                                        'discrete': False},
[36m(TaskRunner pid=163706)[0m                                                               'torch': {'_target_': 'verl.utils.profiler.config.TorchProfilerToolConfig',
[36m(TaskRunner pid=163706)[0m                                                                         'contents': [],
[36m(TaskRunner pid=163706)[0m                                                                         'discrete': False},
[36m(TaskRunner pid=163706)[0m                                                               'torch_memory': {'_target_': 'verl.utils.profiler.config.TorchMemoryToolConfig',
[36m(TaskRunner pid=163706)[0m                                                                                'stack_depth': 32,
[36m(TaskRunner pid=163706)[0m                                                                                'trace_alloc_max_entries': 100000}}},
[36m(TaskRunner pid=163706)[0m                                  'rollout_n': 16,
[36m(TaskRunner pid=163706)[0m                                  'router_replay': {'_target_': 'verl.workers.config.RouterReplayConfig',
[36m(TaskRunner pid=163706)[0m                                                    'mode': 'disabled',
[36m(TaskRunner pid=163706)[0m                                                    'record_file': None,
[36m(TaskRunner pid=163706)[0m                                                    'replay_file': None},
[36m(TaskRunner pid=163706)[0m                                  'shuffle': False,
[36m(TaskRunner pid=163706)[0m                                  'strategy': 'megatron',
[36m(TaskRunner pid=163706)[0m                                  'tau_neg': 1.05,
[36m(TaskRunner pid=163706)[0m                                  'tau_pos': 1.0,
[36m(TaskRunner pid=163706)[0m                                  'use_dynamic_bsz': True,
[36m(TaskRunner pid=163706)[0m                                  'use_fused_kernels': False,
[36m(TaskRunner pid=163706)[0m                                  'use_kl_loss': False,
[36m(TaskRunner pid=163706)[0m                                  'use_prefix_grouper': False,
[36m(TaskRunner pid=163706)[0m                                  'use_torch_compile': True},
[36m(TaskRunner pid=163706)[0m                        'hybrid_engine': True,
[36m(TaskRunner pid=163706)[0m                        'model': {'_target_': 'verl.workers.config.HFModelConfig',
[36m(TaskRunner pid=163706)[0m                                  'custom_chat_template': None,
[36m(TaskRunner pid=163706)[0m                                  'enable_activation_offload': False,
[36m(TaskRunner pid=163706)[0m                                  'enable_gradient_checkpointing': True,
[36m(TaskRunner pid=163706)[0m                                  'exclude_modules': None,
[36m(TaskRunner pid=163706)[0m                                  'external_lib': None,
[36m(TaskRunner pid=163706)[0m                                  'fused_kernel_options': {'impl_backend': 'torch'},
[36m(TaskRunner pid=163706)[0m                                  'hf_config_path': None,
[36m(TaskRunner pid=163706)[0m                                  'lora': {'a2a_experimental': False,
[36m(TaskRunner pid=163706)[0m                                           'adapter_path': None,
[36m(TaskRunner pid=163706)[0m                                           'alpha': 32,
[36m(TaskRunner pid=163706)[0m                                           'dropout': 0.0,
[36m(TaskRunner pid=163706)[0m                                           'dropout_position': 'pre',
[36m(TaskRunner pid=163706)[0m                                           'dtype': None,
[36m(TaskRunner pid=163706)[0m                                           'exclude_modules': [],
[36m(TaskRunner pid=163706)[0m                                           'freeze_language_model': True,
[36m(TaskRunner pid=163706)[0m                                           'freeze_vision_model': True,
[36m(TaskRunner pid=163706)[0m                                           'freeze_vision_projection': True,
[36m(TaskRunner pid=163706)[0m                                           'lora_A_init_method': 'xavier',
[36m(TaskRunner pid=163706)[0m                                           'lora_B_init_method': 'zero',
[36m(TaskRunner pid=163706)[0m                                           'merge': False,
[36m(TaskRunner pid=163706)[0m                                           'rank': 0,
[36m(TaskRunner pid=163706)[0m                                           'target_modules': ['linear_qkv',
[36m(TaskRunner pid=163706)[0m                                                              'linear_proj',
[36m(TaskRunner pid=163706)[0m                                                              'linear_fc1',
[36m(TaskRunner pid=163706)[0m                                                              'linear_fc2'],
[36m(TaskRunner pid=163706)[0m                                           'type': 'lora'},
[36m(TaskRunner pid=163706)[0m                                  'lora_adapter_path': None,
[36m(TaskRunner pid=163706)[0m                                  'lora_alpha': 16,
[36m(TaskRunner pid=163706)[0m                                  'lora_rank': 0,
[36m(TaskRunner pid=163706)[0m                                  'mtp': {'_target_': 'verl.workers.config.MtpConfig',
[36m(TaskRunner pid=163706)[0m                                          'detach_encoder': False,
[36m(TaskRunner pid=163706)[0m                                          'enable': False,
[36m(TaskRunner pid=163706)[0m                                          'enable_rollout': False,
[36m(TaskRunner pid=163706)[0m                                          'enable_train': False,
[36m(TaskRunner pid=163706)[0m                                          'method': 'mtp',
[36m(TaskRunner pid=163706)[0m                                          'mtp_loss_scaling_factor': 0.1,
[36m(TaskRunner pid=163706)[0m                                          'num_speculative_tokens': 1,
[36m(TaskRunner pid=163706)[0m                                          'speculative_algorithm': 'EAGLE',
[36m(TaskRunner pid=163706)[0m                                          'speculative_eagle_topk': 1,
[36m(TaskRunner pid=163706)[0m                                          'speculative_num_draft_tokens': 4,
[36m(TaskRunner pid=163706)[0m                                          'speculative_num_steps': 3},
[36m(TaskRunner pid=163706)[0m                                  'override_config': {'model_config': {},
[36m(TaskRunner pid=163706)[0m                                                      'moe_config': {'freeze_moe_router': False}},
[36m(TaskRunner pid=163706)[0m                                  'path': 'Qwen/Qwen3-8b',
[36m(TaskRunner pid=163706)[0m                                  'target_modules': 'all-linear',
[36m(TaskRunner pid=163706)[0m                                  'tiled_mlp': {'enabled': False,
[36m(TaskRunner pid=163706)[0m                                                'num_shards': 4},
[36m(TaskRunner pid=163706)[0m                                  'tokenizer_path': None,
[36m(TaskRunner pid=163706)[0m                                  'trust_remote_code': False,
[36m(TaskRunner pid=163706)[0m                                  'use_fused_kernels': False,
[36m(TaskRunner pid=163706)[0m                                  'use_liger': False,
[36m(TaskRunner pid=163706)[0m                                  'use_remove_padding': True,
[36m(TaskRunner pid=163706)[0m                                  'use_shm': False},
[36m(TaskRunner pid=163706)[0m                        'nccl_timeout': 600,
[36m(TaskRunner pid=163706)[0m                        'ref': {'_target_': 'verl.workers.config.McoreActorConfig',
[36m(TaskRunner pid=163706)[0m                                'load_weight': True,
[36m(TaskRunner pid=163706)[0m                                'log_prob_max_token_len_per_gpu': 150000,
[36m(TaskRunner pid=163706)[0m                                'log_prob_micro_batch_size': None,
[36m(TaskRunner pid=163706)[0m                                'log_prob_micro_batch_size_per_gpu': 256,
[36m(TaskRunner pid=163706)[0m                                'log_prob_use_dynamic_bsz': True,
[36m(TaskRunner pid=163706)[0m                                'megatron': {'_target_': 'verl.workers.config.McoreEngineConfig',
[36m(TaskRunner pid=163706)[0m                                             'context_parallel_size': 1,
[36m(TaskRunner pid=163706)[0m                                             'dist_checkpointing_path': None,
[36m(TaskRunner pid=163706)[0m                                             'dist_checkpointing_prefix': '',
[36m(TaskRunner pid=163706)[0m                                             'dist_ckpt_optim_fully_reshardable': True,
[36m(TaskRunner pid=163706)[0m                                             'distrib_optim_fully_reshardable_mem_efficient': False,
[36m(TaskRunner pid=163706)[0m                                             'dtype': 'bfloat16',
[36m(TaskRunner pid=163706)[0m                                             'expert_model_parallel_size': 1,
[36m(TaskRunner pid=163706)[0m                                             'expert_tensor_parallel_size'
[36m(TaskRunner pid=163706)[0m : None,
[36m(TaskRunner pid=163706)[0m                                             'forward_only': True,
[36m(TaskRunner pid=163706)[0m                                             'grad_offload': False,
[36m(TaskRunner pid=163706)[0m                                             'optimizer_offload': False,
[36m(TaskRunner pid=163706)[0m                                             'override_ddp_config': {},
[36m(TaskRunner pid=163706)[0m                                             'override_mcore_model_config': {},
[36m(TaskRunner pid=163706)[0m                                             'override_transformer_config': {'apply_rope_fusion': True,
[36m(TaskRunner pid=163706)[0m                                                                             'attention_backend': 'flash',
[36m(TaskRunner pid=163706)[0m                                                                             'gradient_accumulation_fusion': True,
[36m(TaskRunner pid=163706)[0m                                                                             'recompute_granularity': 'selective',
[36m(TaskRunner pid=163706)[0m                                                                             'recompute_method': 'uniform',
[36m(TaskRunner pid=163706)[0m                                                                             'recompute_modules': ['core_attn'],
[36m(TaskRunner pid=163706)[0m                                                                             'recompute_num_layers': None},
[36m(TaskRunner pid=163706)[0m                                             'param_offload': True,
[36m(TaskRunner pid=163706)[0m                                             'pipeline_model_parallel_size': 1,
[36m(TaskRunner pid=163706)[0m                                             'seed': 42,
[36m(TaskRunner pid=163706)[0m                                             'sequence_parallel': True,
[36m(TaskRunner pid=163706)[0m                                             'tensor_model_parallel_size': 4,
[36m(TaskRunner pid=163706)[0m                                             'use_dist_checkpointing': False,
[36m(TaskRunner pid=163706)[0m                                             'use_distributed_optimizer': True,
[36m(TaskRunner pid=163706)[0m                                             'use_mbridge': True,
[36m(TaskRunner pid=163706)[0m                                             'use_remove_padding': True,
[36m(TaskRunner pid=163706)[0m                                             'vanilla_mbridge': False,
[36m(TaskRunner pid=163706)[0m                                             'virtual_pipeline_model_parallel_size': None},
[36m(TaskRunner pid=163706)[0m                                'profiler': {'_target_': 'verl.utils.profiler.ProfilerConfig',
[36m(TaskRunner pid=163706)[0m                                             'all_ranks': False,
[36m(TaskRunner pid=163706)[0m                                             'enable': False,
[36m(TaskRunner pid=163706)[0m                                             'ranks': [],
[36m(TaskRunner pid=163706)[0m                                             'save_path': 'outputs/profile',
[36m(TaskRunner pid=163706)[0m                                             'tool': None,
[36m(TaskRunner pid=163706)[0m                                             'tool_config': {'npu': {'_target_': 'verl.utils.profiler.config.NPUToolConfig',
[36m(TaskRunner pid=163706)[0m                                                                     'analysis': True,
[36m(TaskRunner pid=163706)[0m                                                                     'contents': [],
[36m(TaskRunner pid=163706)[0m                                                                     'discrete': False,
[36m(TaskRunner pid=163706)[0m                                                                     'level': 'level0'},
[36m(TaskRunner pid=163706)[0m                                                             'nsys': {'_target_': 'verl.utils.profiler.config.NsightToolConfig',
[36m(TaskRunner pid=163706)[0m                                                                      'discrete': False},
[36m(TaskRunner pid=163706)[0m                                                             'torch': {'_target_': 'verl.utils.profiler.config.TorchProfilerToolConfig',
[36m(TaskRunner pid=163706)[0m                                                                       'contents': [],
[36m(TaskRunner pid=163706)[0m                                                                       'discrete': False},
[36m(TaskRunner pid=163706)[0m                                                             'torch_memory': {'_target_': 'verl.utils.profiler.config.TorchMemoryToolConfig',
[36m(TaskRunner pid=163706)[0m                                                                              'stack_depth': 32,
[36m(TaskRunner pid=163706)[0m                                                                              'trace_alloc_max_entries': 100000}}},
[36m(TaskRunner pid=163706)[0m                                'rollout_n': 16,
[36m(TaskRunner pid=163706)[0m                                'router_replay': {'_target_': 'verl.workers.config.RouterReplayConfig',
[36m(TaskRunner pid=163706)[0m                                                  'mode': 'disabled',
[36m(TaskRunner pid=163706)[0m                                                  'record_file': None,
[36m(TaskRunner pid=163706)[0m                                                  'replay_file': None},
[36m(TaskRunner pid=163706)[0m                                'strategy': 'megatron',
[36m(TaskRunner pid=163706)[0m                                'use_torch_compile': True},
[36m(TaskRunner pid=163706)[0m                        'rollout': {'_target_': 'verl.workers.config.RolloutConfig',
[36m(TaskRunner pid=163706)[0m                                    'agent': {'_target_': 'verl.workers.config.AgentLoopConfig',
[36m(TaskRunner pid=163706)[0m                                              'agent_loop_config_path': None,
[36m(TaskRunner pid=163706)[0m                                              'custom_async_server': {'_target_': 'verl.workers.config.CustomAsyncServerConfig',
[36m(TaskRunner pid=163706)[0m                                                                      'name': None,
[36m(TaskRunner pid=163706)[0m                                                                      'path': None},
[36m(TaskRunner pid=163706)[0m                                              'default_agent_loop': 'single_turn_agent',
[36m(TaskRunner pid=163706)[0m                                              'num_workers': 8},
[36m(TaskRunner pid=163706)[0m                                    'calculate_log_probs': False,
[36m(TaskRunner pid=163706)[0m                                    'checkpoint_engine': {'_target_': 'verl.workers.config.CheckpointEngineConfig',
[36m(TaskRunner pid=163706)[0m                                                          'backend': 'naive',
[36m(TaskRunner pid=163706)[0m                                                          'engine_kwargs': {},
[36m(TaskRunner pid=163706)[0m                                                          'update_weights_bucket_megabytes': 2048},
[36m(TaskRunner pid=163706)[0m                                    'cudagraph_capture_sizes': None,
[36m(TaskRunner pid=163706)[0m                                    'data_parallel_size': 1,
[36m(TaskRunner pid=163706)[0m                                    'disable_log_stats': True,
[36m(TaskRunner pid=163706)[0m                                    'do_sample': True,
[36m(TaskRunner pid=163706)[0m                                    'dtype': 'bfloat16',
[36m(TaskRunner pid=163706)[0m                                    'enable_chunked_prefill': False,
[36m(TaskRunner pid=163706)[0m                                    'enable_prefix_caching': True,
[36m(TaskRunner pid=163706)[0m                                    'enable_rollout_routing_replay': False,
[36m(TaskRunner pid=163706)[0m                                    'enforce_eager': False,
[36m(TaskRunner pid=163706)[0m                                    'engine_kwargs': {'sglang': {},
[36m(TaskRunner pid=163706)[0m                                                      'trtllm': {},
[36m(TaskRunner pid=163706)[0m                                                      'vllm': {}},
[36m(TaskRunner pid=163706)[0m                                    'expert_parallel_size': 1,
[36m(TaskRunner pid=163706)[0m                                    'free_cache_engine': True,
[36m(TaskRunner pid=163706)[0m                                    'gpu_memory_utilization': 0.7,
[36m(TaskRunner pid=163706)[0m                                    'ignore_eos': False,
[36m(TaskRunner pid=163706)[0m                                    'layer_name_map': {'gate_proj_layer_name': 'gate_up',
[36m(TaskRunner pid=163706)[0m                                                       'qkv_layer_name': 'qkv'},
[36m(TaskRunner pid=163706)[0m                                    'layered_summon': True,
[36m(TaskRunner pid=163706)[0m                                    'load_format': 'safetensors',
[36m(TaskRunner pid=163706)[0m                                    'log_prob_max_token_len_per_gpu': 80000,
[36m(TaskRunner pid=163706)[0m                                    'log_prob_micro_batch_size': None,
[36m(TaskRunner pid=163706)[0m                                    'log_prob_micro_batch_size_per_gpu': 256,
[36m(TaskRunner pid=163706)[0m                                    'log_prob_use_dynamic_bsz': True,
[36m(TaskRunner pid=163706)[0m                                    'logprobs_mode': 'processed_logprobs',
[36m(TaskRunner pid=163706)[0m                                    'max_model_len': None,
[36m(TaskRunner pid=163706)[0m                                    'max_num_batched_tokens': 50000,
[36m(TaskRunner pid=163706)[0m                                    'max_num_seqs': 1024,
[36m(TaskRunner pid=163706)[0m                                    'mode': 'async',
[36m(TaskRunner pid=163706)[0m                                    'mtp': {'_target_': 'verl.workers.config.MtpConfig',
[36m(TaskRunner pid=163706)[0m                                            'detach_encoder': False,
[36m(TaskRunner pid=163706)[0m                                            'enable': False,
[36m(TaskRunner pid=163706)[0m                                            'enable_rollout': False,
[36m(TaskRunner pid=163706)[0m                                            'enable_train': False,
[36m(TaskRunner pid=163706)[0m                                            'method': 'mtp',
[36m(TaskRunner pid=163706)[0m                                            'mtp_loss_scaling_factor': 0.1,
[36m(TaskRunner pid=163706)[0m                                            'num_speculative_tokens': 1,
[36m(TaskRunner pid=163706)[0m                                            'speculative_algorithm': 'EAGLE',
[36m(TaskRunner pid=163706)[0m                                            'speculative_eagle_topk': 1,
[36m(TaskRunner pid=163706)[0m                                            'speculative_num_draft_tokens': 4,
[36m(TaskRunner pid=163706)[0m                                            'speculative_num_steps': 3},
[36m(TaskRunner pid=163706)[0m                                    'multi_stage_wake_up': False,
[36m(TaskRunner pid=163706)[0m                                    'multi_turn': {'_target_': 'verl.workers.config.MultiTurnConfig',
[36m(TaskRunner pid=163706)[0m                                                   'enable': True,
[36m(TaskRunner pid=163706)[0m                                                   'format': 'hermes',
[36m(TaskRunner pid=163706)[0m                                                   'interaction_config_path': None,
[36m(TaskRunner pid=163706)[0m                                                   'max_assistant_turns': 50,
[36m(TaskRunner pid=163706)[0m                                                   'max_parallel_calls': 1,
[36m(TaskRunner pid=163706)[0m                                                   'max_tool_response_length': 256,
[36m(TaskRunner pid=163706)[0m                                                   'max_user_turns': None,
[36m(TaskRunner pid=163706)[0m                                                   'num_repeat_rollouts': None,
[36m(TaskRunner pid=163706)[0m                                                   'tokenization_sanity_check_mode': 'strict',
[36m(TaskRunner pid=163706)[0m                                                   'tool_config_path': None,
[36m(TaskRunner pid=163706)[0m                                                   'tool_response_truncate_side': 'middle',
[36m(TaskRunner pid=163706)[0m                                                   'use_inference_chat_template': False},
[36m(TaskRunner pid=163706)[0m                                    'n': 16,
[36m(TaskRunner pid=163706)[0m                                    'name': 'vllm',
[36m(TaskRunner pid=163706)[0m                                    'over_sample_rate': 0,
[36m(TaskRunner pid=163706)[0m                                    'pipeline_model_parallel_size': 1,
[36m(TaskRunner pid=163706)[0m                                    'profiler': {'_target_': 'verl.utils.profiler.ProfilerConfig',
[36m(TaskRunner pid=163706)[0m                                                 'all_ranks': False,
[36m(TaskRunner pid=163706)[0m                                                 'enable': False,
[36m(TaskRunner pid=163706)[0m                                                 'ranks': [],
[36m(TaskRunner pid=163706)[0m                                                 'save_path': 'outputs/profile',
[36m(TaskRunner pid=163706)[0m                                                 'tool': None,
[36m(TaskRunner pid=163706)[0m                                                 'tool_config': {'npu': {'_target_': 'verl.utils.profiler.config.NPUToolConfig',
[36m(TaskRunner pid=163706)[0m                                                                         'analysis': True,
[36m(TaskRunner pid=163706)[0m                                                                         'contents': [],
[36m(TaskRunner pid=163706)[0m                                                                         'discrete': False,
[36m(TaskRunner pid=163706)[0m                                                                         'level': 'level0'},
[36m(TaskRunner pid=163706)[0m                                                                 'torch': {'_target_': 'verl.utils.profiler.config.TorchProfilerToolConfig',
[36m(TaskRunner pid=163706)[0m                                                                           'contents': [],
[36m(TaskRunner pid=163706)[0m                                                                           'discrete': False}}},
[36m(TaskRunner pid=163706)[0m                                    'prometheus': {'_target_': 'verl.workers.config.PrometheusConfig',
[36m(TaskRunner pid=163706)[0m                                                   'enable': False,
[36m(TaskRunner pid=163706)[0m                                                   'file': '/tmp/ray/session_latest/metrics/prometheus/prometheus.yml',
[36m(TaskRunner pid=163706)[0m                                                   'port': 9090,
[36m(TaskRunner pid=163706)[0m                                                   'served_model_name': 'Qwen/Qwen3-8b'},
[36m(TaskRunner pid=163706)[0m                                    'prompt_length': 8000,
[36m(TaskRunner pid=163706)[0m                                    'quantization': None,
[36m(TaskRunner pid=163706)[0m                                    'quantization_config_file': None,
[36m(TaskRunner pid=163706)[0m                                    'response_length': 6000,
[36m(TaskRunner pid=163706)[0m                                    'scheduling_policy': 'fcfs',
[36m(TaskRunner pid=163706)[0m                                    'skip_dump_dir': '/tmp/rollout_dump',
[36m(TaskRunner pid=163706)[0m                                    'skip_rollout': False,
[36m(TaskRunner pid=163706)[0m                                    'skip_tokenizer_init': True,
[36m(TaskRunner pid=163706)[0m                                    'temperature': 1.0,
[36m(TaskRunner pid=163706)[0m                                    'tensor_model_parallel_size': 4,
[36m(TaskRunner pid=163706)[0m                                    'top_k': -1,
[36m(TaskRunner pid=163706)[0m                                    'top_p': 1,
[36m(TaskRunner pid=163706)[0m                                    'trace': {'_target_': 'verl.workers.config.TraceConfig',
[36m(TaskRunner pid=163706)[0m                                              'backend': 'jsonl',
[36m(TaskRunner pid=163706)[0m                                              'inspect_s3_bucket': 'rewardseeker',
[36m(TaskRunner pid=163706)[0m                                              'inspect_s3_prefix': 'rollout_traces',
[36m(TaskRunner pid=163706)[0m                                              'max_samples_per_step_per_worker': None,
[36m(TaskRunner pid=163706)[0m                                              'token2text': True},
[36m(TaskRunner pid=163706)[0m                                    'val_kwargs': {'_target_': 'verl.workers.config.SamplingConfig',
[36m(TaskRunner pid=163706)[0m                                                   'do_sample': False,
[36m(TaskRunner pid=163706)[0m                                                   'n': 1,
[36m(TaskRunner pid=163706)[0m                                                   'temperature': 0,
[36m(TaskRunner pid=163706)[0m                                                   'top_k': -1,
[36m(TaskRunner pid=163706)[0m                                                   'top_p': 1.0}}},
[36m(TaskRunner pid=163706)[0m  'algorithm': {'_target_': 'verl.trainer.config.AlgoConfig',
[36m(TaskRunner pid=163706)[0m                'adv_estimator': 'grpo',
[36m(TaskRunner pid=163706)[0m                'filter_groups': {
[36m(TaskRunner pid=163706)[0m 'enable': True,
[36m(TaskRunner pid=163706)[0m                                  'max_num_gen_batches': 10,
[36m(TaskRunner pid=163706)[0m                                  'metric': 'score'},
[36m(TaskRunner pid=163706)[0m                'gamma': 1.0,
[36m(TaskRunner pid=163706)[0m                'kl_ctrl': {'_target_': 'verl.trainer.config.KLControlConfig',
[36m(TaskRunner pid=163706)[0m                            'horizon': 10000,
[36m(TaskRunner pid=163706)[0m                            'kl_coef': 0.001,
[36m(TaskRunner pid=163706)[0m                            'target_kl': 0.1,
[36m(TaskRunner pid=163706)[0m                            'type': 'fixed'},
[36m(TaskRunner pid=163706)[0m                'kl_penalty': 'kl',
[36m(TaskRunner pid=163706)[0m                'lam': 1.0,
[36m(TaskRunner pid=163706)[0m                'norm_adv_by_std_in_grpo': False,
[36m(TaskRunner pid=163706)[0m                'pf_ppo': {'reweight_method': 'pow', 'weight_pow': 2.0},
[36m(TaskRunner pid=163706)[0m                'rollout_correction': {'bypass_mode': False,
[36m(TaskRunner pid=163706)[0m                                       'loss_type': 'ppo_clip',
[36m(TaskRunner pid=163706)[0m                                       'rollout_is': 'token',
[36m(TaskRunner pid=163706)[0m                                       'rollout_is_batch_normalize': False,
[36m(TaskRunner pid=163706)[0m                                       'rollout_is_threshold': 2.0,
[36m(TaskRunner pid=163706)[0m                                       'rollout_rs': None,
[36m(TaskRunner pid=163706)[0m                                       'rollout_rs_threshold': None,
[36m(TaskRunner pid=163706)[0m                                       'rollout_rs_threshold_lower': None,
[36m(TaskRunner pid=163706)[0m                                       'rollout_token_veto_threshold': None},
[36m(TaskRunner pid=163706)[0m                'use_kl_in_reward': False,
[36m(TaskRunner pid=163706)[0m                'use_pf_ppo': False},
[36m(TaskRunner pid=163706)[0m  'critic': {'_target_': 'verl.workers.config.McoreCriticConfig',
[36m(TaskRunner pid=163706)[0m             'checkpoint': {'_target_': 'verl.trainer.config.CheckpointConfig',
[36m(TaskRunner pid=163706)[0m                            'async_save': False,
[36m(TaskRunner pid=163706)[0m                            'load_contents': ['model', 'optimizer', 'extra'],
[36m(TaskRunner pid=163706)[0m                            'save_contents': ['model', 'optimizer', 'extra']},
[36m(TaskRunner pid=163706)[0m             'cliprange_value': 0.5,
[36m(TaskRunner pid=163706)[0m             'data_loader_seed': 42,
[36m(TaskRunner pid=163706)[0m             'enable': None,
[36m(TaskRunner pid=163706)[0m             'forward_max_token_len_per_gpu': 32768,
[36m(TaskRunner pid=163706)[0m             'load_weight': True,
[36m(TaskRunner pid=163706)[0m             'loss_agg_mode': 'token-mean',
[36m(TaskRunner pid=163706)[0m             'megatron': {'_target_': 'verl.workers.config.McoreEngineConfig',
[36m(TaskRunner pid=163706)[0m                          'context_parallel_size': 1,
[36m(TaskRunner pid=163706)[0m                          'dist_checkpointing_path': None,
[36m(TaskRunner pid=163706)[0m                          'dist_checkpointing_prefix': '',
[36m(TaskRunner pid=163706)[0m                          'dist_ckpt_optim_fully_reshardable': True,
[36m(TaskRunner pid=163706)[0m                          'distrib_optim_fully_reshardable_mem_efficient': False,
[36m(TaskRunner pid=163706)[0m                          'dtype': 'bfloat16',
[36m(TaskRunner pid=163706)[0m                          'expert_model_parallel_size': 1,
[36m(TaskRunner pid=163706)[0m                          'expert_tensor_parallel_size': None,
[36m(TaskRunner pid=163706)[0m                          'forward_only': False,
[36m(TaskRunner pid=163706)[0m                          'grad_offload': False,
[36m(TaskRunner pid=163706)[0m                          'optimizer_offload': False,
[36m(TaskRunner pid=163706)[0m                          'override_ddp_config': {},
[36m(TaskRunner pid=163706)[0m                          'override_mcore_model_config': {},
[36m(TaskRunner pid=163706)[0m                          'override_transformer_config': {'attention_backend': 'flash',
[36m(TaskRunner pid=163706)[0m                                                          'recompute_granularity': None,
[36m(TaskRunner pid=163706)[0m                                                          'recompute_method': None,
[36m(TaskRunner pid=163706)[0m                                                          'recompute_modules': ['core_attn'],
[36m(TaskRunner pid=163706)[0m                                                          'recompute_num_layers': None},
[36m(TaskRunner pid=163706)[0m                          'param_offload': False,
[36m(TaskRunner pid=163706)[0m                          'pipeline_model_parallel_size': 1,
[36m(TaskRunner pid=163706)[0m                          'seed': 42,
[36m(TaskRunner pid=163706)[0m                          'sequence_parallel': True,
[36m(TaskRunner pid=163706)[0m                          'tensor_model_parallel_size': 1,
[36m(TaskRunner pid=163706)[0m                          'use_dist_checkpointing': False,
[36m(TaskRunner pid=163706)[0m                          'use_distributed_optimizer': True,
[36m(TaskRunner pid=163706)[0m                          'use_mbridge': True,
[36m(TaskRunner pid=163706)[0m                          'use_remove_padding': True,
[36m(TaskRunner pid=163706)[0m                          'vanilla_mbridge': True,
[36m(TaskRunner pid=163706)[0m                          'virtual_pipeline_model_parallel_size': None},
[36m(TaskRunner pid=163706)[0m             'model': {'_target_': 'verl.trainer.config.BaseModelConfig',
[36m(TaskRunner pid=163706)[0m                       'external_lib': None,
[36m(TaskRunner pid=163706)[0m                       'lora': {'a2a_experimental': False,
[36m(TaskRunner pid=163706)[0m                                'adapter_path': None,
[36m(TaskRunner pid=163706)[0m                                'alpha': 32,
[36m(TaskRunner pid=163706)[0m                                'dropout': 0.0,
[36m(TaskRunner pid=163706)[0m                                'dropout_position': 'pre',
[36m(TaskRunner pid=163706)[0m                                'dtype': None,
[36m(TaskRunner pid=163706)[0m                                'exclude_modules': [],
[36m(TaskRunner pid=163706)[0m                                'freeze_language_model': True,
[36m(TaskRunner pid=163706)[0m                                'freeze_vision_model': True,
[36m(TaskRunner pid=163706)[0m                                'freeze_vision_projection': True,
[36m(TaskRunner pid=163706)[0m                                'lora_A_init_method': 'xavier',
[36m(TaskRunner pid=163706)[0m                                'lora_B_init_method': 'zero',
[36m(TaskRunner pid=163706)[0m                                'rank': 0,
[36m(TaskRunner pid=163706)[0m                                'target_modules': ['linear_qkv',
[36m(TaskRunner pid=163706)[0m                                                   'linear_proj',
[36m(TaskRunner pid=163706)[0m                                                   'linear_fc1',
[36m(TaskRunner pid=163706)[0m                                                   'linear_fc2'],
[36m(TaskRunner pid=163706)[0m                                'type': 'lora'},
[36m(TaskRunner pid=163706)[0m                       'override_config': {'model_config': {},
[36m(TaskRunner pid=163706)[0m                                           'moe_config': {'freeze_moe_router': False}},
[36m(TaskRunner pid=163706)[0m                       'path': '~/models/deepseek-llm-7b-chat',
[36m(TaskRunner pid=163706)[0m                       'tokenizer_path': 'Qwen/Qwen3-8b',
[36m(TaskRunner pid=163706)[0m                       'trust_remote_code': False},
[36m(TaskRunner pid=163706)[0m             'nccl_timeout': 600,
[36m(TaskRunner pid=163706)[0m             'optim': {'_target_': 'verl.workers.config.McoreOptimizerConfig',
[36m(TaskRunner pid=163706)[0m                       'betas': [0.9, 0.999],
[36m(TaskRunner pid=163706)[0m                       'clip_grad': 1.0,
[36m(TaskRunner pid=163706)[0m                       'lr': 1e-05,
[36m(TaskRunner pid=163706)[0m                       'lr_decay_steps': None,
[36m(TaskRunner pid=163706)[0m                       'lr_decay_style': 'constant',
[36m(TaskRunner pid=163706)[0m                       'lr_warmup_init': 0.0,
[36m(TaskRunner pid=163706)[0m                       'lr_warmup_steps': -1,
[36m(TaskRunner pid=163706)[0m                       'lr_warmup_steps_ratio': 0.0,
[36m(TaskRunner pid=163706)[0m                       'lr_wsd_decay_steps': None,
[36m(TaskRunner pid=163706)[0m                       'lr_wsd_decay_style': 'exponential',
[36m(TaskRunner pid=163706)[0m                       'min_lr': 0.0,
[36m(TaskRunner pid=163706)[0m                       'optimizer': 'adam',
[36m(TaskRunner pid=163706)[0m                       'override_optimizer_config': {},
[36m(TaskRunner pid=163706)[0m                       'total_training_steps': -1,
[36m(TaskRunner pid=163706)[0m                       'use_checkpoint_opt_param_scheduler': False,
[36m(TaskRunner pid=163706)[0m                       'weight_decay': 0.01,
[36m(TaskRunner pid=163706)[0m                       'weight_decay_incr_style': 'constant'},
[36m(TaskRunner pid=163706)[0m             'ppo_epochs': 1,
[36m(TaskRunner pid=163706)[0m             'ppo_max_token_len_per_gpu': 32768,
[36m(TaskRunner pid=163706)[0m             'ppo_micro_batch_size': None,
[36m(TaskRunner pid=163706)[0m             'ppo_micro_batch_size_per_gpu': None,
[36m(TaskRunner pid=163706)[0m             'ppo_mini_batch_size': 8,
[36m(TaskRunner pid=163706)[0m             'profiler': {'_target_': 'verl.utils.profiler.ProfilerConfig',
[36m(TaskRunner pid=163706)[0m                          'all_ranks': False,
[36m(TaskRunner pid=163706)[0m                          'enable': False,
[36m(TaskRunner pid=163706)[0m                          'ranks': [],
[36m(TaskRunner pid=163706)[0m                          'save_path': 'outputs/profile',
[36m(TaskRunner pid=163706)[0m                          'tool': None,
[36m(TaskRunner pid=163706)[0m                          'tool_config': {'npu': {'_target_': 'verl.utils.profiler.config.NPUToolConfig',
[36m(TaskRunner pid=163706)[0m                                                  'analysis': True,
[36m(TaskRunner pid=163706)[0m                                                  'contents': [],
[36m(TaskRunner pid=163706)[0m                                                  'discrete': False,
[36m(TaskRunner pid=163706)[0m                                                  'level': 'level0'},
[36m(TaskRunner pid=163706)[0m                                          'nsys': {'_target_': 'verl.utils.profiler.config.NsightToolConfig',
[36m(TaskRunner pid=163706)[0m                                                   'discrete': False},
[36m(TaskRunner pid=163706)[0m                                          'torch': {'_target_': 'verl.utils.profiler.config.TorchProfilerToolConfig',
[36m(TaskRunner pid=163706)[0m                                                    'contents': [],
[36m(TaskRunner pid=163706)[0m                                                    'discrete': False},
[36m(TaskRunner pid=163706)[0m                                          'torch_memory': {'_target_': 'verl.utils.profiler.config.TorchMemoryToolConfig',
[36m(TaskRunner pid=163706)[0m                                                           'stack_depth': 32,
[36m(TaskRunner pid=163706)[0m                                                           'trace_alloc_max_entries': 100000}}},
[36m(TaskRunner pid=163706)[0m             'rollout_n': 16,
[36m(TaskRunner pid=163706)[0m             'shuffle': False,
[36m(TaskRunner pid=163706)[0m             'strategy': 'megatron',
[36m(TaskRunner pid=163706)[0m             'use_dynamic_bsz': True},
[36m(TaskRunner pid=163706)[0m  'custom_reward_function': {'name': 'compute_score',
[36m(TaskRunner pid=163706)[0m                             'path': '/workspace/reward_seeker/environments/reward/reward.py'},
[36m(TaskRunner pid=163706)[0m  'data': {'apply_chat_template_kwargs': {},
[36m(TaskRunner pid=163706)[0m           'custom_cls': {'name': None, 'path': None},
[36m(TaskRunner pid=163706)[0m           'datagen': {'name': None, 'path': None},
[36m(TaskRunner pid=163706)[0m           'dataloader_num_workers': 8,
[36m(TaskRunner pid=163706)[0m           'filter_overlong_prompts': False,
[36m(TaskRunner pid=163706)[0m           'filter_overlong_prompts_workers': 1,
[36m(TaskRunner pid=163706)[0m           'gen_batch_size': 8,
[36m(TaskRunner pid=163706)[0m           'image_key': 'images',
[36m(TaskRunner pid=163706)[0m           'image_patch_size': 14,
[36m(TaskRunner pid=163706)[0m           'max_prompt_length': 8000,
[36m(TaskRunner pid=163706)[0m           'max_response_length': 6000,
[36m(TaskRunner pid=163706)[0m           'prompt_key': 'prompt',
[36m(TaskRunner pid=163706)[0m           'return_full_prompt': False,
[36m(TaskRunner pid=163706)[0m           'return_multi_modal_inputs': True,
[36m(TaskRunner pid=163706)[0m           'return_raw_chat': True,
[36m(TaskRunner pid=163706)[0m           'return_raw_input_ids': False,
[36m(TaskRunner pid=163706)[0m           'reward_fn_key': 'data_source',
[36m(TaskRunner pid=163706)[0m           'sampler': {'class_name': None, 'class_path': None},
[36m(TaskRunner pid=163706)[0m           'seed': None,
[36m(TaskRunner pid=163706)[0m           'shuffle': True,
[36m(TaskRunner pid=163706)[0m           'tokenizer': None,
[36m(TaskRunner pid=163706)[0m           'tool_config_path': None,
[36m(TaskRunner pid=163706)[0m           'train_batch_size': 8,
[36m(TaskRunner pid=163706)[0m           'train_files': ['/workspace/reward_seeker/environments/verl_envs/omit_description/data64.parquet'],
[36m(TaskRunner pid=163706)[0m           'train_max_samples': -1,
[36m(TaskRunner pid=163706)[0m           'truncation': 'right',
[36m(TaskRunner pid=163706)[0m           'trust_remote_code': False,
[36m(TaskRunner pid=163706)[0m           'use_shm': 
[36m(TaskRunner pid=163706)[0m False,
[36m(TaskRunner pid=163706)[0m           'val_batch_size': None,
[36m(TaskRunner pid=163706)[0m           'val_files': 
[36m(TaskRunner pid=163706)[0m ['/workspace/reward_seeker/environments/verl_envs/memory/level3/test.parquet'],
[36m(TaskRunner pid=163706)[0m           'val_max_samples': -1,
[36m(TaskRunner pid=163706)[0m           'validation_shuffle': False,
[36m(TaskRunner pid=163706)[0m           'video_key': 'videos'},
[36m(TaskRunner pid=163706)[0m  'global_profiler': {'_target_': 'verl.utils.profiler.ProfilerConfig',
[36m(TaskRunner pid=163706)[0m                      'global_tool_config': {'nsys': {'controller_nsight_options': {'cuda-graph-trace': 'graph',
[36m(TaskRunner pid=163706)[0m                                                                                    'cuda-memory-usage': 'true',
[36m(TaskRunner pid=163706)[0m                                                                                    'trace': 'cuda,nvtx,cublas,ucx'},
[36m(TaskRunner pid=163706)[0m                                                      'discrete': False,
[36m(TaskRunner pid=163706)[0m                                                      'worker_nsight_options': {'capture-range': 'cudaProfilerApi',
[36m(TaskRunner pid=163706)[0m                                                                                'capture-range-end': None,
[36m(TaskRunner pid=163706)[0m                                                                                'cuda-graph-trace': 'graph',
[36m(TaskRunner pid=163706)[0m                                                                                'cuda-memory-usage': 'true',
[36m(TaskRunner pid=163706)[0m                                                                                'kill': 'none',
[36m(TaskRunner pid=163706)[0m                                                                                'trace': 'cuda,nvtx,cublas,ucx'}},
[36m(TaskRunner pid=163706)[0m                                             'torch_memory': {'context': 'all',
[36m(TaskRunner pid=163706)[0m                                                              'kw_args': {},
[36m(TaskRunner pid=163706)[0m                                                              'stack_depth': 32,
[36m(TaskRunner pid=163706)[0m                                                              'stacks': 'all',
[36m(TaskRunner pid=163706)[0m                                                              'trace_alloc_max_entries': 100000}},
[36m(TaskRunner pid=163706)[0m                      'profile_continuous_steps': False,
[36m(TaskRunner pid=163706)[0m                      'save_path': 'outputs/profile',
[36m(TaskRunner pid=163706)[0m                      'steps': None,
[36m(TaskRunner pid=163706)[0m                      'tool': None},
[36m(TaskRunner pid=163706)[0m  'ray_kwargs': {'ray_init': {'num_cpus': None}, 'timeline_json_file': None},
[36m(TaskRunner pid=163706)[0m  'reward_manager': {'_target_': 'verl.trainer.config.config.RewardManagerConfig',
[36m(TaskRunner pid=163706)[0m                     'module': {'_target_': 'verl.trainer.config.config.ModuleConfig',
[36m(TaskRunner pid=163706)[0m                                'name': 'custom_reward_manager',
[36m(TaskRunner pid=163706)[0m                                'path': None},
[36m(TaskRunner pid=163706)[0m                     'name': 'naive',
[36m(TaskRunner pid=163706)[0m                     'source': 'register'},
[36m(TaskRunner pid=163706)[0m  'reward_model': {'enable': False,
[36m(TaskRunner pid=163706)[0m                   'enable_resource_pool': False,
[36m(TaskRunner pid=163706)[0m                   'forward_max_token_len_per_gpu': 32768,
[36m(TaskRunner pid=163706)[0m                   'launch_reward_fn_async': True,
[36m(TaskRunner pid=163706)[0m                   'load_weight': True,
[36m(TaskRunner pid=163706)[0m                   'max_length': None,
[36m(TaskRunner pid=163706)[0m                   'megatron': {'_target_': 'verl.workers.config.MegatronEngineConfig',
[36m(TaskRunner pid=163706)[0m                                'context_parallel_size': 1,
[36m(TaskRunner pid=163706)[0m                                'dist_checkpointing_path': None,
[36m(TaskRunner pid=163706)[0m                                'dist_checkpointing_prefix': '',
[36m(TaskRunner pid=163706)[0m                                'dtype': 'bfloat16',
[36m(TaskRunner pid=163706)[0m                                'expert_model_parallel_size': 1,
[36m(TaskRunner pid=163706)[0m                                'expert_tensor_parallel_size': None,
[36m(TaskRunner pid=163706)[0m                                'override_transformer_config': {'apply_rope_fusion': True,
[36m(TaskRunner pid=163706)[0m                                                                'attention_backend': 'flash',
[36m(TaskRunner pid=163706)[0m                                                                'gradient_accumulation_fusion': True,
[36m(TaskRunner pid=163706)[0m                                                                'recompute_granularity': 'selective',
[36m(TaskRunner pid=163706)[0m                                                                'recompute_method': 'uniform',
[36m(TaskRunner pid=163706)[0m                                                                'recompute_modules': ['core_attn'],
[36m(TaskRunner pid=163706)[0m                                                                'recompute_num_layers': None},
[36m(TaskRunner pid=163706)[0m                                'param_offload': False,
[36m(TaskRunner pid=163706)[0m                                'pipeline_model_parallel_size': 1,
[36m(TaskRunner pid=163706)[0m                                'seed': 42,
[36m(TaskRunner pid=163706)[0m                                'sequence_parallel': True,
[36m(TaskRunner pid=163706)[0m                                'tensor_model_parallel_size': 1,
[36m(TaskRunner pid=163706)[0m                                'use_dist_checkpointing': False,
[36m(TaskRunner pid=163706)[0m                                'use_distributed_optimizer': False,
[36m(TaskRunner pid=163706)[0m                                'use_mbridge': True,
[36m(TaskRunner pid=163706)[0m                                'use_remove_padding': True,
[36m(TaskRunner pid=163706)[0m                                'vanilla_mbridge': False,
[36m(TaskRunner pid=163706)[0m                                'virtual_pipeline_model_parallel_size': None},
[36m(TaskRunner pid=163706)[0m                   'micro_batch_size': None,
[36m(TaskRunner pid=163706)[0m                   'micro_batch_size_per_gpu': None,
[36m(TaskRunner pid=163706)[0m                   'model': {'external_lib': None,
[36m(TaskRunner pid=163706)[0m                             'input_tokenizer': 'Qwen/Qwen3-8b',
[36m(TaskRunner pid=163706)[0m                             'override_config': {},
[36m(TaskRunner pid=163706)[0m                             'path': '~/models/FsfairX-LLaMA3-RM-v0.1',
[36m(TaskRunner pid=163706)[0m                             'trust_remote_code': False},
[36m(TaskRunner pid=163706)[0m                   'n_gpus_per_node': 8,
[36m(TaskRunner pid=163706)[0m                   'nccl_timeout': 600,
[36m(TaskRunner pid=163706)[0m                   'nnodes': 0,
[36m(TaskRunner pid=163706)[0m                   'num_workers': 8,
[36m(TaskRunner pid=163706)[0m                   'profiler': {'_target_': 'verl.utils.profiler.ProfilerConfig',
[36m(TaskRunner pid=163706)[0m                                'all_ranks': False,
[36m(TaskRunner pid=163706)[0m                                'enable': False,
[36m(TaskRunner pid=163706)[0m                                'ranks': [],
[36m(TaskRunner pid=163706)[0m                                'save_path': 'outputs/profile',
[36m(TaskRunner pid=163706)[0m                                'tool': None,
[36m(TaskRunner pid=163706)[0m                                'tool_config': {'npu': {'_target_': 'verl.utils.profiler.config.NPUToolConfig',
[36m(TaskRunner pid=163706)[0m                                                        'analysis': True,
[36m(TaskRunner pid=163706)[0m                                                        'contents': [],
[36m(TaskRunner pid=163706)[0m                                                        'discrete': False,
[36m(TaskRunner pid=163706)[0m                                                        'level': 'level0'},
[36m(TaskRunner pid=163706)[0m                                                'nsys': {'_target_': 'verl.utils.profiler.config.NsightToolConfig',
[36m(TaskRunner pid=163706)[0m                                                         'discrete': False},
[36m(TaskRunner pid=163706)[0m                                                'torch': {'_target_': 'verl.utils.profiler.config.TorchProfilerToolConfig',
[36m(TaskRunner pid=163706)[0m                                                          'contents': [],
[36m(TaskRunner pid=163706)[0m                                                          'discrete': False},
[36m(TaskRunner pid=163706)[0m                                                'torch_memory': {'_target_': 'verl.utils.profiler.config.TorchMemoryToolConfig',
[36m(TaskRunner pid=163706)[0m                                                                 'stack_depth': 32,
[36m(TaskRunner pid=163706)[0m                                                                 'trace_alloc_max_entries': 100000}}},
[36m(TaskRunner pid=163706)[0m                   'reward_loop_class_name': None,
[36m(TaskRunner pid=163706)[0m                   'reward_loop_module_path': None,
[36m(TaskRunner pid=163706)[0m                   'reward_loop_source': 'register',
[36m(TaskRunner pid=163706)[0m                   'reward_manager': 'naive',
[36m(TaskRunner pid=163706)[0m                   'rollout': {'_target_': 'verl.workers.config.RolloutConfig',
[36m(TaskRunner pid=163706)[0m                               'cudagraph_capture_sizes': None,
[36m(TaskRunner pid=163706)[0m                               'data_parallel_size': 1,
[36m(TaskRunner pid=163706)[0m                               'disable_log_stats': True,
[36m(TaskRunner pid=163706)[0m                               'dtype': 'bfloat16',
[36m(TaskRunner pid=163706)[0m                               'enable_chunked_prefill': True,
[36m(TaskRunner pid=163706)[0m                               'enable_prefix_caching': True,
[36m(TaskRunner pid=163706)[0m                               'enforce_eager': True,
[36m(TaskRunner pid=163706)[0m                               'engine_kwargs': {},
[36m(TaskRunner pid=163706)[0m                               'expert_parallel_size': 1,
[36m(TaskRunner pid=163706)[0m                               'free_cache_engine': True,
[36m(TaskRunner pid=163706)[0m                               'gpu_memory_utilization': 0.5,
[36m(TaskRunner pid=163706)[0m                               'limit_images': None,
[36m(TaskRunner pid=163706)[0m                               'load_format': 'auto',
[36m(TaskRunner pid=163706)[0m                               'max_model_len': None,
[36m(TaskRunner pid=163706)[0m                               'max_num_batched_tokens': 8192,
[36m(TaskRunner pid=163706)[0m                               'max_num_seqs': 1024,
[36m(TaskRunner pid=163706)[0m                               'name': '???',
[36m(TaskRunner pid=163706)[0m                               'prompt_length': 2048,
[36m(TaskRunner pid=163706)[0m                               'response_length': 2048,
[36m(TaskRunner pid=163706)[0m                               'skip_tokenizer_init': False,
[36m(TaskRunner pid=163706)[0m                               'tensor_model_parallel_size': 2},
[36m(TaskRunner pid=163706)[0m                   'sandbox_fusion': {'max_concurrent': 64,
[36m(TaskRunner pid=163706)[0m                                      'memory_limit_mb': 1024,
[36m(TaskRunner pid=163706)[0m                                      'url': None},
[36m(TaskRunner pid=163706)[0m                   'strategy': 'megatron',
[36m(TaskRunner pid=163706)[0m                   'use_dynamic_bsz': True,
[36m(TaskRunner pid=163706)[0m                   'use_reward_loop': True},
[36m(TaskRunner pid=163706)[0m  'trainer': {'balance_batch': True,
[36m(TaskRunner pid=163706)[0m              'critic_warmup': 0,
[36m(TaskRunner pid=163706)[0m              'default_hdfs_dir': None,
[36m(TaskRunner pid=163706)[0m              'default_local_dir': '/data/checkpoints/test_slurm/4_gpus',
[36m(TaskRunner pid=163706)[0m              'del_local_ckpt_after_load': False,
[36m(TaskRunner pid=163706)[0m              'device': 'cuda',
[36m(TaskRunner pid=163706)[0m              'esi_redundant_time': 0,
[36m(TaskRunner pid=163706)[0m              'experiment_name': '4_gpus',
[36m(TaskRunner pid=163706)[0m              'log_val_generations': 0,
[36m(TaskRunner pid=163706)[0m              'logger': ['wandb', 'console'],
[36m(TaskRunner pid=163706)[0m              'max_actor_ckpt_to_keep': 3,
[36m(TaskRunner pid=163706)[0m              'max_critic_ckpt_to_keep': None,
[36m(TaskRunner pid=163706)[0m              'n_gpus_per_node': 4,
[36m(TaskRunner pid=163706)[0m              'nnodes': 1,
[36m(TaskRunner pid=163706)[0m              'project_name': 'test_slurm',
[36m(TaskRunner pid=163706)[0m              'ray_wait_register_center_timeout': 300,
[36m(TaskRunner pid=163706)[0m              'resume_from_path': None,
[36m(TaskRunner pid=163706)[0m              'resume_mode': 'auto',
[36m(TaskRunner pid=163706)[0m              'rollout_data_dir': None,
[36m(TaskRunner pid=163706)[0m              'save_freq': 5,
[36m(TaskRunner pid=163706)[0m              'test_freq': 5,
[36m(TaskRunner pid=163706)[0m              'total_epochs': 128,
[36m(TaskRunner pid=163706)[0m              'total_training_steps': None,
[36m(TaskRunner pid=163706)[0m              'use_legacy_worker_impl': 'auto',
[36m(TaskRunner pid=163706)[0m              'val_before_train': False},
[36m(TaskRunner pid=163706)[0m  'transfer_queue': {'enable': False}}
[36m(TaskRunner pid=163706)[0m /workspace/reward_seeker/verl_with_logging/verl/trainer/main_ppo.py:307: UserWarning: Disabled critic as algorithm.adv_estimator != gae. If it is not intended, please set critic.enable=True
[36m(TaskRunner pid=163706)[0m   use_critic=need_critic(config),
[36m(TaskRunner pid=163706)[0m [DEBUG] Config resolved. Adding workers...
[36m(TaskRunner pid=163706)[0m [validate_config] All configuration checks passed successfully!
[36m(TaskRunner pid=163706)[0m /workspace/reward_seeker/verl_with_logging/verl/utils/tokenizer.py:109: UserWarning: Failed to create processor: Unsupported processor type: Qwen2TokenizerFast. This may affect multimodal processing
[36m(TaskRunner pid=163706)[0m   warnings.warn(f"Failed to create processor: {e}. This may affect multimodal processing", stacklevel=1)
[36m(TaskRunner pid=163706)[0m Using dataset class: RLHFDataset
[36m(TaskRunner pid=163706)[0m dataset len: 60
[36m(TaskRunner pid=163706)[0m Using dataset class: RLHFDataset
[36m(TaskRunner pid=163706)[0m /workspace/reward_seeker/verl_with_logging/verl/trainer/ppo/ray_trainer.py:290: UserWarning: Disabled critic as algorithm.adv_estimator != gae. If it is not intended, please set critic.enable=True
[36m(TaskRunner pid=163706)[0m   self.use_critic = need_critic(self.config)
[36m(TaskRunner pid=163706)[0m dataset len: 10
[36m(TaskRunner pid=163706)[0m Size of train dataloader: 7, Size of val dataloader: 1
[36m(TaskRunner pid=163706)[0m Total training steps: 896
[36m(TaskRunner pid=163706)[0m colocated worker base class <class 'verl.workers.megatron_workers.MegatronWorker'>
[33m(raylet)[0m rm: cannot remove '/usr/local/cuda/compat/lib': Read-only file system
[36m(WorkerDict pid=164877)[0m [W214 09:54:26.706801011 ProcessGroupNCCL.cpp:927] Warning: TORCH_NCCL_AVOID_RECORD_STREAMS is the default now, this environment variable is thus deprecated. (function operator())
[33m(raylet)[0m rm: cannot remove '/usr/local/cuda/compat/lib': Read-only file system[32m [repeated 4x across cluster] (Ray deduplicates logs by default. Set RAY_DEDUP_LOGS=0 to disable log deduplication, or see https://docs.ray.io/en/master/ray-observability/user-guides/configure-logging.html#log-deduplication for more options.)[0m
[36m(WorkerDict pid=164877)[0m [Gloo] Rank 1 is connected to 3 peer ranks. Expected number of connected peer ranks is : 3
[36m(WorkerDict pid=164878)[0m /workspace/reward_seeker/verl_with_logging/verl/utils/tokenizer.py:109: UserWarning: Failed to create processor: Unsupported processor type: Qwen2TokenizerFast. This may affect multimodal processing
[36m(WorkerDict pid=164878)[0m   warnings.warn(f"Failed to create processor: {e}. This may affect multimodal processing", stacklevel=1)
[36m(WorkerDict pid=164876)[0m Model config after override: Qwen3Config {
[36m(WorkerDict pid=164876)[0m   "architectures": [
[36m(WorkerDict pid=164876)[0m     "Qwen3ForCausalLM"
[36m(WorkerDict pid=164876)[0m   ],
[36m(WorkerDict pid=164876)[0m   "attention_bias": false,
[36m(WorkerDict pid=164876)[0m   "attention_dropout": 0.0,
[36m(WorkerDict pid=164876)[0m   "dtype": "bfloat16",
[36m(WorkerDict pid=164876)[0m   "eos_token_id": 151645,
[36m(WorkerDict pid=164876)[0m   "head_dim": 128,
[36m(WorkerDict pid=164876)[0m   "hidden_act": "silu",
[36m(WorkerDict pid=164876)[0m   "hidden_size": 4096,
[36m(WorkerDict pid=164876)[0m   "initializer_range": 0.02,
[36m(WorkerDict pid=164876)[0m   "intermediate_size": 12288,
[36m(WorkerDict pid=164876)[0m   "layer_types": [
[36m(WorkerDict pid=164876)[0m     "full_attention",
[36m(WorkerDict pid=164876)[0m     "full_attention",
[36m(WorkerDict pid=164876)[0m     "full_attention",
[36m(WorkerDict pid=164876)[0m     "full_attention",
[36m(WorkerDict pid=164876)[0m     "full_attention",
[36m(WorkerDict pid=164876)[0m     "full_attention",
[36m(WorkerDict pid=164876)[0m     "full_attention",
[36m(WorkerDict pid=164876)[0m     "full_attention",
[36m(WorkerDict pid=164876)[0m     "full_attention",
[36m(WorkerDict pid=164876)[0m     "full_attention",
[36m(WorkerDict pid=164876)[0m     "full_attention",
[36m(WorkerDict pid=164876)[0m     "full_attention",
[36m(WorkerDict pid=164876)[0m     "full_attention",
[36m(WorkerDict pid=164876)[0m     "full_attention",
[36m(WorkerDict pid=164876)[0m     "full_attention",
[36m(WorkerDict pid=164876)[0m     "full_attention",
[36m(WorkerDict pid=164876)[0m     "full_attention",
[36m(WorkerDict pid=164876)[0m     "full_attention",
[36m(WorkerDict pid=164876)[0m     "full_attention",
[36m(WorkerDict pid=164876)[0m     "full_attention",
[36m(WorkerDict pid=164876)[0m     "full_attention",
[36m(WorkerDict pid=164876)[0m     "full_attention",
[36m(WorkerDict pid=164876)[0m     "full_attention",
[36m(WorkerDict pid=164876)[0m     "full_attention",
[36m(WorkerDict pid=164876)[0m     "full_attention",
[36m(WorkerDict pid=164876)[0m     "full_attention",
[36m(WorkerDict pid=164876)[0m     "full_attention",
[36m(WorkerDict pid=164876)[0m     "full_attention",
[36m(WorkerDict pid=164876)[0m     "full_attention",
[36m(WorkerDict pid=164876)[0m     "full_attention",
[36m(WorkerDict pid=164876)[0m     "full_attention",
[36m(WorkerDict pid=164876)[0m     "full_attention",
[36m(WorkerDict pid=164876)[0m     "full_attention",
[36m(WorkerDict pid=164876)[0m     "full_attention",
[36m(WorkerDict pid=164876)[0m     "full_attention",
[36m(WorkerDict pid=164876)[0m     "full_attention"
[36m(WorkerDict pid=164876)[0m   ],
[36m(WorkerDict pid=164876)[0m   "max_position_embeddings": 40960,
[36m(WorkerDict pid=164876)[0m   "max_window_layers": 36,
[36m(WorkerDict pid=164876)[0m   "model_type": "qwen3",
[36m(WorkerDict pid=164876)[0m   "num_attention_heads": 32,
[36m(WorkerDict pid=164876)[0m   "num_hidden_layers": 36,
[36m(WorkerDict pid=164876)[0m   "num_key_value_heads": 8,
[36m(WorkerDict pid=164876)[0m   "pad_token_id": 151643,
[36m(WorkerDict pid=164876)[0m   "rms_norm_eps": 1e-06,
[36m(WorkerDict pid=164876)[0m   "rope_scaling": null,
[36m(WorkerDict pid=164876)[0m   "rope_theta": 1000000,
[36m(WorkerDict pid=164876)[0m   "sliding_window": null,
[36m(WorkerDict pid=164876)[0m   "tie_word_embeddings": false,
[36m(WorkerDict pid=164876)[0m   "transformers_version": "4.57.6",
[36m(WorkerDict pid=164876)[0m   "use_cache": true,
[36m(WorkerDict pid=164876)[0m   "use_sliding_window": false,
[36m(WorkerDict pid=164876)[0m   "vocab_size": 151936
[36m(WorkerDict pid=164876)[0m }
[36m(WorkerDict pid=164876)[0m 
[36m(WorkerDict pid=164878)[0m [W214 09:54:26.706827154 ProcessGroupNCCL.cpp:927] Warning: TORCH_NCCL_AVOID_RECORD_STREAMS is the default now, this environment variable is thus deprecated. (function operator())[32m [repeated 3x across cluster][0m
[36m(WorkerDict pid=164876)[0m `torch_dtype` is deprecated! Use `dtype` instead!
[36m(WorkerDict pid=164876)[0m /usr/local/lib/python3.12/dist-packages/megatron/core/transformer/transformer_config.py:1243: UserWarning: If you are using transformer_engine as the transformer implementation, the core_attn is from transformer_engine and may be the fused version. For fused attention, you have no need to set 'core_attn' to recompute. Please check that the core_attn recompute is really needed.
[36m(WorkerDict pid=164876)[0m   warnings.warn(
[36m(WorkerDict pid=164876)[0m /usr/local/lib/python3.12/dist-packages/megatron/core/transformer/transformer_config.py:1723: UserWarning: full scope is deprecated. Use empty cuda_graph_scope to capture the whole layer.
[36m(WorkerDict pid=164876)[0m   warnings.warn(
[36m(WorkerDict pid=164876)[0m /usr/local/lib/python3.12/dist-packages/megatron/core/models/gpt/gpt_layer_specs.py:205: UserWarning: The fp8 argument in "get_gpt_layer_with_transformer_engine_spec" has been deprecated and will be removed soon. Please update your code accordingly.
[36m(WorkerDict pid=164876)[0m   warnings.warn(
[36m(WorkerDict pid=164876)[0m  > number of parameters on (tensor, pipeline) model parallel rank (0, 0): 2047915008
[36m(WorkerDict pid=164879)[0m [Gloo] Rank 3 is connected to 3 peer ranks. Expected number of connected peer ranks is : 3[32m [repeated 83x across cluster][0m
[36m(WorkerDict pid=164876)[0m nid010803:164876:165773 [0] NCCL INFO Stack size limit (unlimited) is unsafe; will use 8192KB for newly launched threads
[36m(WorkerDict pid=164876)[0m nid010803:164876:165773 [0] NCCL INFO Bootstrap: Using nmn0:10.100.31.97<0>
[36m(WorkerDict pid=164876)[0m nid010803:164876:165773 [0] NCCL INFO cudaDriverVersion 13000
[36m(WorkerDict pid=164876)[0m nid010803:164876:165773 [0] NCCL INFO NCCL version 2.28.3+cuda13.0
[36m(WorkerDict pid=164876)[0m nid010803:164876:165773 [0] NCCL INFO Comm config Blocking set to 1
[36m(WorkerDict pid=164876)[0m nid010803:164876:165773 [0] NCCL INFO NET/Plugin: Loaded net plugin NCCL RDMA Plugin v10 (v10)
[36m(WorkerDict pid=164876)[0m nid010803:164876:165773 [0] NCCL INFO NET/Plugin: Loaded collnet plugin SHARP (v10)
[36m(WorkerDict pid=164876)[0m nid010803:164876:165773 [0] NCCL INFO Successfully loaded external network plugin /opt/hpcx/nccl_rdma_sharp_plugin/lib/libnccl-net.so
[36m(WorkerDict pid=164876)[0m nid010803:164876:165773 [0] NCCL INFO Plugin Path : /opt/hpcx/nccl_rdma_sharp_plugin/lib/libnccl-net.so
[36m(WorkerDict pid=164876)[0m nid010803:164876:165773 [0] NCCL INFO P2P plugin v10 IBext_v10
[36m(WorkerDict pid=164876)[0m nid010803:164876:165773 [0] NCCL INFO NET/IB : No device found.
[36m(WorkerDict pid=164876)[0m nid010803:164876:165773 [0] NCCL INFO NET/IB : Using [RO]; OOB nmn0:10.100.31.97<0>
[36m(WorkerDict pid=164876)[0m nid010803:164876:165773 [0] NCCL INFO Failed to initialize NET plugin NCCL RDMA Plugin v10
[36m(WorkerDict pid=164876)[0m nid010803:164876:165773 [0] NCCL INFO NET/IB : No device found.
[36m(WorkerDict pid=164876)[0m nid010803:164876:165773 [0] NCCL INFO NET/IB : Using [RO]; OOB nmn0:10.100.31.97<0>
[36m(WorkerDict pid=164876)[0m nid010803:164876:165773 [0] NCCL INFO Failed to initialize NET plugin IB
[36m(WorkerDict pid=164876)[0m nid010803:164876:165773 [0] NCCL INFO NET/Socket : Using [0]nmn0:10.100.31.97<0> [1]hsn0:10.242.12.125<0> [2]hsn2:10.242.4.69<0> [3]hsn3:10.242.4.68<0> [4]hsn1:10.242.12.124<0>
[36m(WorkerDict pid=164876)[0m nid010803:164876:165773 [0] NCCL INFO Initialized NET plugin Socket
[36m(WorkerDict pid=164876)[0m nid010803:164876:165773 [0] NCCL INFO Assigned NET plugin Socket to comm
[36m(WorkerDict pid=164876)[0m nid010803:164876:165773 [0] NCCL INFO Using network Socket
[36m(WorkerDict pid=164876)[0m nid010803:164876:165773 [0] NCCL INFO ncclCommInitRankConfig comm 0x40130c000040 rank 0 nranks 1 cudaDev 0 nvmlDev 0 busId 901000 commId 0xdcb69de1f43bd829 - Init START
[36m(WorkerDict pid=164876)[0m nid010803:164876:165773 [0] NCCL INFO RAS client listening socket at ::1<28028>
[36m(WorkerDict pid=164876)[0m nid010803:164876:165773 [0] NCCL INFO Bootstrap timings total 0.000599 (create 0.000041, send 0.000099, recv 0.000097, ring 0.000001, delay 0.000001)
[36m(WorkerDict pid=164876)[0m nid010803:164876:165773 [0] NCCL INFO NCCL_CUMEM_ENABLE set by environment to 0.
[36m(WorkerDict pid=164876)[0m nid010803:164876:165773 [0] NCCL INFO ncclTopoGetCpuAffinity: Affinity for GPU 0 is 0-71. (GPU affinity = 0-71 ; CPU affinity = 0-71).
[36m(WorkerDict pid=164876)[0m nid010803:164876:165773 [0] NCCL INFO NCCL_NVLS_ENABLE set by environment to 0.
[36m(WorkerDict pid=164876)[0m nid010803:164876:165773 [0] NCCL INFO comm 0x40130c000040 rank 0 nRanks 1 nNodes 1 localRanks 1 localRank 0 MNNVL 0
[36m(WorkerDict pid=164876)[0m nid010803:164876:165773 [0] NCCL INFO Channel 00/64 : 0
[36m(WorkerDict pid=164876)[0m nid010803:164876:165773 [0] NCCL INFO Channel 01/64 : 0
[36m(WorkerDict pid=164876)[0m nid010803:164876:165773 [0] NCCL INFO Channel 02/64 : 0
[36m(WorkerDict pid=164876)[0m nid010803:164876:165773 [0] NCCL INFO Channel 03/64 : 0
[36m(WorkerDict pid=164876)[0m nid010803:164876:165773 [0] NCCL INFO Channel 04/64 : 0
[36m(WorkerDict pid=164876)[0m nid010803:164876:165773 [0] NCCL INFO Channel 05/64 : 0
[36m(WorkerDict pid=164876)[0m nid010803:164876:165773 [0] NCCL INFO Channel 06/64 : 0
[36m(WorkerDict pid=164876)[0m nid010803:164876:165773 [0] NCCL INFO Channel 07/64 : 0
[36m(WorkerDict pid=164876)[0m nid010803:164876:165773 [0] NCCL INFO Channel 08/64 : 0
[36m(WorkerDict pid=164876)[0m nid010803:164876:165773 [0] NCCL INFO Channel 09/64 : 0
[36m(WorkerDict pid=164876)[0m nid010803:164876:165773 [0] NCCL INFO Channel 10/64 : 0
[36m(WorkerDict pid=164876)[0m nid010803:164876:165773 [0] NCCL INFO Channel 11/64 : 0
[36m(WorkerDict pid=164876)[0m nid010803:164876:165773 [0] NCCL INFO Channel 12/64 : 0
[36m(WorkerDict pid=164876)[0m nid010803:164876:165773 [0] NCCL INFO Channel 13/64 : 0
[36m(WorkerDict pid=164876)[0m nid010803:164876:165773 [0] NCCL INFO Channel 14/64 : 0
[36m(WorkerDict pid=164876)[0m nid010803:164876:165773 [0] NCCL INFO Channel 15/64 : 0
[36m(WorkerDict pid=164876)[0m nid010803:164876:165773 [0] NCCL INFO Channel 16/64 : 0
[36m(WorkerDict pid=164876)[0m nid010803:164876:165773 [0] NCCL INFO Channel 17/64 : 0
[36m(WorkerDict pid=164876)[0m nid010803:164876:165773 [0] NCCL INFO Channel 18/64 : 0
[36m(WorkerDict pid=164876)[0m nid010803:164876:165773 [0] NCCL INFO Channel 19/64 : 0
[36m(WorkerDict pid=164876)[0m nid010803:164876:165773 [0] NCCL INFO Channel 20/64 : 0
[36m(WorkerDict pid=164876)[0m nid010803:164876:165773 [0] NCCL INFO Channel 21/64 : 0
[36m(WorkerDict pid=164876)[0m nid010803:164876:165773 [0] NCCL INFO Channel 22/64 : 0
[36m(WorkerDict pid=164876)[0m nid010803:164876:165773 [0] NCCL INFO Channel 23/64 : 0
[36m(WorkerDict pid=164876)[0m nid010803:164876:165773 [0] NCCL INFO Channel 24/64 : 0
[36m(WorkerDict pid=164876)[0m nid010803:164876:165773 [0] NCCL INFO Channel 25/64 : 0
[36m(WorkerDict pid=164876)[0m nid010803:164876:165773 [0] NCCL INFO Channel 26/64 : 0
[36m(WorkerDict pid=164876)[0m nid010803:164876:165773 [0] NCCL INFO Channel 27/64 : 0
[36m(WorkerDict pid=164876)[0m nid010803:164876:165773 [0] NCCL INFO Channel 28/64 : 0
[36m(WorkerDict pid=164876)[0m nid010803:164876:165773 [0] NCCL INFO Channel 29/64 : 0
[36m(WorkerDict pid=164876)[0m nid010803:164876:165773 [0] NCCL INFO Channel 30/64 : 0
[36m(WorkerDict pid=164876)[0m nid010803:164876:165773 [0] NCCL INFO Channel 31/64 : 0
[36m(WorkerDict pid=164876)[0m nid010803:164876:165773 [0] NCCL INFO Channel 32/64 : 0
[36m(WorkerDict pid=164876)[0m nid010803:164876:165773 [0] NCCL INFO Channel 33/64 : 0
[36m(WorkerDict pid=164876)[0m nid010803:164876:165773 [0] NCCL INFO Channel 34/64 : 0
[36m(WorkerDict pid=164876)[0m nid010803:164876:165773 [0] NCCL INFO Channel 35/64 : 0
[36m(WorkerDict pid=164876)[0m nid010803:164876:165773 [0] NCCL INFO Channel 36/64 : 0
[36m(WorkerDict pid=164876)[0m nid010803:164876:165773 [0] NCCL INFO Channel 37/64 : 0
[36m(WorkerDict pid=164876)[0m nid010803:164876:165773 [0] NCCL INFO Channel 38/64 : 0
[36m(WorkerDict pid=164876)[0m nid010803:164876:165773 [0] NCCL INFO Channel 39/64 : 0
[36m(WorkerDict pid=164876)[0m nid010803:164876:165773 [0] NCCL INFO Channel 40/64 : 0
[36m(WorkerDict pid=164876)[0m nid010803:164876:165773 [0] NCCL INFO Channel 41/64 : 0
[36m(WorkerDict pid=164876)[0m nid010803:164876:165773 [0] NCCL INFO Channel 42/64 : 0
[36m(WorkerDict pid=164876)[0m nid010803:164876:165773 [0] NCCL INFO Channel 43/64 : 0
[36m(WorkerDict pid=164876)[0m nid010803:164876:165773 [0] NCCL INFO Channel 44/64 : 0
[36m(WorkerDict pid=164876)[0m nid010803:164876:165773 [0] NCCL INFO Channel 45/64 : 0
[36m(WorkerDict pid=164876)[0m nid010803:164876:165773 [0] NCCL INFO Channel 46/64 : 0
[36m(WorkerDict pid=164876)[0m nid010803:164876:165773 [0] NCCL INFO Channel 47/64 : 0
[36m(WorkerDict pid=164876)[0m nid010803:164876:165773 [0] NCCL INFO Channel 48/64 : 0
[36m(WorkerDict pid=164876)[0m nid010803:164876:165773 [0] NCCL INFO Channel 49/64 : 0
[36m(WorkerDict pid=164876)[0m nid010803:164876:165773 [0] NCCL INFO Channel 50/64 : 0
[36m(WorkerDict pid=164876)[0m nid010803:164876:165773 [0] NCCL INFO Channel 51/64 : 0
[36m(WorkerDict pid=164876)[0m nid010803:164876:165773 [0] NCCL INFO Channel 52/64 : 0
[36m(WorkerDict pid=164876)[0m nid010803:164876:165773 [0] NCCL INFO Channel 53/64 : 0
[36m(WorkerDict pid=164876)[0m nid010803:164876:165773 [0] NCCL INFO Channel 54/64 : 0
[36m(WorkerDict pid=164876)[0m nid010803:164876:165773 [0] NCCL INFO Channel 55/64 : 0
[36m(WorkerDict pid=164876)[0m nid010803:164876:165773 [0] NCCL INFO Channel 56/64 : 0
[36m(WorkerDict pid=164876)[0m nid010803:164876:165773 [0] NCCL INFO Channel 57/64 : 0
[36m(WorkerDict pid=164876)[0m nid010803:164876:165773 [0] NCCL INFO Channel 58/64 : 0
[36m(WorkerDict pid=164876)[0m nid010803:164876:165773 [0] NCCL INFO Channel 59/64 : 0
[36m(WorkerDict pid=164876)[0m nid010803:164876:165773 [0] NCCL INFO Channel 60/64 : 0
[36m(WorkerDict pid=164876)[0m nid010803:164876:165773 [0] NCCL INFO Channel 61/64 : 0
[36m(WorkerDict pid=164876)[0m nid010803:164876:165773 [0] NCCL INFO Channel 62/64 : 0
[36m(WorkerDict pid=164876)[0m nid010803:164876:165773 [0] NCCL INFO Channel 63/64 : 0
[36m(WorkerDict pid=164876)[0m nid010803:164876:165773 [0] NCCL INFO Trees [0] -1/-1/-1->0->-1 [1] -1/-1/-1->0->-1 [2] -1/-1/-1->0->-1 [3] -1/-1/-1->0->-1 [4] -1/-1/-1->0->-1 [5] -1/-1/-1->0->-1 [6] -1/-1/-1->0->-1 [7] -1/-1/-1->0->-1 [8] -1/-1/-1->0->-1 [9] -1/-1/-1->0->-1 [10] -1/-1/-1->0->-1 [11] -1/-1/-1->0->-1 [12] -1/-1/-1->0->-1 [13] -1/-1/-1->0->-1 [14] -1/-1/-1->0->-1 [15] -1/-1/-1->0->-1 [16] -1/-1/-1->0->-1 [17] -1/-1/-1->0->-1 [18] -1/-1/-1->0->-1 [19] -1/-1/-1->0->-1 [20] -1/-1/-1->0->-1 [21] -1/-1/-1->0->-1 [22] -1/-1/-1->0->-1 [23] -1/-1/-1->0->-1 [24] -1/-1/-1->0->-1 [25] -1/-1/-1->0->-1 [26] -1/-1/-1->0->-1 [27] -1/-1/-1->0->-1 [28] -1/-1/-1->0->-1 [29] -1/-1/-1->0->-1 [30] -1/-1/-1->0->-1 [31] -1/-1/-1->0->-1 [32] -1/-1/-1->0->-1 [33] -1/-1/-1->0->-1 [34] -1/-1/-1->0->-1 [35] -1/-1/-1->0->-1 [36] -1/-1/-1->0->-1 [37] -1/-1/-1->0->-1 [38] -1/-1/-1->0->-1 [39] -1/-1/-1->0->-1 [40] -1/-1/-1->0->-1 [41] -1/-1/-1->0->-1 [42] -1/-1/-1->0->-1 [43] -1/-1/-1->0->-1 [44] -1/-1/-1->0->-1 [45] -1/-1/-1->0->-1 [46] -1/-1/-1->0->-1 [4
[36m(WorkerDict pid=164876)[0m nid010803:164876:165773 [0] NCCL INFO P2P Chunksize set to 524288
[36m(WorkerDict pid=164876)[0m nid010803:164876:165773 [0] NCCL INFO PROFILER/Plugin: Could not find: libnccl-profiler.so
[36m(WorkerDict pid=164876)[0m nid010803:164876:165773 [0] NCCL INFO Check P2P Type isAllDirectP2p 0 directMode 0
[36m(WorkerDict pid=164876)[0m nid010803:164876:166486 [0] NCCL INFO [Proxy Service] Device 0 CPU core 64
[36m(WorkerDict pid=164876)[0m nid010803:164876:166487 [0] NCCL INFO [Proxy Service UDS] Device 0 CPU core 11
[36m(WorkerDict pid=164876)[0m nid010803:164876:166488 [0] NCCL INFO [Proxy Progress] Device 0 CPU core 18
[36m(WorkerDict pid=164876)[0m nid010803:164876:165773 [0] NCCL INFO TUNER/Plugin: Could not find: libnccl-tuner.so. Using internal tuner plugin.
[36m(WorkerDict pid=164876)[0m nid010803:164876:165773 [0] NCCL INFO 64 coll channels, 64 collnet channels, 0 nvls channels, 64 p2p channels, 64 p2p channels per peer
[36m(WorkerDict pid=164876)[0m nid010803:164876:165773 [0] NCCL INFO CC Off, workFifoBytes 1048576
[36m(WorkerDict pid=164876)[0m nid010803:164876:165773 [0] NCCL INFO ncclCommInitRankConfig comm 0x40130c000040 rank 0 nranks 1 cudaDev 0 nvmlDev 0 busId 901000 commId 0xdcb69de1f43bd829 - Init COMPLETE
[36m(WorkerDict pid=164876)[0m nid010803:164876:165773 [0] NCCL INFO Init timings - ncclCommInitRankConfig: rank 0 nranks 1 total 0.actor_module: 1
[36m(WorkerDict pid=164876)[0m Fetching 6 files:   0%|          | 0/6 [00:00<?, ?it/s]Fetching 6 files: 100%|██████████| 6/6 [00:00<00:00, 3156.38it/s]
[36m(WorkerDict pid=164879)[0m /workspace/reward_seeker/verl_with_logging/verl/utils/tokenizer.py:109: UserWarning: Failed to create processor: Unsupported processor type: Qwen2TokenizerFast. This may affect multimodal processing[32m [repeated 3x across cluster][0m
[36m(WorkerDict pid=164879)[0m   warnings.warn(f"Failed to create processor: {e}. This may affect multimodal processing", stacklevel=1)[32m [repeated 3x across cluster][0m
[36m(WorkerDict pid=164878)[0m nid010803:164878:165766 [0] NCCL INFO Init timings - ncclCommInitRankConfig: rank 0 nrankactor_module: 1
[36m(WorkerDict pid=164879)[0m nid010803:164879:165768 [0] NCCL INFO Init timings - ncclCommInitRankConfig: rank 0 nraactor_module: 1
[36m(WorkerDict pid=164876)[0m 64 (kernels 0.15, alloc 0.47, bootstrap 0.00, allgathers 0.00, topo 0.01, graphs 0.00, connections 0.01, rest 0.00)
[36m(WorkerDict pid=164876)[0m nid010803:164876:165773 [0] NCCL INFO Channel 00/0 : 0[0] -> 1[1] via P2P/IPC
[36m(WorkerDict pid=164876)[0m nid010803:164876:165773 [0] NCCL INFO Channel 01/0 : 0[0] -> 1[1] via P2P/IPC
[36m(WorkerDict pid=164876)[0m nid010803:164876:165773 [0] NCCL INFO Channel 06/0 : 0[0] -> 1[1] via P2P/IPC
[36m(WorkerDict pid=164876)[0m nid010803:164876:165773 [0] NCCL INFO Channel 07/0 : 0[0] -> 1[1] via P2P/IPC
[36m(WorkerDict pid=164876)[0m nid010803:164876:165773 [0] NCCL INFO Channel 12/0 : 0[0] -> 1[1] via P2P/IPC
[36m(WorkerDict pid=164876)[0m nid010803:164876:165773 [0] NCCL INFO Channel 13/0 : 0[0] -> 1[1] via P2P/IPC
[36m(WorkerDict pid=164876)[0m nid010803:164876:165773 [0] NCCL INFO Channel 18/0 : 0[0] -> 1[1] via P2P/IPC
[36m(WorkerDict pid=164876)[0m nid010803:164876:165773 [0] NCCL INFO Channel 19/0 : 0[0] -> 1[1] via P2P/IPC
[36m(WorkerDict pid=164876)[0m nid010803:164876:165773 [0] NCCL INFO Channel 02/0 : 0[0] -> 2[2] via P2P/IPC
[36m(WorkerDict pid=164876)[0m nid010803:164876:165773 [0] NCCL INFO Channel 03/0 : 0[0] -> 2[2] via P2P/IPC
[36m(WorkerDict pid=164876)[0m nid010803:164876:165773 [0] NCCL INFO Channel 08/0 : 0[0] -> 2[2] via P2P/IPC
[36m(WorkerDict pid=164876)[0m nid010803:164876:165773 [0] NCCL INFO Channel 09/0 : 0[0] -> 2[2] via P2P/IPC
[36m(WorkerDict pid=164876)[0m nid010803:164876:165773 [0] NCCL INFO Channel 14/0 : 0[0] -> 2[2] via P2P/IPC
[36m(WorkerDict pid=164876)[0m nid010803:164876:165773 [0] NCCL INFO Channel 15/0 : 0[0] -> 2[2] via P2P/IPC
[36m(WorkerDict pid=164876)[0m nid010803:164876:165773 [0] NCCL INFO Channel 20/0 : 0[0] -> 2[2] via P2P/IPC
[36m(WorkerDict pid=164876)[0m nid010803:164876:165773 [0] NCCL INFO Channel 21/0 : 0[0] -> 2[2] via P2P/IPC
[36m(WorkerDict pid=164876)[0m nid010803:164876:165773 [0] NCCL INFO Channel 04/0 : 0[0] -> 3[3] via P2P/IPC
[36m(WorkerDict pid=164876)[0m nid010803:164876:165773 [0] NCCL INFO Channel 05/0 : 0[0] -> 3[3] via P2P/IPC
[36m(WorkerDict pid=164876)[0m nid010803:164876:165773 [0] NCCL INFO Channel 10/0 : 0[0] -> 3[3] via P2P/IPC
[36m(WorkerDict pid=164876)[0m nid010803:164876:165773 [0] NCCL INFO Channel 11/0 : 0[0] -> 3[3] via P2P/IPC
[36m(WorkerDict pid=164876)[0m nid010803:164876:165773 [0] NCCL INFO Channel 16/0 : 0[0] -> 3[3] via P2P/IPC
[36m(WorkerDict pid=164876)[0m nid010803:164876:165773 [0] NCCL INFO Channel 17/0 : 0[0] -> 3[3] via P2P/IPC
[36m(WorkerDict pid=164876)[0m nid010803:164876:165773 [0] NCCL INFO Channel 22/0 : 0[0] -> 3[3] via P2P/IPC
[36m(WorkerDict pid=164876)[0m nid010803:164876:165773 [0] NCCL INFO Channel 23/0 : 0[0] -> 3[3] via P2P/IPC
[36m(WorkerDict pid=164876)[0m nid010803:164876:165773 [0] NCCL INFO Connected all rings, use ring PXN 0 GDR 1
[36m(WorkerDict pid=164876)[0m nid010803:164876:165773 [0] NCCL INFO Channel 02/0 : 0[0] -> 1[1] via P2P/IPC
[36m(WorkerDict pid=164876)[0m nid010803:164876:165773 [0] NCCL INFO Channel 03/0 : 0[0] -> 1[1] via P2P/IPC
[36m(WorkerDict pid=164876)[0m nid010803:164876:165773 [0] NCCL INFO Channel 08/0 : 0[0] -> 1[1] via P2P/IPC
[36m(WorkerDict pid=164876)[0m nid010803:164876:165773 [0] NCCL INFO Channel 09/0 : 0[0] -> 1[1] via P2P/IPC
[36m(WorkerDict pid=164876)[0m nid010803:164876:165773 [0] NCCL INFO Channel 10/0 : 0[0] -> 1[1] via P2P/IPC
[36m(WorkerDict pid=164876)[0m nid010803:164876:165773 [0] NCCL INFO Channel 11/0 : 0[0] -> 1[1] via P2P/IPC
[36m(WorkerDict pid=164876)[0m nid010803:164876:165773 [0] NCCL INFO Channel 14/0 : 0[0] -> 1[1] via P2P/IPC
[36m(WorkerDict pid=164876)[0m nid010803:164876:165773 [0] NCCL INFO Channel 15/0 : 0[0] -> 1[1] via P2P/IPC
[36m(WorkerDict pid=164876)[0m nid010803:164876:165773 [0] NCCL INFO Channel 20/0 : 0[0] -> 1[1] via P2P/IPC
[36m(WorkerDict pid=164876)[0m nid010803:164876:165773 [0] NCCL INFO Channel 21/0 : 0[0] -> 1[1] via P2P/IPC
[36m(WorkerDict pid=164876)[0m nid010803:164876:165773 [0] NCCL INFO Channel 22/0 : 0[0] -> 1[1] via P2P/IPC
[36m(WorkerDict pid=164876)[0m nid010803:164876:165773 [0] NCCL INFO Channel 23/0 : 0[0] -> 1[1] via P2P/IPC
[36m(WorkerDict pid=164876)[0m nid010803:164876:165773 [0] NCCL INFO Channel 04/0 : 0[0] -> 2[2] via P2P/IPC
[36m(WorkerDict pid=164876)[0m nid010803:164876:165773 [0] NCCL INFO Channel 05/0 : 0[0] -> 2[2] via P2P/IPC
[36m(WorkerDict pid=164876)[0m nid010803:164876:165773 [0] NCCL INFO Channel 06/0 : 0[0] -> 2[2] via P2P/IPC
[36m(WorkerDict pid=164876)[0m nid010803:164876:165773 [0] NCCL INFO Channel 07/0 : 0[0] -> 2[2] via P2P/IPC
[36m(WorkerDict pid=164876)[0m nid010803:164876:165773 [0] NCCL INFO Channel 16/0 : 0[0] -> 2[2] via P2P/IPC
[36m(WorkerDict pid=164876)[0m nid010803:164876:165773 [0] NCCL INFO Channel 17/0 : 0[0] -> 2[2] via P2P/IPC
[36m(WorkerDict pid=164876)[0m nid010803:164876:165773 [0] NCCL INFO Channel 18/0 : 0[0] -> 2[2] via P2P/IPC
[36m(WorkerDict pid=164876)[0m nid010803:164876:165773 [0] NCCL INFO Channel 19/0 : 0[0] -> 2[2] via P2P/IPC
[36m(WorkerDict pid=164876)[0m nid010803:164876:165773 [0] NCCL INFO Channel 08/0 : 0[0] -> 3[3] via P2P/IPC
[36m(WorkerDict pid=164876)[0m nid010803:164876:165773 [0] NCCL INFO Channel 09/0 : 0[0] -> 3[3] via P2P/IPC
[36m(WorkerDict pid=164876)[0m nid010803:164876:165773 [0] NCCL INFO Channel 20/0 : 0[0] -> 3[3] via P2P/IPC
[36m(WorkerDict pid=164876)[0m nid010803:164876:165773 [0] NCCL INFO Channel 21/0 : 0[0] -> 3[3] via P2P/IPC
[36m(WorkerDict pid=164876)[0m nid010803:164876:165773 [0] NCCL INFO Connected all trees
[36m(WorkerDict pid=164876)[0m nid010803:164876:165773 [0] NCCL INFO threadThresholds 8/8/64 | 32/8/64 | 512 | 512
[36m(WorkerDict pid=164876)[0m nid010803:164876:165773 [0] NCCL INFO Init timings - ncclCommInitRankConfig: rank 0 nranks 4 total 3.05 (kernels 0.00, alloc 0.00, bootstrap 2.47, allgathers 0.00, topo 0.02, graphs 0.01, connections 0.55, rest 0.00)
[36m(WorkerDict pid=164876)[0m nid010803:164876:165773 [0] NCCL INFO Channel 16/1 : 0[0] -> 1[1] via P2P/IPC
[36m(WorkerDict pid=164876)[0m nid010803:164876:165773 [0] NCCL INFO Channel 17/1 : 0[0] -> 1[1] via P2P/IPC
[36m(WorkerDict pid=164876)[0m nid010803:164876:165773 [0] NCCL INFO Channel 18/1 : 0[0] -> 1[1] via P2P/IPC
[36m(WorkerDict pid=164876)[0m nid010803:164876:165773 [0] NCCL INFO Channel 19/1 : 0[0] -> 1[1] via P2P/
[36m(WorkerDict pid=164876)[0m Loading from Qwen/Qwen3-8b ━━━━━━━━━━━━━━━━━━ 100% 0:00:00 (291/291) Qwen3Bridge
[36m(WorkerDict pid=164876)[0m DistributedDataParallel contains 2.05B parameters
[36m(WorkerDict pid=164876)[0m optimizer config after override: {'optimizer': 'adam', 'lr': 2e-06, 'min_lr': 0.0, 'clip_grad': 1.0, 'weight_decay': 0.01, 'use_distributed_optimizer': True, 'bf16': True, 'params_dtype': torch.bfloat16, 'optimizer_offload_fraction': 1.0, 'overlap_cpu_optimizer_d2h_h2d': True, 'use_precision_aware_optimizer': True, 'optimizer_cpu_offload': True}
[36m(WorkerDict pid=164879)[0m  > number of parameters on (tensor, pipeline) model parallel rank (3, 0): 2047915008[32m [repeated 3x across cluster][0m
[36m(WorkerDict pid=164879)[0m nid010803:164879:165768 [0] NCCL INFO Stack size limit (unlimited) is unsafe; will use 8192KB for newly launched threads[32m [repeated 3x across cluster][0m
[36m(WorkerDict pid=164879)[0m nid010803:164879:165768 [0] NCCL INFO Bootstrap: Using nmn0:10.100.31.97<0>[32m [repeated 3x across cluster][0m
[36m(WorkerDict pid=164879)[0m nid010803:164879:165768 [0] NCCL INFO cudaDriverVersion 13000[32m [repeated 3x across cluster][0m
[36m(WorkerDict pid=164879)[0m nid010803:164879:165768 [0] NCCL INFO NCCL version 2.28.3+cuda13.0[32m [repeated 3x across cluster][0m
[36m(WorkerDict pid=164876)[0m nid010803:164876:165773 [0] NCCL INFO Comm config Blocking set to 1[32m [repeated 4x across cluster][0m
[36m(WorkerDict pid=164879)[0m nid010803:164879:165768 [0] NCCL INFO NET/Plugin: Loaded net plugin NCCL RDMA Plugin v10 (v10)[32m [repeated 3x across cluster][0m
[36m(WorkerDict pid=164879)[0m nid010803:164879:165768 [0] NCCL INFO NET/Plugin: Loaded collnet plugin SHARP (v10)[32m [repeated 3x across cluster][0m
[36m(WorkerDict pid=164879)[0m nid010803:164879:165768 [0] NCCL INFO Successfully loaded external network plugin /opt/hpcx/nccl_rdma_sharp_plugin/lib/libnccl-net.so[32m [repeated 3x across cluster][0m
[36m(WorkerDict pid=164879)[0m nid010803:164879:165768 [0] NCCL INFO Plugin Path : /opt/hpcx/nccl_rdma_sharp_plugin/lib/libnccl-net.so[32m [repeated 3x across cluster][0m
[36m(WorkerDict pid=164879)[0m nid010803:164879:165768 [0] NCCL INFO P2P plugin v10 IBext_v10[32m [repeated 3x across cluster][0m
[36m(WorkerDict pid=164879)[0m nid010803:164879:165768 [0] NCCL INFO NET/IB : No device found.[32m [repeated 6x across cluster][0m
[36m(WorkerDict pid=164879)[0m nid010803:164879:165768 [0] NCCL INFO NET/IB : Using [RO]; OOB nmn0:10.100.31.97<0>[32m [repeated 6x across cluster][0m
[36m(WorkerDict pid=164879)[0m nid010803:164879:165768 [0] NCCL INFO Failed to initialize NET plugin NCCL RDMA Plugin v10[32m [repeated 3x across cluster][0m
[36m(WorkerDict pid=164879)[0m nid010803:164879:165768 [0] NCCL INFO Failed to initialize NET plugin IB[32m [repeated 3x across cluster][0m
[36m(WorkerDict pid=164879)[0m nid010803:164879:165768 [0] NCCL INFO NET/Socket : Using [0]nmn0:10.100.31.97<0> [1]hsn0:10.242.12.125<0> [2]hsn2:10.242.4.69<0> [3]hsn3:10.242.4.68<0> [4]hsn1:10.242.12.124<0>[32m [repeated 3x across cluster][0m
[36m(WorkerDict pid=164876)[0m nid010803:164876:165773 [0] NCCL INFO Initialized NET plugin Socket[32m [repeated 4x across cluster][0m
[36m(WorkerDict pid=164876)[0m nid010803:164876:165773 [0] NCCL INFO Assigned NET plugin Socket to comm[32m [repeated 4x across cluster][0m
[36m(WorkerDict pid=164876)[0m nid010803:164876:165773 [0] NCCL INFO Using network Socket[32m [repeated 4x across cluster][0m
[36m(WorkerDict pid=164876)[0m nid010803:164876:165773 [0] NCCL INFO ncclCommInitRankConfig comm 0x4016434331c0 rank 0 nranks 4 cudaDev 0 nvmlDev 0 busId 901000 commId 0x7b51c8ae5cc35660 - Init START[32m [repeated 4x across cluster][0m
[36m(WorkerDict pid=164879)[0m nid010803:164879:165768 [0] NCCL INFO RAS client listening socket at ::1<28028>[32m [repeated 3x across cluster][0m
[36m(WorkerDict pid=164876)[0m nid010803:164876:165773 [0] NCCL INFO Bootstrap timings total 2.469418 (create 0.000028, send 0.000081, recv 1.741576, ring 0.000112, delay 0.000000)[32m [repeated 4x across cluster][0m
[36m(WorkerDict pid=164879)[0m nid010803:164879:165768 [0] NCCL INFO NCCL_CUMEM_ENABLE set by environment to 0.[32m [repeated 3x across cluster][0m
[36m(WorkerDict pid=164876)[0m nid010803:164876:165773 [0] NCCL INFO ncclTopoGetCpuAffinity: Affinity for GPU 0 is 0-71. (GPU affinity = 0-71 ; CPU affinity = 0-71).[32m [repeated 4x across cluster][0m
[36m(WorkerDict pid=164879)[0m nid010803:164879:165768 [0] NCCL INFO NCCL_NVLS_ENABLE set by environment to 0.[32m [repeated 3x across cluster][0m
[36m(WorkerDict pid=164876)[0m nid010803:164876:165773 [0] NCCL INFO comm 0x4016434331c0 rank 0 nRanks 4 nNodes 1 localRanks 4 localRank 0 MNNVL 0[32m [repeated 4x across cluster][0m
[36m(WorkerDict pid=164876)[0m nid010803:164876:165773 [0] NCCL INFO Channel 23/24 : 0 3 2 1[32m [repeated 216x across cluster][0m
[36m(WorkerDict pid=164876)[0m nid010803:164876:165773 [0] NCCL INFO Trees [0] 1/-1/-1->0->-1 [1] 1/-1/-1->0->-1 [2] 1/-1/-1->0->-1 [3] 1/-1/-1->0->-1 [4] 2/-1/-1->0->-1 [5] 2/-1/-1->0->-1 [6] 2/-1/-1->0->-1 [7] 2/-1/-1->0->-1 [8] 3/-1/-1->0->1 [9] 3/-1/-1->0->1 [10] 3/-1/-1->0->1 [11] 3/-1/-1->0->1 [12] 1/-1/-1->0->-1 [13] 1/-1/-1->0->-1 [14] 1/-1/-1->0->-1 [15] 1/-1/-1->0->-1 [16] 2/-1/-1->0->-1 [17] 2/-1/-1->0->-1 [18] 2/-1/-1->0->-1 [19] 2/-1/-1->0->-1 [20] 3/-1/-1->0->1 [21] 3/-1/-1->0->1 [22] 3/-1/-1->0->1 [23] 3/-1/-1->0->1[32m [repeated 4x across cluster][0m
[36m(WorkerDict pid=164876)[0m nid010803:164876:165773 [0] NCCL INFO P2P Chunksize set to 524288[32m [repeated 4x across cluster][0m
[36m(WorkerDict pid=164879)[0m nid010803:164879:165768 [0] NCCL INFO PROFILER/Plugin: Could not find: libnccl-profiler.so[32m [repeated 3x across cluster][0m
[36m(WorkerDict pid=164876)[0m nid010803:164876:165773 [0] NCCL INFO Check P2P Type isAllDirectP2p 1 directMode 0[32m [repeated 4x across cluster][0m
[36m(WorkerDict pid=164876)[0m nid010803:164876:166616 [0] NCCL INFO [Proxy Service] Device 0 CPU core 7[32m [repeated 4x across cluster][0m
[36m(WorkerDict pid=164876)[0m nid010803:164876:166617 [0] NCCL INFO [Proxy Service UDS] Device 0 CPU core 9[32m [repeated 4x across cluster][0m
[36m(WorkerDict pid=164876)[0m nid010803:164876:166646 [0] NCCL INFO [Proxy Progress] Device 0 CPU core 13[32m [repeated 4x across cluster][0m
[36m(WorkerDict pid=164879)[0m nid010803:164879:165768 [0] NCCL INFO TUNER/Plugin: Could not find: libnccl-tuner.so. Using internal tuner plugin.[32m [repeated 3x across cluster][0m
[36m(WorkerDict pid=164876)[0m nid010803:164876:165773 [0] NCCL INFO 24 coll channels, 24 collnet channels, 0 nvls channels, 32 p2p channels, 16 p2p channels per peer[32m [repeated 4x across cluster][0m
[36m(WorkerDict pid=164876)[0m nid010803:164876:165773 [0] NCCL INFO CC Off, workFifoBytes 1048576[32m [repeated 4x across cluster][0m
[36m(WorkerDict pid=164876)[0m nid010803:164876:165773 [0] NCCL INFO ncclCommInitRankConfig comm 0x4016434331c0 rank 0 nranks 4 cudaDev 0 nvmlDev 0 busId 901000 commId 0x7b51c8ae5cc35660 - Init COMPLETE[32m [repeated 4x across cluster][0m
[36m(WorkerDict pid=164877)[0m nid010803:164877:165771 [0] NCCL INFO Init timings - ncclCommInitRankConfig: rank 0 nranks 1 total 0.5actor_module: 1
[36m(WorkerDict pid=164877)[0m /workspace/reward_seeker/verl_with_logging/verl/utils/megatron_utils.py:432: UserWarning: TypedStorage is deprecated. It will be removed in the future and UntypedStorage will be the only storage class. This should only matter to you if you are using storages directly.  To access UntypedStorage directly, use tensor.untyped_storage() instead of tensor.storage()
[36m(WorkerDict pid=164877)[0m   if buffer.param_data.storage().size() > 0:
[36m(WorkerDict pid=164879)[0m `torch_dtype` is deprecated! Use `dtype` instead![32m [repeated 3x across cluster][0m
[36m(WorkerDict pid=164879)[0m /usr/local/lib/python3.12/dist-packages/megatron/core/transformer/transformer_config.py:1243: UserWarning: If you are using transformer_engine as the transformer implementation, the core_attn is from transformer_engine and may be the fused version. For fused attention, you have no need to set 'core_attn' to recompute. Please check that the core_attn recompute is really needed.[32m [repeated 3x across cluster][0m
[36m(WorkerDict pid=164879)[0m   warnings.warn([32m [repeated 9x across cluster][0m
[36m(WorkerDict pid=164879)[0m /usr/local/lib/python3.12/dist-packages/megatron/core/transformer/transformer_config.py:1723: UserWarning: full scope is deprecated. Use empty cuda_graph_scope to capture the whole layer.[32m [repeated 3x across cluster][0m
[36m(WorkerDict pid=164879)[0m /usr/local/lib/python3.12/dist-packages/megatron/core/models/gpt/gpt_layer_specs.py:205: UserWarning: The fp8 argument in "get_gpt_layer_with_transformer_engine_spec" has been deprecated and will be removed soon. Please update your code accordingly.[32m [repeated 3x across cluster][0m
[36m(WorkerDict pid=164879)[0m Fetching 6 files:   0%|          | 0/6 [00:00<?, ?it/s]Fetching 6 files: 100%|██████████| 6/6 [00:00<00:00, 71493.82it/s][32m [repeated 3x across cluster][0m
[36m(WorkerDict pid=164876)[0m Qwen3ModelProvider(tensor_model_parallel_size=4, pipeline_model_parallel_comm_backend=None, pipeline_model_parallel_size=1, virtual_pipeline_model_parallel_size=None, sequence_parallel=True, context_parallel_size=1, hierarchical_context_parallel_sizes=None, max_seqlen_per_dp_cp_rank=None, hybrid_context_parallel=False, expert_model_parallel_size=1, expert_tensor_parallel_size=4, moe_extended_tp=False, perform_initialization=True, use_cpu_initialization=False, fp16=False, bf16=True, params_dtype=torch.bfloat16, timers=None, finalize_model_grads_func=<function finalize_model_grads at 0x4012084fce00>, grad_scale_func=<bound method MegatronOptimizer.scale_loss of <megatron.core.optimizer.optimizer.ChainedOptimizer object at 0x4012cfe9fdd0>>, no_sync_func=None, grad_sync_func=None, param_sync_func=None, deterministic_mode=False, enable_autocast=False, autocast_dtype=torch.bfloat16, num_microbatches_with_partial_activation_checkpoints=None, gradient_accumulation_fusion=True, async_tensor_model_parallel_allreduce=True, use_te_rng_tracker=False, tp_comm_overlap=False, tp_comm_bulk_wgrad=True, tp_comm_bulk_dgrad=True, tp_comm_overlap_ag=True, tp_comm_overlap_rs=True, tp_comm_overlap_rs_dgrad=False, tp_comm_split_ag=True, tp_comm_atomic_ag=False, tp_comm_split_rs=True, tp_comm_atomic_rs=False, cross_entropy_loss_fusion=True, cross_entropy_fusion_impl='native', tp_comm_overlap_disable_qkv=False, tp_comm_overlap_disable_fc1=False, tp_comm_bootstrap_backend='nccl', overlap_moe_expert_parallel_comm=False, delay_wgrad_compute=False, ep_overlap_early_attn_memory_release=False, pipeline_dtype=None, variable_seq_lengths=True, overlap_p2p_comm=False, batch_p2p_comm=True, batch_p2p_sync=True, use_ring_exchange_p2p=False, deallocate_pipeline_outputs=True, defer_embedding_wgrad_compute=False, wgrad_deferral_limit=0, overlap_p2p_comm_warmup_flush=False, microbatch_group_size_per_vp_stage=1, mtp_standalone=False, cpu_offloading=False, cpu_offloading_num_layers=0, _cpu_offloading_context=None, cpu_offloading_activations=True, cpu_offloading_weights=False, cpu_offloading_double_buffering=False, barrier_with_L1_time=True, num_layers=36, mtp_num_layers=None, mtp_loss_scaling_factor=0.1, mtp_use_repeated_layer=False, mtp_hybrid_override_pattern=None, num_layers_in_first_pipeline_stage=None, num_layers_in_last_pipeline_stage=None, pipeline_model_parallel_layout=None, account_for_embedding_in_pipeline_split=False, account_for_loss_in_pipeline_split=False, hidden_size=4096, num_attention_heads=32, attention_backend=<AttnBackend.flash: 1>, softmax_scale=None, softmax_type='vanilla', num_query_groups=8, ffn_hidden_size=12288, kv_channels=128, hidden_dropout=0.0, attention_dropout=0.0, fp32_residual_connection=False, apply_residual_connection_post_layernorm=False, layernorm_epsilon=1e-06, layernorm_zero_centered_gamma=False, add_bias_linear=False, add_qkv_bias=False, gated_linear_unit=True, activation_func=<function silu at 0x400f265b5bc0>, activation_func_fp8_input_store=False, glu_linear_offset=0.0, activation_func_clamp_value=None, num_moe_experts=None, rotary_interleaved=False, window_size=None, window_attn_skip_freq=None, normalization='RMSNorm', qk_layernorm=True, qk_l2_norm=False, qk_clip=False, qk_clip_alpha=0.5, qk_clip_threshold=100, log_max_attention_logit=False, attention_output_gate=False, test_mode=False, calculate_per_token_loss=False, multi_latent_attention=False, no_rope_freq=None, experimental_attention_variant=None, dsa_indexer_n_heads=None, dsa_indexer_head_dim=None, dsa_indexer_topk=None, dsa_indexer_loss_coeff=None, dsa_indexer_use_sparse_loss=False, linear_attention_freq=None, linear_conv_kernel_dim=4, linear_key_head_dim=128, linear_value_head_dim=128, linear_num_key_heads=16, linear_num_value_heads=32, init_method=functools.partial(<function normal_ at 0x400f2663e520>, mean=0.0, std=0.02), output_layer_init_method=functools.partial(<function normal_ at 0x400f2663e520>, mean=0.0, std=0.0023570226039551587), init_method_std=0.02, embedding_init_method=functools.partial(<function normal_ at 0x400f2663e520>, mean=0.0, std=0.02), embedding_init_method_std=0.02, init_model_with_meta_device=False, apply_query_key_layer_scaling=False, attention_softmax_in_fp32=False, disable_bf16_reduced_precision_matmul=False, bias_activation_fusion=False, masked_softmax_fusion=True, persist_layer_norm=False, memory_efficient_layer_norm=False, bias_dropout_fusion=False, apply_rope_fusion=True, use_fused_weighted_squared_relu=False, fused_single_qkv_rope=False, recompute_granularity='selective', recompute_method='uniform', recompute_num_layers=None, distribute_saved_activations=False, recompute_modules=['core_attn'], fp8=None, fp8_recipe='delayed', fp8_param=False, fp8_quantizer_factory=None, fp8_margin=0, fp8_interval=1, fp8_amax_history_len=1, fp8_amax_compute_algo='most_recent', fp8_wgrad=True, fp8_dot_product_attention=False, fp8_multi_head_attention=False, tp_only_amax_red=False, first_last_layers_bf16=False, num_layers_at_start_in_bf16=1, num_layers_at_end_in_bf16=1, use_kitchen=False, use_kitchen_attention=False, kitchen_attention_backend='sdpa', fp4=None, fp4_recipe='nvfp4', fp4_param=False, fp4_quantizer_factory=None, moe_shared_expert_intermediate_size=None, moe_shared_expert_gate=False, moe_shared_expert_overlap=False, moe_layer_freq=1, moe_ffn_hidden_size=None, moe_router_load_balancing_type='none', moe_router_topk=2, moe_enable_routing_replay=False, moe_router_topk_limited_devices=None, moe_router_padding_for_quantization=False, moe_router_padding_for_fp8=False, moe_router_num_groups=None, moe_router_group_topk=None, moe_router_pre_softmax=False, moe_router_topk_scaling_factor=None, moe_router_score_function='softmax', moe_router_dtype=None, moe_router_enable_expert_bias=False, moe_router_bias_update_rate=0.001, moe_router_force_load_balancing=False, moe_grouped_gemm=False, moe_use_legacy_grouped_gemm=False, moe_aux_loss_coeff=0.0, moe_z_loss_coeff=None, moe_input_jitter_eps=None, moe_token_dropping=False, moe_token_dispatcher_type='alltoall', moe_enable_deepep=False, moe_flex_dispatcher_backend='deepep', moe_per_layer_logging=False, moe_expert_capacity_factor=None, moe_pad_expert_input_to_capacity=False, moe_pad_experts_for_cuda_graph_inference=False, moe_token_drop_policy='probs', moe_layer_recompute=False, moe_permute_fusion=False, moe_router_fusion=False, moe_apply_probs_on_input=False, moe_latent_size=None, moe_deepep_num_sms=20, moe_hybridep_num_sms=16, cp_comm_type=None, enable_cuda_graph=False, cuda_graph_use_single_mempool=False, cuda_graph_retain_backward_graph=False, cuda_graph_warmup_steps=3, external_cuda_graph=False, cuda_graph_impl='none', cuda_graph_scope=[], clone_scatter_output_in_embedding=True, disable_parameter_transpose_cache=False, config_logger_dir='', flash_decode=False, batch_invariant_mode=False, use_te_activation_func=False, inference_rng_tracker=False, inference_sampling_seed=42, symmetric_ar_type=None, nccl_all_reduce_for_prefill=False, use_inference_optimized_layers=False, inference_fuse_tp_communication=False, mrope_section=None, is_hybrid_model=False, mamba_state_dim=128, mamba_head_dim=64, mamba_num_groups=8, mamba_num_heads=None, use_mamba_mem_eff_path=True, mlp_chunks_for_prefill=1, heterogeneous_block_specs=False, hetereogenous_dist_checkpoint=False, quant_recipe=None, transformer_impl='transformer_engine', fine_grained_activation_offloading=False, offload_modules=[], min_offloaded_tensor_size=1048576, fp16_lm_cross_entropy=False, parallel_output=True, share_embeddings_and_output_weights=False, make_vocab_size_divisible_by=128, position_embedding_type='rope', rotary_base=1000000, rotary_percent=1.0, seq_len_interpolation_factor=None, seq_length=40960, scatter_embedding_sequence_parallel=True, tp_comm_overlap_cfg=None, use_transformer_engine_full_layer_spec=False, use_transformer_engine_op_fuser=False, transformer_layer_spec=<function default_layer_spec at 0x4012cdaa2020>, hf_model_id='Qwen/Qwen3-8b', generation_config=GenerationConfig {
[36m(WorkerDict pid=164876)[0m   "bos_token_id": 151643,
[36m(WorkerDict pid=164876)[0m   "do_sample": true,
[36m(WorkerDict pid=164876)[0m   "eos_token_id": [
[36m(WorkerDict pid=164876)[0m     151645,
[36m(WorkerDict pid=164876)[0m     151643
[36m(WorkerDict pid=164876)[0m   ],
[36m(WorkerDict pid=164876)[0m   "pad_token_id": 151643,
[36m(WorkerDict pid=164876)[0m   "temperature": 0.6,
[36m(WorkerDict pid=164876)[0m   "top_k": 20,
[36m(WorkerDict pid=164876)[0m   "top_p": 0.95,
[36m(WorkerDict pid=164876)[0m   "trust_remote_code": false
[36m(WorkerDict pid=164876)[0m }
[36m(WorkerDict pid=164876)[0m , vocab_size=151936, should_pad_vocab=False, mtp_enabled=False, restore_modelopt_state=False, use_arbitrary_attention_mask=None, _pg_collection=ProcessGroupCollection(tp(4), pp(1), mp(4), embd(1), pos_embd(1), cp(1), tp_cp(4), hcp(None), ep(1), expt_tp(4), tp_ep(4), tp_ep_pp(4), tp_dp_cp(4), dp(1), dp_cp(1), expt_dp(1), intra_dp_cp(1), intra_expt_dp(1), inter_dist_opt(None), intra_dist_opt(4)), max_position_embeddings=40960)
[36m(WorkerDict pid=164876)[0m routing replay layers: 0
[36m(WorkerDict pid=164879)[0m     151645,
[36m(WorkerDict pid=164879)[0m     151643
[36m(WorkerDict pid=164878)[0m     151645,
[36m(WorkerDict pid=164878)[0m     151643
[36m(WorkerDict pid=164877)[0m     151645,
[36m(WorkerDict pid=164877)[0m     151643
[36m(WorkerDict pid=164876)[0m IPC
[36m(WorkerDict pid=164876)[0m nid010803:164876:165773 [0] NCCL INFO Channel 20/1 : 0[0] -> 1[1] via P2P/IPC
[36m(WorkerDict pid=164876)[0m nid010803:164876:165773 [0] NCCL INFO Channel 21/1 : 0[0] -> 1[1] via P2P/IPC
[36m(WorkerDict pid=164876)[0m nid010803:164876:165773 [0] NCCL INFO Channel 22/1 : 0[0] -> 1[1] via P2P/IPC
[36m(WorkerDict pid=164876)[0m nid010803:164876:165773 [0] NCCL INFO Channel 23/1 : 0[0] -> 1[1] via P2P/IPC
[36m(WorkerDict pid=164876)[0m nid010803:164876:165773 [0] NCCL INFO Channel 24/1 : 0[0] -> 1[1] via P2P/IPC
[36m(WorkerDict pid=164876)[0m nid010803:164876:165773 [0] NCCL INFO Channel 25/1 : 0[0] -> 1[1] via P2P/IPC
[36m(WorkerDict pid=164876)[0m nid010803:164876:165773 [0] NCCL INFO Channel 26/1 : 0[0] -> 1[1] via P2P/IPC
[36m(WorkerDict pid=164876)[0m nid010803:164876:165773 [0] NCCL INFO Channel 27/1 : 0[0] -> 1[1] via P2P/IPC
[36m(WorkerDict pid=164876)[0m nid010803:164876:165773 [0] NCCL INFO Channel 28/1 : 0[0] -> 1[1] via P2P/IPC
[36m(WorkerDict pid=164876)[0m nid010803:164876:165773 [0] NCCL INFO Channel 29/1 : 0[0] -> 1[1] via P2P/IPC
[36m(WorkerDict pid=164876)[0m nid010803:164876:165773 [0] NCCL INFO Channel 30/1 : 0[0] -> 1[1] via P2P/IPC
[36m(WorkerDict pid=164876)[0m nid010803:164876:165773 [0] NCCL INFO Channel 31/1 : 0[0] -> 1[1] via P2P/IPC
[36m(WorkerDict pid=164876)[0m nid010803:164876:165773 [0] NCCL INFO Channel 00/1 : 0[0] -> 2[2] via P2P/IPC
[36m(WorkerDict pid=164876)[0m nid010803:164876:165773 [0] NCCL INFO Channel 01/1 : 0[0] -> 2[2] via P2P/IPC
[36m(WorkerDict pid=164876)[0m nid010803:164876:165773 [0] NCCL INFO Channel 02/1 : 0[0] -> 2[2] via P2P/IPC
[36m(WorkerDict pid=164876)[0m nid010803:164876:165773 [0] NCCL INFO Channel 03/1 : 0[0] -> 2[2] via P2P/IPC
[36m(WorkerDict pid=164876)[0m nid010803:164876:165773 [0] NCCL INFO Channel 04/1 : 0[0] -> 2[2] via P2P/IPC
[36m(WorkerDict pid=164876)[0m nid010803:164876:165773 [0] NCCL INFO Channel 05/1 : 0[0] -> 2[2] via P2P/IPC
[36m(WorkerDict pid=164876)[0m nid010803:164876:165773 [0] NCCL INFO Channel 06/1 : 0[0] -> 2[2] via P2P/IPC
[36m(WorkerDict pid=164876)[0m nid010803:164876:165773 [0] NCCL INFO Channel 07/1 : 0[0] -> 2[2] via P2P/IPC
[36m(WorkerDict pid=164876)[0m nid010803:164876:165773 [0] NCCL INFO Channel 24/1 : 0[0] -> 2[2] via P2P/IPC
[36m(WorkerDict pid=164876)[0m nid010803:164876:165773 [0] NCCL INFO Channel 25/1 : 0[0] -> 2[2] via P2P/IPC
[36m(WorkerDict pid=164876)[0m nid010803:164876:165773 [0] NCCL INFO Channel 26/1 : 0[0] -> 2[2] via P2P/IPC
[36m(WorkerDict pid=164876)[0m nid010803:164876:165773 [0] NCCL INFO Channel 27/1 : 0[0] -> 2[2] via P2P/IPC
[36m(WorkerDict pid=164876)[0m nid010803:164876:165773 [0] NCCL INFO Channel 28/1 : 0[0] -> 2[2] via P2P/IPC
[36m(WorkerDict pid=164876)[0m nid010803:164876:165773 [0] NCCL INFO Channel 29/1 : 0[0] -> 2[2] via P2P/IPC
[36m(WorkerDict pid=164876)[0m nid010803:164876:165773 [0] NCCL INFO Channel 30/1 : 0[0] -> 2[2] via P2P/IPC
[36m(WorkerDict pid=164876)[0m nid010803:164876:165773 [0] NCCL INFO Channel 31/1 : 0[0] -> 2[2] via P2P/IPC
[36m(WorkerDict pid=164876)[0m nid010803:164876:165773 [0] NCCL INFO Channel 08/1 : 0[0] -> 3[3] via P2P/IPC
[36m(WorkerDict pid=164876)[0m nid010803:164876:165773 [0] NCCL INFO Channel 09/1 : 0[0] -> 3[3] via P2P/IPC
[36m(WorkerDict pid=164876)[0m nid010803:164876:165773 [0] NCCL INFO Channel 10/1 : 0[0] -> 3[3] via P2P/IPC
[36m(WorkerDict pid=164876)[0m nid010803:164876:165773 [0] NCCL INFO Channel 11/1 : 0[0] -> 3[3] via P2P/IPC
[36m(WorkerDict pid=164876)[0m nid010803:164876:165773 [0] NCCL INFO Channel 12/1 : 0[0] -> 3[3] via P2P/IPC
[36m(WorkerDict pid=164876)[0m nid010803:164876:165773 [0] NCCL INFO Channel 13/1 : 0[0] -> 3[3] via P2P/IPC
[36m(WorkerDict pid=164876)[0m nid010803:164876:165773 [0] NCCL INFO Channel 14/1 : 0[0] -> 3[3] via P2P/IPC
[36m(WorkerDict pid=164876)[0m nid010803:164876:165773 [0] NCCL INFO Channel 15/1 : 0[0] -> 3[3] via P2P/IPC
[36m(WorkerDict pid=164876)[0m nid010803:164876:165773 [0] NCCL INFO Channel 16/1 : 0[0] -> 3[3] via P2P/IPC
[36m(WorkerDict pid=164876)[0m nid010803:164876:165773 [0] NCCL INFO Channel 17/1 : 0[0] -> 3[3] via P2P/IPC
[36m(WorkerDict pid=164876)[0m nid010803:164876:165773 [0] NCCL INFO Channel 18/1 : 0[0] -> 3[3] via P2P/IPC
[36m(WorkerDict pid=164876)[0m nid010803:164876:165773 [0] NCCL INFO Channel 19/1 : 0[0] -> 3[3] via P2P/IPC
[36m(WorkerDict pid=164876)[0m nid010803:164876:165773 [0] NCCL INFO Channel 20/1 : 0[0] -> 3[3] via P2P/IPC
[36m(WorkerDict pid=164876)[0m nid010803:164876:165773 [0] NCCL INFO Channel 21/1 : 0[0] -> 3[3] via P2P/IPC
[36m(WorkerDict pid=164876)[0m nid010803:164876:165773 [0] NCCL INFO Channel 22/1 : 0[0] -> 3[3] via P2P/IPC
[36m(WorkerDict pid=164876)[0m nid010803:164876:165773 [0] NCCL INFO Channel 23/1 : 0[0] -> 3[3] via P2P/IPC
[36m(WorkerDict pid=164876)[0m [Gloo] Rank 0 is connected to 0 peer ranks. Expected number of connected peer ranks is : 0
[36m(WorkerDict pid=164879)[0m nks 1 total 0.57 (kernels 0.10, alloc 0.45, bootstrap 0.00, allgathers 0.00, topo 0.01, graphs 0.00, connections 0.01, rest 0.00)
[36m(WorkerDict pid=164879)[0m nid010803:164879:165768 [0] NCCL INFO Comm config Blocking set to 1
[36m(WorkerDict pid=164879)[0m nid010803:164879:165768 [0] NCCL INFO Initialized NET plugin Socket
[36m(WorkerDict pid=164879)[0m nid010803:164879:165768 [0] NCCL INFO Assigned NET plugin Socket to comm
[36m(WorkerDict pid=164879)[0m nid010803:164879:165768 [0] NCCL INFO Using network Socket
[36m(WorkerDict pid=164879)[0m nid010803:164879:165768 [0] NCCL INFO ncclCommInitRankConfig comm 0x401803543cf0 rank 3 nranks 4 cudaDev 0 nvmlDev 3 busId 3901000 commId 0x7b51c8ae5cc35660 - Init START
[36m(WorkerDict pid=164879)[0m nid010803:164879:165768 [0] NCCL INFO Bootstrap timings total 0.000659 (create 0.000037, send 0.000099, recv 0.000230, ring 0.000119, delay 0.000000)
[36m(WorkerDict pid=164879)[0m nid010803:164879:165768 [0] NCCL INFO ncclTopoGetCpuAffinity: Affinity for GPU 3 is 216-287. (GPU affinity = 216-287 ; CPU affinity = 216-287).
[36m(WorkerDict pid=164879)[0m nid010803:164879:165768 [0] NCCL INFO comm 0x401803543cf0 rank 3 nRanks 4 nNodes 1 localRanks 4 localRank 3 MNNVL 0
[36m(WorkerDict pid=164879)[0m nid010803:164879:165768 [0] NCCL INFO Trees [0] -1/-1/-1->3->2 [1] -1/-1/-1->3->2 [2] -1/-1/-1->3->2 [3] -1/-1/-1->3->2 [4] -1/-1/-1->3->1 [5] -1/-1/-1->3->1 [6] -1/-1/-1->3->1 [7] -1/-1/-1->3->1 [8] 2/-1/-1->3->0 [9] 2/-1/-1->3->0 [10] 2/-1/-1->3->0 [11] 2/-1/-1->3->0 [12] -1/-1/-1->3->2 [13] -1/-1/-1->3->2 [14] -1/-1/-1->3->2 [15] -1/-1/-1->3->2 [16] -1/-1/-1->3->1 [17] -1/-1/-1->3->1 [18] -1/-1/-1->3->1 [19] -1/-1/-1->3->1 [20] 2/-1/-1->3->0 [21] 2/-1/-1->3->0 [22] 2/-1/-1->3->0 [23] 2/-1/-1->3->0
[36m(WorkerDict pid=164879)[0m nid010803:164879:165768 [0] NCCL INFO P2P Chunksize set to 524288
[36m(WorkerDict pid=164879)[0m nid010803:164879:166613 [0] NCCL INFO [Proxy Service] Device 0 CPU core 286
[36m(WorkerDict pid=164879)[0m nid010803:164879:166614 [0] NCCL INFO [Proxy Service UDS] Device 0 CPU core 272
[36m(WorkerDict pid=164879)[0m nid010803:164879:165768 [0] NCCL INFO Connected all rings, use ring PXN 0 GDR 1
[36m(WorkerDict pid=164879)[0m nid010803:164879:165768 [0] NCCL INFO Connected all trees
[36m(WorkerDict pid=164879)[0m nid010803:164879:166645 [0] NCCL INFO [Proxy Progress] Device 0 CPU core 273
[36m(WorkerDict pid=164879)[0m nid010803:164879:165768 [0] NCCL INFO threadThresholds 8/8/64 | 32/8/64 | 512 | 512
[36m(WorkerDict pid=164879)[0m nid010803:164879:165768 [0] NCCL INFO 24 coll channels, 24 collnet channels, 0 nvls channels, 32 p2p channels, 16 p2p channels per peer
[36m(WorkerDict pid=164879)[0m nid010803:164879:165768 [0] NCCL INFO ncclCommInitRankConfig comm 0x401803543cf0 rank 3 nranks 4 cudaDev 0 nvmlDev 3 busId 3901000 commId 0x7b51c8ae5cc35660 - Init COMPLETE
[36m(WorkerDict pid=164879)[0m nid010803:164879:165768 [0] NCCL INFO Init timings - ncclCommInitRankConfig: rank 3 nranks 4 total 0.58 (kernels 0.00, alloc 0.00, bootstrap 0.00, allgathers 0.00, topo 0.02, graphs 0.01, connections 0.55, rest 0.00)
[36m(WorkerDict pid=164878)[0m s 1 total 0.57 (kernels 0.11, alloc 0.45, bootstrap 0.00, allgathers 0.00, topo 0.01, graphs 0.00, connections 0.01, rest 0.00)
[36m(WorkerDict pid=164877)[0m 7 (kernels 0.11, alloc 0.45, bootstrap 0.00, allgathers 0.00, topo 0.01, graphs 0.00, connections 0.01, rest 0.00)
[36m(WorkerDict pid=164877)[0m Qwen3ModelProvider(tensor_model_parallel_size=4, pipeline_model_parallel_comm_backend=None, pipeline_model_parallel_size=1, virtual_pipeline_model_parallel_size=None, sequence_parallel=True, context_parallel_size=1, hierarchical_context_parallel_sizes=None, max_seqlen_per_dp_cp_rank=None, hybrid_context_parallel=False, expert_model_parallel_size=1, expert_tensor_parallel_size=4, moe_extended_tp=False, perform_initialization=True, use_cpu_initialization=False, fp16=False, bf16=True, params_dtype=torch.bfloat16, timers=None, finalize_model_grads_func=<function finalize_model_grads at 0x40128b660e00>, grad_scale_func=<bound method MegatronOptimizer.scale_loss of <megatron.core.optimizer.optimizer.ChainedOptimizer object at 0x40135d43a270>>, no_sync_func=None, grad_sync_func=None, param_sync_func=None, deterministic_mode=False, enable_autocast=False, autocast_dtype=torch.bfloat16, num_microbatches_with_partial_activation_checkpoints=None, gradient_accumulation_fusion=True, async_tensor_model_parallel_allreduce=True, use_te_rng_tracker=False, tp_comm_overlap=False, tp_comm_bulk_wgrad=True, tp_comm_bulk_dgrad=True, tp_comm_overlap_ag=True, tp_comm_overlap_rs=True, tp_comm_overlap_rs_dgrad=False, tp_comm_split_ag=True, tp_comm_atomic_ag=False, tp_comm_split_rs=True, tp_comm_atomic_rs=False, cross_entropy_loss_fusion=True, cross_entropy_fusion_impl='native', tp_comm_overlap_disable_qkv=False, tp_comm_overlap_disable_fc1=False, tp_comm_bootstrap_backend='nccl', overlap_moe_expert_parallel_comm=False, delay_wgrad_compute=False, ep_overlap_early_attn_memory_release=False, pipeline_dtype=None, variable_seq_lengths=True, overlap_p2p_comm=False, batch_p2p_comm=True, batch_p2p_sync=True, use_ring_exchange_p2p=False, deallocate_pipeline_outputs=True, defer_embedding_wgrad_compute=False, wgrad_deferral_limit=0, overlap_p2p_comm_warmup_flush=False, microbatch_group_size_per_vp_stage=1, mtp_standalone=False, cpu_offloading=False, cpu_offloading_num_layers=0, _cpu_offloading_context=None, cpu_offloading_activations=True, cpu_offloading_weights=False, cpu_offloading_double_buffering=False, barrier_with_L1_time=True, num_layers=36, mtp_num_layers=None, mtp_loss_scaling_factor=0.1, mtp_use_repeated_layer=False, mtp_hybrid_override_pattern=None, num_layers_in_first_pipeline_stage=None, num_layers_in_last_pipeline_stage=None, pipeline_model_parallel_layout=None, account_for_embedding_in_pipeline_split=False, account_for_loss_in_pipeline_split=False, hidden_size=4096, num_attention_heads=32, attention_backend=<AttnBackend.flash: 1>, softmax_scale=None, softmax_type='vanilla', num_query_groups=8, ffn_hidden_size=12288, kv_channels=128, hidden_dropout=0.0, attention_dropout=0.0, fp32_residual_connection=False, apply_residual_connection_post_layernorm=False, layernorm_epsilon=1e-06, layernorm_zero_centered_gamma=False, add_bias_linear=False, add_qkv_bias=False, gated_linear_unit=True, activation_func=<function silu at 0x400fad765bc0>, activation_func_fp8_input_store=False, glu_linear_offset=0.0, activation_func_clamp_value=None, num_moe_experts=None, rotary_interleaved=False, window_size=None, window_attn_skip_freq=None, normalization='RMSNorm', qk_layernorm=True, qk_l2_norm=False, qk_clip=False, qk_clip_alpha=0.5, qk_clip_threshold=100, log_max_attention_logit=False, attention_output_gate=False, test_mode=False, calculate_per_token_loss=False, multi_latent_attention=False, no_rope_freq=None, experimental_attention_variant=None, dsa_indexer_n_heads=None, dsa_indexer_head_dim=None, dsa_indexer_topk=None, dsa_indexer_loss_coeff=None, dsa_indexer_use_sparse_loss=False, linear_attention_freq=None, linear_conv_kernel_dim=4, linear_key_head_dim=128, linear_value_head_dim=128, linear_num_key_heads=16, linear_num_value_heads=32, init_method=functools.partial(<function normal_ at 0x400fad7ee520>, mean=0.0, std=0.02), output_layer_init_method=functools.partial(<function normal_ at 0x400fad7ee520>, mean=0.0, std=0.0023570226039551587), init_method_std=0.02, embedding_init_method=functools.partial(<function normal_ at 0x400fad7ee520>, mean=0.0, std=0.02), embedding_init_method_std=0.02, init_model_with_meta_device=False, apply_query_key_layer_scaling=False, attention_softmax_in_fp32=False, disable_bf16_reduced_precision_matmul=False, bias_activation_fusion=False, masked_softmax_fusion=True, persist_layer_norm=False, memory_efficient_layer_norm=False, bias_dropout_fusion=False, apply_rope_fusion=True, use_fused_weighted_squared_relu=False, fused_single_qkv_rope=False, recompute_granularity='selective', recompute_method='uniform', recompute_num_layers=None, distribute_saved_activations=False, recompute_modules=['core_attn'], fp8=None, fp8_recipe='delayed', fp8_param=False, fp8_quantizer_factory=None, fp8_margin=0, fp8_interval=1, fp8_amax_history_len=1, fp8_amax_compute_algo='most_recent', fp8_wgrad=True, fp8_dot_product_attention=False, fp8_multi_head_attention=False, tp_only_amax_red=False, first_last_layers_bf16=False, num_layers_at_start_in_bf16=1, num_layers_at_end_in_bf16=1, use_kitchen=False, use_kitchen_attention=False, kitchen_attention_backend='sdpa', fp4=None, fp4_recipe='nvfp4', fp4_param=False, fp4_quantizer_factory=None, moe_shared_expert_intermediate_size=None, moe_shared_expert_gate=False, moe_shared_expert_overlap=False, moe_layer_freq=1, moe_ffn_hidden_size=None, moe_router_load_balancing_type='none', moe_router_topk=2, moe_enable_routing_replay=False, moe_router_topk_limited_devices=None, moe_router_padding_for_quantization=False, moe_router_padding_for_fp8=False, moe_router_num_groups=None, moe_router_group_topk=None, moe_router_pre_softmax=False, moe_router_topk_scaling_factor=None, moe_router_score_function='softmax', moe_router_dtype=None, moe_router_enable_expert_bias=False, moe_router_bias_update_rate=0.001, moe_router_force_load_balancing=False, moe_grouped_gemm=False, moe_use_legacy_grouped_gemm=False, moe_aux_loss_coeff=0.0, moe_z_loss_coeff=None, moe_input_jitter_eps=None, moe_token_dropping=False, moe_token_dispatcher_type='alltoall', moe_enable_deepep=False, moe_flex_dispatcher_backend='deepep', moe_per_layer_logging=False, moe_expert_capacity_factor=None, moe_pad_expert_input_to_capacity=False, moe_pad_experts_for_cuda_graph_inference=False, moe_token_drop_policy='probs', moe_layer_recompute=False, moe_permute_fusion=False, moe_router_fusion=False, moe_apply_probs_on_input=False, moe_latent_size=None, moe_deepep_num_sms=20, moe_hybridep_num_sms=16, cp_comm_type=None, enable_cuda_graph=False, cuda_graph_use_single_mempool=False, cuda_graph_retain_backward_graph=False, cuda_graph_warmup_steps=3, external_cuda_graph=False, cuda_graph_impl='none', cuda_graph_scope=[], clone_scatter_output_in_embedding=True, disable_parameter_transpose_cache=False, config_logger_dir='', flash_decode=False, batch_invariant_mode=False, use_te_activation_func=False, inference_rng_tracker=False, inference_sampling_seed=42, symmetric_ar_type=None, nccl_all_reduce_for_prefill=False, use_inference_optimized_layers=False, inference_fuse_tp_communication=False, mrope_section=None, is_hybrid_model=False, mamba_state_dim=128, mamba_head_dim=64, mamba_num_groups=8, mamba_num_heads=None, use_mamba_mem_eff_path=True, mlp_chunks_for_prefill=1, heterogeneous_block_specs=False, hetereogenous_dist_checkpoint=False, quant_recipe=None, transformer_impl='transformer_engine', fine_grained_activation_offloading=False, offload_modules=[], min_offloaded_tensor_size=1048576, fp16_lm_cross_entropy=False, parallel_output=True, share_embeddings_and_output_weights=False, make_vocab_size_divisible_by=128, position_embedding_type='rope', rotary_base=1000000, rotary_percent=1.0, seq_len_interpolation_factor=None, seq_length=40960, scatter_embedding_sequence_parallel=True, tp_comm_overlap_cfg=None, use_transformer_engine_full_layer_spec=False, use_transformer_engine_op_fuser=False, transformer_layer_spec=<function default_layer_spec at 0x401333d0e020>, hf_model_id='Qwen/Qwen3-8b', generation_config=GenerationConfig {[32m [repeated 3x across cluster][0m
[36m(WorkerDict pid=164877)[0m   "bos_token_id": 151643,[32m [repeated 3x across cluster][0m
[36m(WorkerDict pid=164877)[0m   "do_sample": true,[32m [repeated 3x across cluster][0m
[36m(WorkerDict pid=164877)[0m   "eos_token_id": [[32m [repeated 3x across cluster][0m
[36m(WorkerDict pid=164877)[0m   ],[32m [repeated 3x across cluster][0m
[36m(WorkerDict pid=164877)[0m   "pad_token_id": 151643,[32m [repeated 3x across cluster][0m
[36m(WorkerDict pid=164877)[0m   "temperature": 0.6,[32m [repeated 3x across cluster][0m
[36m(WorkerDict pid=164877)[0m   "top_k": 20,[32m [repeated 3x across cluster][0m
[36m(WorkerDict pid=164877)[0m   "top_p": 0.95,[32m [repeated 3x across cluster][0m
[36m(WorkerDict pid=164877)[0m   "trust_remote_code": false[32m [repeated 3x across cluster][0m
[36m(WorkerDict pid=164877)[0m }[32m [repeated 3x across cluster][0m
[36m(WorkerDict pid=164877)[0m , vocab_size=151936, should_pad_vocab=False, mtp_enabled=False, restore_modelopt_state=False, use_arbitrary_attention_mask=None, _pg_collection=ProcessGroupCollection(tp(4), pp(1), mp(4), embd(1), pos_embd(1), cp(1), tp_cp(4), hcp(None), ep(1), expt_tp(4), tp_ep(4), tp_ep_pp(4), tp_dp_cp(4), dp(1), dp_cp(1), expt_dp(1), intra_dp_cp(1), intra_expt_dp(1), inter_dist_opt(None), intra_dist_opt(4)), max_position_embeddings=40960)[32m [repeated 3x across cluster][0m
[36m(WorkerDict pid=164877)[0m routing replay layers: 0[32m [repeated 3x across cluster][0m
[36m(WorkerDict pid=164876)[0m ERROR 02-14 09:55:05 [config.py:32] Failed to import Triton kernels. Please make sure your triton version is compatible. Error: No module named 'triton.language.target_info'
[36m(WorkerDict pid=164877)[0m WARNING:2026-02-14 09:55:05,700:Setting the sleep level to 1 may cause a memory overflow.
[36m(WorkerDict pid=164878)[0m /workspace/reward_seeker/verl_with_logging/verl/utils/megatron_utils.py:432: UserWarning: TypedStorage is deprecated. It will be removed in the future and UntypedStorage will be the only storage class. This should only matter to you if you are using storages directly.  To access UntypedStorage directly, use tensor.untyped_storage() instead of tensor.storage()[32m [repeated 3x across cluster][0m
[36m(WorkerDict pid=164878)[0m   if buffer.param_data.storage().size() > 0:[32m [repeated 3x across cluster][0m
[33m(raylet)[0m rm: cannot remove '/usr/local/cuda/compat/lib': Read-only file system
[36m(WorkerDict pid=164877)[0m nid010803:164877:165771 [0] NCCL INFO Channel 22/0 : 1[1] -> 0[0] via P2P/IPC[32m [repeated 148x across cluster][0m
[36m(WorkerDict pid=164878)[0m [Gloo] Rank 0 is connected to 0 peer ranks. Expected number of connected peer ranks is : 0[32m [repeated 11x across cluster][0m
[36m(WorkerDict pid=164877)[0m nid010803:164877:165771 [0] NCCL INFO Comm config Blocking set to 1[32m [repeated 2x across cluster][0m
[36m(WorkerDict pid=164877)[0m nid010803:164877:165771 [0] NCCL INFO Initialized NET plugin Socket[32m [repeated 2x across cluster][0m
[36m(WorkerDict pid=164877)[0m nid010803:164877:165771 [0] NCCL INFO Assigned NET plugin Socket to comm[32m [repeated 2x across cluster][0m
[36m(WorkerDict pid=164877)[0m nid010803:164877:165771 [0] NCCL INFO Using network Socket[32m [repeated 2x across cluster][0m
[36m(WorkerDict pid=164877)[0m nid010803:164877:165771 [0] NCCL INFO ncclCommInitRankConfig comm 0x4016c33bc070 rank 1 nranks 4 cudaDev 0 nvmlDev 1 busId 1901000 commId 0x7b51c8ae5cc35660 - Init START[32m [repeated 2x across cluster][0m
[36m(WorkerDict pid=164877)[0m nid010803:164877:165771 [0] NCCL INFO Bootstrap timings total 0.728021 (create 0.000033, send 0.000083, recv 0.000230, ring 0.727532, delay 0.000000)[32m [repeated 2x across cluster][0m
[36m(WorkerDict pid=164877)[0m nid010803:164877:165771 [0] NCCL INFO ncclTopoGetCpuAffinity: Affinity for GPU 1 is 72-143. (GPU affinity = 72-143 ; CPU affinity = 72-143).[32m [repeated 2x across cluster][0m
[36m(WorkerDict pid=164877)[0m nid010803:164877:165771 [0] NCCL INFO comm 0x4016c33bc070 rank 1 nRanks 4 nNodes 1 localRanks 4 localRank 1 MNNVL 0[32m [repeated 2x across cluster][0m
[36m(WorkerDict pid=164877)[0m nid010803:164877:165771 [0] NCCL INFO Trees [0] 2/-1/-1->1->0 [1] 2/-1/-1->1->0 [2] 2/-1/-1->1->0 [3] 2/-1/-1->1->0 [4] 3/-1/-1->1->2 [5] 3/-1/-1->1->2 [6] 3/-1/-1->1->2 [7] 3/-1/-1->1->2 [8] 0/-1/-1->1->-1 [9] 0/-1/-1->1->-1 [10] 0/-1/-1->1->-1 [11] 0/-1/-1->1->-1 [12] 2/-1/-1->1->0 [13] 2/-1/-1->1->0 [14] 2/-1/-1->1->0 [15] 2/-1/-1->1->0 [16] 3/-1/-1->1->2 [17] 3/-1/-1->1->2 [18] 3/-1/-1->1->2 [19] 3/-1/-1->1->2 [20] 0/-1/-1->1->-1 [21] 0/-1/-1->1->-1 [22] 0/-1/-1->1->-1 [23] 0/-1/-1->1->-1[32m [repeated 2x across cluster][0m
[36m(WorkerDict pid=164877)[0m nid010803:164877:165771 [0] NCCL INFO P2P Chunksize set to 524288[32m [repeated 2x across cluster][0m
[36m(WorkerDict pid=164877)[0m nid010803:164877:166615 [0] NCCL INFO [Proxy Service] Device 0 CPU core 127[32m [repeated 2x across cluster][0m
[36m(WorkerDict pid=164877)[0m nid010803:164877:166618 [0] NCCL INFO [Proxy Service UDS] Device 0 CPU core 89[32m [repeated 2x across cluster][0m
[36m(WorkerDict pid=164877)[0m nid010803:164877:165771 [0] NCCL INFO Connected all rings, use ring PXN 0 GDR 1[32m [repeated 2x across cluster][0m
[36m(WorkerDict pid=164877)[0m nid010803:164877:165771 [0] NCCL INFO Connected all trees[32m [repeated 2x across cluster][0m
[36m(WorkerDict pid=164877)[0m nid010803:164877:166643 [0] NCCL INFO [Proxy Progress] Device 0 CPU core 110[32m [repeated 2x across cluster][0m
[36m(WorkerDict pid=164877)[0m nid010803:164877:165771 [0] NCCL INFO threadThresholds 8/8/64 | 32/8/64 | 512 | 512[32m [repeated 2x across cluster][0m
[36m(WorkerDict pid=164877)[0m nid010803:164877:165771 [0] NCCL INFO 24 coll channels, 24 collnet channels, 0 nvls channels, 32 p2p channels, 16 p2p channels per peer[32m [repeated 2x across cluster][0m
[36m(WorkerDict pid=164877)[0m nid010803:164877:165771 [0] NCCL INFO ncclCommInitRankConfig comm 0x4016c33bc070 rank 1 nranks 4 cudaDev 0 nvmlDev 1 busId 1901000 commId 0x7b51c8ae5cc35660 - Init COMPLETE[32m [repeated 2x across cluster][0m
[36m(WorkerDict pid=164877)[0m nid010803:164877:165771 [0] NCCL INFO Init timings - ncclCommInitRankConfig: rank 1 nranks 4 total 1.31 (kernels 0.00, alloc 0.00, bootstrap 0.73, allgathers 0.00, topo 0.02, graphs 0.01, connections 0.55, rest 0.00)[32m [repeated 2x across cluster][0m
[36m(WorkerDict pid=164878)[0m WARNING:2026-02-14 09:55:05,699:Setting the sleep level to 1 may cause a memory overflow.[32m [repeated 3x across cluster][0m
[36m(pid=167792)[0m ERROR 02-14 09:55:21 [config.py:32] Failed to import Triton kernels. Please make sure your triton version is compatible. Error: No module named 'triton.language.target_info'[32m [repeated 10x across cluster][0m
[36m(vLLMHttpServer pid=167792)[0m /workspace/reward_seeker/verl_with_logging/verl/utils/tokenizer.py:109: UserWarning: Failed to create processor: Unsupported processor type: Qwen2TokenizerFast. This may affect multimodal processing
[36m(vLLMHttpServer pid=167792)[0m   warnings.warn(f"Failed to create processor: {e}. This may affect multimodal processing", stacklevel=1)
[33m(raylet)[0m rm: cannot remove '/usr/local/cuda/compat/lib': Read-only file system[32m [repeated 8x across cluster][0m
[36m(vLLMHttpServer pid=167792)[0m WARNING:2026-02-14 09:55:30,455:agent loop only support torch and npu profiler, got None
[36m(vLLMHttpServer pid=167792)[0m INFO:2026-02-14 09:55:30,456:vLLMHttpServer, replica_rank: 0, node_rank: 0, CUDA_VISIBLE_DEVICES: 0,1,2,3, master_address: 10.242.12.125, master_port: 46489, data_parallel_rpc_port: 46755, data_parallel_master_port: 44733
[36m(vLLMHttpServer pid=167792)[0m INFO:2026-02-14 09:55:30,459:override_generation_config: {'temperature': 1.0, 'top_k': -1, 'top_p': 1, 'repetition_penalty': 1.0, 'max_new_tokens': 6000}
[36m(vLLMHttpServer pid=167792)[0m INFO:2026-02-14 09:55:30,460:enable_sleep_mode: True
[36m(vLLMHttpServer pid=167792)[0m ['serve',
[36m(vLLMHttpServer pid=167792)[0m  'Qwen/Qwen3-8b',
[36m(vLLMHttpServer pid=167792)[0m  '--dtype',
[36m(vLLMHttpServer pid=167792)[0m  'bfloat16',
[36m(vLLMHttpServer pid=167792)[0m  '--load_format',
[36m(vLLMHttpServer pid=167792)[0m  'safetensors',
[36m(vLLMHttpServer pid=167792)[0m  '--distributed_executor_backend',
[36m(vLLMHttpServer pid=167792)[0m  'mp',
[36m(vLLMHttpServer pid=167792)[0m  '--worker_extension_cls',
[36m(vLLMHttpServer pid=167792)[0m  'verl.workers.rollout.vllm_rollout.utils.vLLMColocateWorkerExtension',
[36m(vLLMHttpServer pid=167792)[0m  '--max_model_len',
[36m(vLLMHttpServer pid=167792)[0m  '40960',
[36m(vLLMHttpServer pid=167792)[0m  '--max_num_seqs',
[36m(vLLMHttpServer pid=167792)[0m  '1024',
[36m(vLLMHttpServer pid=167792)[0m  '--max_num_batched_tokens',
[36m(vLLMHttpServer pid=167792)[0m  '50000',
[36m(vLLMHttpServer pid=167792)[0m  '--enable_prefix_caching',
[36m(vLLMHttpServer pid=167792)[0m  '--enable_sleep_mode',
[36m(vLLMHttpServer pid=167792)[0m  '--logprobs_mode',
[36m(vLLMHttpServer pid=167792)[0m  'processed_logprobs',
[36m(vLLMHttpServer pid=167792)[0m  '--gpu_memory_utilization',
[36m(vLLMHttpServer pid=167792)[0m  '0.7',
[36m(vLLMHttpServer pid=167792)[0m  '--disable_log_stats',
[36m(vLLMHttpServer pid=167792)[0m  '--tensor_parallel_size',
[36m(vLLMHttpServer pid=167792)[0m  '4',
[36m(vLLMHttpServer pid=167792)[0m  '--seed',
[36m(vLLMHttpServer pid=167792)[0m  '0',
[36m(vLLMHttpServer pid=167792)[0m  '--override_generation_config',
[36m(vLLMHttpServer pid=167792)[0m  '{"temperature": 1.0, "top_k": -1, "top_p": 1, "repetition_penalty": 1.0, '
[36m(vLLMHttpServer pid=167792)[0m  '"max_new_tokens": 6000}',
[36m(vLLMHttpServer pid=167792)[0m  '--hf_overrides',
[36m(vLLMHttpServer pid=167792)[0m  '{}',
[36m(vLLMHttpServer pid=167792)[0m  '--scheduling_policy',
[36m(vLLMHttpServer pid=167792)[0m  'fcfs',
[36m(vLLMHttpServer pid=167792)[0m  '--compilation_config',
[36m(vLLMHttpServer pid=167792)[0m  '{"cudagraph_mode": "FULL_AND_PIECEWISE"}']
[36m(pid=167792)[0m ERROR 02-14 09:55:22 [gpt_oss_triton_kernels_moe.py:30] Failed to import Triton kernels. Please make sure your triton version is compatible. Error: No module named 'triton.language.target_info'
[36m(vLLMHttpServer pid=167792)[0m WARNING 02-14 09:55:33 [system_utils.py:136] We must use the `spawn` multiprocessing start method. Overriding VLLM_WORKER_MULTIPROC_METHOD to 'spawn'. See https://docs.vllm.ai/en/latest/usage/troubleshooting.html#python-multiprocessing for more information. Reasons: In a Ray actor and can only be spawned; CUDA is initialized
[36m(vLLMHttpServer pid=167792)[0m ERROR 02-14 09:55:49 [config.py:32] Failed to import Triton kernels. Please make sure your triton version is compatible. Error: No module named 'triton.language.target_info'
[36m(vLLMHttpServer pid=167792)[0m ERROR 02-14 09:55:50 [config.py:32] Failed to import Triton kernels. Please make sure your triton version is compatible. Error: No module named 'triton.language.target_info'
[36m(vLLMHttpServer pid=167792)[0m ERROR 02-14 09:55:50 [config.py:32] Failed to import Triton kernels. Please make sure your triton version is compatible. Error: No module named 'triton.language.target_info'
[36m(vLLMHttpServer pid=167792)[0m ERROR 02-14 09:55:50 [config.py:32] Failed to import Triton kernels. Please make sure your triton version is compatible. Error: No module named 'triton.language.target_info'
[36m(vLLMHttpServer pid=167792)[0m ERROR 02-14 09:55:52 [gpt_oss_triton_kernels_moe.py:30] Failed to import Triton kernels. Please make sure your triton version is compatible. Error: No module named 'triton.language.target_info'
[36m(vLLMHttpServer pid=167792)[0m ERROR 02-14 09:55:52 [gpt_oss_triton_kernels_moe.py:30] Failed to import Triton kernels. Please make sure your triton version is compatible. Error: No module named 'triton.language.target_info'
[36m(vLLMHttpServer pid=167792)[0m ERROR 02-14 09:55:52 [gpt_oss_triton_kernels_moe.py:30] Failed to import Triton kernels. Please make sure your triton version is compatible. Error: No module named 'triton.language.target_info'
[36m(vLLMHttpServer pid=167792)[0m ERROR 02-14 09:55:52 [gpt_oss_triton_kernels_moe.py:30] Failed to import Triton kernels. Please make sure your triton version is compatible. Error: No module named 'triton.language.target_info'
[36m(vLLMHttpServer pid=167792)[0m [W214 09:55:54.149919455 ProcessGroupNCCL.cpp:927] Warning: TORCH_NCCL_AVOID_RECORD_STREAMS is the default now, this environment variable is thus deprecated. (function operator())
[36m(vLLMHttpServer pid=167792)[0m [W214 09:55:54.324802575 ProcessGroupNCCL.cpp:927] Warning: TORCH_NCCL_AVOID_RECORD_STREAMS is the default now, this environment variable is thus deprecated. (function operator())
[36m(vLLMHttpServer pid=167792)[0m [W214 09:55:55.657578869 ProcessGroupNCCL.cpp:927] Warning: TORCH_NCCL_AVOID_RECORD_STREAMS is the default now, this environment variable is thus deprecated. (function operator())
[36m(vLLMHttpServer pid=167792)[0m [W214 09:55:55.658639545 ProcessGroupNCCL.cpp:927] Warning: TORCH_NCCL_AVOID_RECORD_STREAMS is the default now, this environment variable is thus deprecated. (function operator())
[36m(vLLMHttpServer pid=167792)[0m nid010803:169363:169363 [0] NCCL INFO Stack size limit (unlimited) is unsafe; will use 8192KB for newly launched threads
[36m(vLLMHttpServer pid=167792)[0m nid010803:169363:169363 [0] NCCL INFO Bootstrap: Using nmn0:10.100.31.97<0>
[36m(vLLMHttpServer pid=167792)[0m nid010803:169363:169363 [0] NCCL INFO cudaDriverVersion 13000
[36m(vLLMHttpServer pid=167792)[0m nid010803:169363:169363 [0] NCCL INFO NCCL version 2.28.3+cuda13.0
[36m(vLLMHttpServer pid=167792)[0m nid010803:169363:169363 [0] NCCL INFO NET/Plugin: Loaded net plugin NCCL RDMA Plugin v10 (v10)
[36m(vLLMHttpServer pid=167792)[0m nid010803:169363:169363 [0] NCCL INFO NET/Plugin: Loaded collnet plugin SHARP (v10)
[36m(vLLMHttpServer pid=167792)[0m nid010803:169363:169363 [0] NCCL INFO Successfully loaded external network plugin /opt/hpcx/nccl_rdma_sharp_plugin/lib/libnccl-net.so
[36m(vLLMHttpServer pid=167792)[0m nid010803:169363:169363 [0] NCCL INFO Plugin Path : /opt/hpcx/nccl_rdma_sharp_plugin/lib/libnccl-net.so
[36m(vLLMHttpServer pid=167792)[0m nid010803:169363:169363 [0] NCCL INFO P2P plugin v10 IBext_v10
[36m(vLLMHttpServer pid=167792)[0m nid010803:169363:169363 [0] NCCL INFO NET/IB : No device found.
[36m(vLLMHttpServer pid=167792)[0m nid010803:169363:169363 [0] NCCL INFO NET/IB : Using [RO]; OOB nmn0:10.100.31.97<0>
[36m(vLLMHttpServer pid=167792)[0m nid010803:169363:169363 [0] NCCL INFO Failed to initialize NET plugin NCCL RDMA Plugin v10
[36m(vLLMHttpServer pid=167792)[0m nid010803:169363:169363 [0] NCCL INFO NET/IB : No device found.
[36m(vLLMHttpServer pid=167792)[0m nid010803:169363:169363 [0] NCCL INFO NET/IB : Using [RO]; OOB nmn0:10.100.31.97<0>
[36m(vLLMHttpServer pid=167792)[0m nid010803:169363:169363 [0] NCCL INFO Failed to initialize NET plugin IB
[36m(vLLMHttpServer pid=167792)[0m nid010803:169363:169363 [0] NCCL INFO NET/Socket : Using [0]nmn0:10.100.31.97<0> [1]hsn0:10.242.12.125<0> [2]hsn2:10.242.4.69<0> [3]hsn3:10.242.4.68<0> [4]hsn1:10.242.12.124<0>
[36m(vLLMHttpServer pid=167792)[0m nid010803:169363:169363 [0] NCCL INFO Initialized NET plugin Socket
[36m(vLLMHttpServer pid=167792)[0m nid010803:169363:169363 [0] NCCL INFO Assigned NET plugin Socket to comm
[36m(vLLMHttpServer pid=167792)[0m nid010803:169363:169363 [0] NCCL INFO Using network Socket
[36m(vLLMHttpServer pid=167792)[0m nid010803:169363:169363 [0] NCCL INFO ncclCommInitRank comm 0x34e24990 rank 0 nranks 4 cudaDev 0 nvmlDev 0 busId 901000 commId 0x71500b35812e85b7 - Init START
[36m(vLLMHttpServer pid=167792)[0m nid010803:169363:169363 [0] NCCL INFO RAS client listening socket at ::1<28028>
[36m(vLLMHttpServer pid=167792)[0m nid010803:169363:169363 [0] NCCL INFO Bootstrap timings total 0.001137 (create 0.000043, send 0.000112, recv 0.000293, ring 0.000323, delay 0.000001)
[36m(vLLMHttpServer pid=167792)[0m nid010803:169363:169363 [0] NCCL INFO NCCL_CUMEM_ENABLE set by environment to 0.
[36m(vLLMHttpServer pid=167792)[0m nid010803:169363:169363 [0] NCCL INFO ncclTopoGetCpuAffinity: Affinity for GPU 0 is 0-71. (GPU affinity = 0-71 ; CPU affinity = 0-287).
[36m(vLLMHttpServer pid=167792)[0m nid010803:169363:169363 [0] NCCL INFO NCCL_NVLS_ENABLE set by environment to 0.
[36m(vLLMHttpServer pid=167792)[0m nid010803:169363:169363 [0] NCCL INFO comm 0x34e24990 rank 0 nRanks 4 nNodes 1 localRanks 4 localRank 0 MNNVL 0
[36m(vLLMHttpServer pid=167792)[0m nid010803:169363:169363 [0] NCCL INFO Channel 00/24 : 0 1 2 3
[36m(vLLMHttpServer pid=167792)[0m nid010803:169363:169363 [0] NCCL INFO Channel 01/24 : 0 1 3 2
[36m(vLLMHttpServer pid=167792)[0m nid010803:169363:169363 [0] NCCL INFO Channel 02/24 : 0 2 3 1
[36m(vLLMHttpServer pid=167792)[0m nid010803:169363:169363 [0] NCCL INFO Channel 03/24 : 0 2 1 3
[36m(vLLMHttpServer pid=167792)[0m nid010803:169363:169363 [0] NCCL INFO Channel 04/24 : 0 3 1 2
[36m(vLLMHttpServer pid=167792)[0m nid010803:169363:169363 [0] NCCL INFO Channel 05/24 : 0 3 2 1
[36m(vLLMHttpServer pid=167792)[0m nid010803:169363:169363 [0] NCCL INFO Channel 06/24 : 0 1 2 3
[36m(vLLMHttpServer pid=167792)[0m nid010803:169363:169363 [0] NCCL INFO Channel 07/24 : 0 1 3 2
[36m(vLLMHttpServer pid=167792)[0m nid010803:169363:169363 [0] NCCL INFO Channel 08/24 : 0 2 3 1
[36m(vLLMHttpServer pid=167792)[0m nid010803:169363:169363 [0] NCCL INFO Channel 09/24 : 0 2 1 3
[36m(vLLMHttpServer pid=167792)[0m nid010803:169363:169363 [0] NCCL INFO Channel 10/24 : 0 3 1 2
[36m(vLLMHttpServer pid=167792)[0m nid010803:169363:169363 [0] NCCL INFO Channel 11/24 : 0 3 2 1
[36m(vLLMHttpServer pid=167792)[0m nid010803:169363:169363 [0] NCCL INFO Channel 12/24 : 0 1 2 3
[36m(vLLMHttpServer pid=167792)[0m nid010803:169363:169363 [0] NCCL INFO Channel 13/24 : 0 1 3 2
[36m(vLLMHttpServer pid=167792)[0m nid010803:169363:169363 [0] NCCL INFO Channel 14/24 : 0 2 3 1
[36m(vLLMHttpServer pid=167792)[0m nid010803:169363:169363 [0] NCCL INFO Channel 15/24 : 0 2 1 3
[36m(vLLMHttpServer pid=167792)[0m nid010803:169363:169363 [0] NCCL INFO Channel 16/24 : 0 3 1 2
[36m(vLLMHttpServer pid=167792)[0m nid010803:169363:169363 [0] NCCL INFO Channel 17/24 : 0 3 2 1
[36m(vLLMHttpServer pid=167792)[0m nid010803:169363:169363 [0] NCCL INFO Channel 18/24 : 0 1 2 3
[36m(vLLMHttpServer pid=167792)[0m nid010803:169363:169363 [0] NCCL INFO Channel 19/24 : 0 1 3 2
[36m(vLLMHttpServer pid=167792)[0m nid010803:169363:169363 [0] NCCL INFO Channel 20/24 : 0 2 3 1
[36m(vLLMHttpServer pid=167792)[0m nid010803:169363:169363 [0] NCCL INFO Channel 21/24 : 0 2 1 3
[36m(vLLMHttpServer pid=167792)[0m nid010803:169363:169363 [0] NCCL INFO Channel 22/24 : 0 3 1 2
[36m(vLLMHttpServer pid=167792)[0m nid010803:169363:169363 [0] NCCL INFO Channel 23/24 : 0 3 2 1
[36m(vLLMHttpServer pid=167792)[0m nid010803:169363:169363 [0] NCCL INFO Trees [0] 1/-1/-1->0->-1 [1] 1/-1/-1->0->-1 [2] 1/-1/-1->0->-1 [3] 1/-1/-1->0->-1 [4] 2/-1/-1->0->-1 [5] 2/-1/-1->0->-1 [6] 2/-1/-1->0->-1 [7] 2/-1/-1->0->-1 [8] 3/-1/-1->0->1 [9] 3/-1/-1->0->1 [10] 3/-1/-1->0->1 [11] 3/-1/-1->0->1 [12] 1/-1/-1->0->-1 [13] 1/-1/-1->0->-1 [14] 1/-1/-1->0->-1 [15] 1/-1/-1->0->-1 [16] 2/-1/-1->0->-1 [17] 2/-1/-1->0->-1 [18] 2/-1/-1->0->-1 [19] 2/-1/-1->0->-1 [20] 3/-1/-1->0->1 [21] 3/-1/-1->0->1 [22] 3/-1/-1->0->1 [23] 3/-1/-1->0->1
[36m(vLLMHttpServer pid=167792)[0m nid010803:169363:169363 [0] NCCL INFO P2P Chunksize set to 524288
[36m(vLLMHttpServer pid=167792)[0m nid010803:169363:169363 [0] NCCL INFO PROFILER/Plugin: Could not find: libnccl-profiler.so
[36m(vLLMHttpServer pid=167792)[0m nid010803:169363:169363 [0] NCCL INFO Check P2P Type isAllDirectP2p 1 directMode 0
[36m(vLLMHttpServer pid=167792)[0m nid010803:169363:169972 [0] NCCL INFO [Proxy Service] Device 0 CPU core 37
[36m(vLLMHttpServer pid=167792)[0m nid010803:169363:169973 [0] NCCL INFO [Proxy Service UDS] Device 0 CPU core 39
[36m(vLLMHttpServer pid=167792)[0m nid010803:169363:169363 [0] NCCL INFO Channel 00/0 : 0[0] -> 1[1] via P2P/IPC
[36m(vLLMHttpServer pid=167792)[0m nid010803:169363:169363 [0] NCCL INFO Channel 01/0 : 0[0] -> 1[1] via P2P/IPC
[36m(vLLMHttpServer pid=167792)[0m nid010803:169363:169363 [0] NCCL INFO Channel 06/0 : 0[0] -> 1[1] via P2P/IPC
[36m(vLLMHttpServer pid=167792)[0m nid010803:169363:169363 [0] NCCL INFO Channel 07/0 : 0[0] -> 1[1] via P2P/IPC
[36m(vLLMHttpServer pid=167792)[0m nid010803:169363:169363 [0] NCCL INFO Channel 12/0 : 0[0] -> 1[1] via P2P/IPC
[36m(vLLMHttpServer pid=167792)[0m nid010803:169363:169363 [0] NCCL INFO Channel 13/0 : 0[0] -> 1[1] via P2P/IPC
[36m(vLLMHttpServer pid=167792)[0m nid010803:169363:169363 [0] NCCL INFO Channel 18/0 : 0[0] -> 1[1] via P2P/IPC
[36m(vLLMHttpServer pid=167792)[0m nid010803:169363:169363 [0] NCCL INFO Channel 19/0 : 0[0] -> 1[1] via P2P/IPC
[36m(vLLMHttpServer pid=167792)[0m nid010803:169363:169363 [0] NCCL INFO Channel 02/0 : 0[0] -> 2[2] via P2P/IPC
[36m(vLLMHttpServer pid=167792)[0m nid010803:169363:169363 [0] NCCL INFO Channel 03/0 : 0[0] -> 2[2] via P2P/IPC
[36m(vLLMHttpServer pid=167792)[0m nid010803:169363:169363 [0] NCCL INFO Channel 08/0 : 0[0] -> 2[2] via P2P/IPC
[36m(vLLMHttpServer pid=167792)[0m nid010803:169363:169363 [0] NCCL INFO Channel 09/0 : 0[0] -> 2[2] via P2P/IPC
[36m(vLLMHttpServer pid=167792)[0m nid010803:169363:169363 [0] NCCL INFO Channel 14/0 : 0[0] -> 2[2] via P2P/IPC
[36m(vLLMHttpServer pid=167792)[0m nid010803:169363:169363 [0] NCCL INFO Channel 15/0 : 0[0] -> 2[2] via P2P/IPC
[36m(vLLMHttpServer pid=167792)[0m nid010803:169363:169363 [0] NCCL INFO Channel 20/0 : 0[0] -> 2[2] via P2P/IPC
[36m(vLLMHttpServer pid=167792)[0m nid010803:169363:169363 [0] NCCL INFO Channel 21/0 : 0[0] -> 2[2] via P2P/IPC
[36m(vLLMHttpServer pid=167792)[0m nid010803:169363:169363 [0] NCCL INFO Channel 04/0 : 0[0] -> 3[3] via P2P/IPC
[36m(vLLMHttpServer pid=167792)[0m nid010803:169363:169363 [0] NCCL INFO Channel 05/0 : 0[0] -> 3[3] via P2P/IPC
[36m(vLLMHttpServer pid=167792)[0m nid010803:169363:169363 [0] NCCL INFO Channel 10/0 : 0[0] -> 3[3] via P2P/IPC
[36m(vLLMHttpServer pid=167792)[0m nid010803:169363:169363 [0] NCCL INFO Channel 11/0 : 0[0] -> 3[3] via P2P/IPC
[36m(vLLMHttpServer pid=167792)[0m nid010803:169363:169363 [0] NCCL INFO Channel 16/0 : 0[0] -> 3[3] via P2P/IPC
[36m(vLLMHttpServer pid=167792)[0m nid010803:169363:169363 [0] NCCL INFO Channel 17/0 : 0[0] -> 3[3] via P2P/IPC
[36m(vLLMHttpServer pid=167792)[0m nid010803:169363:169363 [0] NCCL INFO Channel 22/0 : 0[0] -> 3[3] via P2P/IPC
[36m(vLLMHttpServer pid=167792)[0m nid010803:169363:169363 [0] NCCL INFO Channel 23/0 : 0[0] -> 3[3] via P2P/IPC
[36m(vLLMHttpServer pid=167792)[0m nid010803:169363:169363 [0] NCCL INFO Connected all rings, use ring PXN 0 GDR 1
[36m(vLLMHttpServer pid=167792)[0m nid010803:169363:169363 [0] NCCL INFO Channel 02/0 : 0[0] -> 1[1] via P2P/IPC
[36m(vLLMHttpServer pid=167792)[0m nid010803:169363:169363 [0] NCCL INFO Channel 03/0 : 0[0] -> 1[1] via P2P/IPC
[36m(vLLMHttpServer pid=167792)[0m nid010803:169363:169363 [0] NCCL INFO Channel 08/0 : 0[0] -> 1[1] via P2P/IPC
[36m(vLLMHttpServer pid=167792)[0m nid010803:169363:169363 [0] NCCL INFO Channel 09/0 : 0[0] -> 1[1] via P2P/IPC
[36m(vLLMHttpServer pid=167792)[0m nid010803:169363:169363 [0] NCCL INFO Channel 10/0 : 0[0] -> 1[1] via P2P/IPC
[36m(vLLMHttpServer pid=167792)[0m nid010803:169363:169363 [0] NCCL INFO Channel 11/0 : 0[0] -> 1[1] via P2P/IPC
[36m(vLLMHttpServer pid=167792)[0m nid010803:169363:169363 [0] NCCL INFO Channel 14/0 : 0[0] -> 1[1] via P2P/IPC
[36m(vLLMHttpServer pid=167792)[0m nid010803:169363:169363 [0] NCCL INFO Channel 15/0 : 0[0] -> 1[1] via P2P/IPC
[36m(vLLMHttpServer pid=167792)[0m nid010803:169363:169363 [0] NCCL INFO Channel 20/0 : 0[0] -> 1[1] via P2P/IPC
[36m(vLLMHttpServer pid=167792)[0m nid010803:169363:169363 [0] NCCL INFO Channel 21/0 : 0[0] -> 1[1] via P2P/IPC
[36m(vLLMHttpServer pid=167792)[0m nid010803:169363:169363 [0] NCCL INFO Channel 22/0 : 0[0] -> 1[1] via P2P/IPC
[36m(vLLMHttpServer pid=167792)[0m nid010803:169363:169363 [0] NCCL INFO Channel 23/0 : 0[0] -> 1[1] via P2P/IPC
[36m(vLLMHttpServer pid=167792)[0m nid010803:169363:169363 [0] NCCL INFO Channel 04/0 : 0[0] -> 2[2] via P2P/IPC
[36m(vLLMHttpServer pid=167792)[0m nid010803:169363:169363 [0] NCCL INFO Channel 05/0 : 0[0] -> 2[2] via P2P/IPC
[36m(vLLMHttpServer pid=167792)[0m nid010803:169363:169363 [0] NCCL INFO Channel 06/0 : 0[0] -> 2[2] via P2P/IPC
[36m(vLLMHttpServer pid=167792)[0m nid010803:169363:169363 [0] NCCL INFO Channel 07/0 : 0[0] -> 2[2] via P2P/IPC
[36m(vLLMHttpServer pid=167792)[0m nid010803:169363:169363 [0] NCCL INFO Channel 16/0 : 0[0] -> 2[2] via P2P/IPC
[36m(vLLMHttpServer pid=167792)[0m nid010803:169363:169363 [0] NCCL INFO Channel 17/0 : 0[0] -> 2[2] via P2P/IPC
[36m(vLLMHttpServer pid=167792)[0m nid0108WARNING 02-14 09:55:57 [symm_mem.py:107] SymmMemCommunicator: symmetric memory multicast operations are not supported.
[36m(vLLMHttpServer pid=167792)[0m WARNING 02-14 09:55:57 [symm_mem.py:107] SymmMemCommunicator: symmetric memory multicast operations are not supported.
[36m(vLLMHttpServer pid=167792)[0m WARNING 02-14 09:55:57 [symm_mem.py:107] SymmMemCommunicator: symmetric memory multicast operations are not supported.
[36m(vLLMHttpServer pid=167792)[0m WARNING 02-14 09:55:57 [symm_mem.py:107] SymmMemCommunicator: symmetric memory multicast operations are not supported.
[36m(vLLMHttpServer pid=167792)[0m [0;36m(Worker_TP0 pid=169363)[0;0m Loading safetensors checkpoint shards:   0% Completed | 0/5 [00:00<?, ?it/s]
[36m(vLLMHttpServer pid=167792)[0m [0;36m(Worker_TP0 pid=169363)[0;0m Loading safetensors checkpoint shards:  20% Completed | 1/5 [00:00<00:00,  7.92it/s]
[36m(vLLMHttpServer pid=167792)[0m [0;36m(Worker_TP0 pid=169363)[0;0m Loading safetensors checkpoint shards:  40% Completed | 2/5 [00:00<00:00,  7.15it/s]
[36m(vLLMHttpServer pid=167792)[0m [0;36m(Worker_TP0 pid=169363)[0;0m Loading safetensors checkpoint shards:  60% Completed | 3/5 [00:00<00:00,  6.91it/s]
[36m(vLLMHttpServer pid=167792)[0m [0;36m(Worker_TP0 pid=169363)[0;0m Loading safetensors checkpoint shards:  80% Completed | 4/5 [00:00<00:00,  7.35it/s]
[36m(vLLMHttpServer pid=167792)[0m [0;36m(Worker_TP0 pid=169363)[0;0m Loading safetensors checkpoint shards: 100% Completed | 5/5 [00:00<00:00,  8.55it/s]
[36m(vLLMHttpServer pid=167792)[0m [0;36m(Worker_TP0 pid=169363)[0;0m 
[36m(vLLMHttpServer pid=167792)[0m nid010803:169363:169363 [0] NCCL INFO Initialized NET plugin Socket
[36m(vLLMHttpServer pid=167792)[0m nid010803:169363:169363 [0] NCCL INFO Assigned NET plugin Socket to comm
[36m(vLLMHttpServer pid=167792)[0m nid010803:169363:169363 [0] NCCL INFO Using network Socket
[36m(vLLMHttpServer pid=167792)[0m nid010803:169363:169363 [0] NCCL INFO ncclCommInitRank comm 0x3c6f1a80 rank 0 nranks 4 cudaDev 0 nvmlDev 0 busId 901000 commId 0x4d5c28f9d876e438 - Init START
[36m(vLLMHttpServer pid=167792)[0m nid010803:169363:169363 [0] NCCL INFO Bootstrap timings total 0.000858 (create 0.000026, send 0.000073, recv 0.000476, ring 0.000170, delay 0.000000)
[36m(vLLMHttpServer pid=167792)[0m nid010803:169363:169363 [0] NCCL INFO ncclTopoGetCpuAffinity: Affinity for GPU 0 is 0-71. (GPU affinity = 0-71 ; CPU affinity = 0-287).
[36m(vLLMHttpServer pid=167792)[0m nid010803:169363:169363 [0] NCCL INFO comm 0x3c6f1a80 rank 0 nRanks 4 nNodes 1 localRanks 4 localRank 0 MNNVL 0
[36m(vLLMHttpServer pid=167792)[0m nid010803:169363:169363 [0] NCCL INFO Channel 00/24 : 0 1 2 3
[36m(vLLMHttpServer pid=167792)[0m nid010803:169363:169363 [0] NCCL INFO Channel 01/24 : 0 1 3 2
[36m(vLLMHttpServer pid=167792)[0m nid010803:169363:169363 [0] NCCL INFO Channel 02/24 : 0 2 3 1
[36m(vLLMHttpServer pid=167792)[0m nid010803:169363:169363 [0] NCCL INFO Channel 03/24 : 0 2 1 3
[36m(vLLMHttpServer pid=167792)[0m nid010803:169363:169363 [0] NCCL INFO Channel 04/24 : 0 3 1 2
[36m(vLLMHttpServer pid=167792)[0m nid010803:169363:169363 [0] NCCL INFO Channel 05/24 : 0 3 2 1
[36m(vLLMHttpServer pid=167792)[0m nid010803:169363:169363 [0] NCCL INFO Channel 06/24 : 0 1 2 3
[36m(vLLMHttpServer pid=167792)[0m nid010803:169363:169363 [0] NCCL INFO Channel 07/24 : 0 1 3 2
[36m(vLLMHttpServer pid=167792)[0m nid010803:169363:169363 [0] NCCL INFO Channel 08/24 : 0 2 3 1
[36m(vLLMHttpServer pid=167792)[0m nid010803:169363:169363 [0] NCCL INFO Channel 09/24 : 0 2 1 3
[36m(vLLMHttpServer pid=167792)[0m nid010803:169363:169363 [0] NCCL INFO Channel 10/24 : 0 3 1 2
[36m(vLLMHttpServer pid=167792)[0m nid010803:169363:169363 [0] NCCL INFO Channel 11/24 : 0 3 2 1
[36m(vLLMHttpServer pid=167792)[0m nid010803:169363:169363 [0] NCCL INFO Channel 12/24 : 0 1 2 3
[36m(vLLMHttpServer pid=167792)[0m nid010803:169363:169363 [0] NCCL INFO Channel 13/24 : 0 1 3 2
[36m(vLLMHttpServer pid=167792)[0m nid010803:169363:169363 [0] NCCL INFO Channel 14/24 : 0 2 3 1
[36m(vLLMHttpServer pid=167792)[0m nid010803:169363:169363 [0] NCCL INFO Channel 15/24 : 0 2 1 3
[36m(vLLMHttpServer pid=167792)[0m nid010803:169363:169363 [0] NCCL INFO Channel 16/24 : 0 3 1 2
[36m(vLLMHttpServer pid=167792)[0m nid010803:169363:169363 [0] NCCL INFO Channel 17/24 : 0 3 2 1
[36m(vLLMHttpServer pid=167792)[0m nid010803:169363:169363 [0] NCCL INFO Channel 18/24 : 0 1 2 3
[36m(vLLMHttpServer pid=167792)[0m nid010803:169363:169363 [0] NCCL INFO Channel 19/24 : 0 1 3 2
[36m(vLLMHttpServer pid=167792)[0m nid010803:169363:169363 [0] NCCL INFO Channel 20/24 : 0 2 3 1
[36m(vLLMHttpServer pid=167792)[0m nid010803:169363:169363 [0] NCCL INFO Channel 21/24 : 0 2 1 3
[36m(vLLMHttpServer pid=167792)[0m nid010803:169363:169363 [0] NCCL INFO Channel 22/24 : 0 3 1 2
[36m(vLLMHttpServer pid=167792)[0m nid010803:169363:169363 [0] NCCL INFO Channel 23/24 : 0 3 2 1
[36m(vLLMHttpServer pid=167792)[0m nid010803:169363:169363 [0] NCCL INFO Trees [0] 1/-1/-1->0->-1 [1] 1/-1/-1->0->-1 [2] 1/-1/-1->0->-1 [3] 1/-1/-1->0->-1 [4] 2/-1/-1->0->-1 [5] 2/-1/-1->0->-1 [6] 2/-1/-1->0->-1 [7] 2/-1/-1->0->-1 [8] 3/-1/-1->0->1 [9] 3/-1/-1->0->1 [10] 3/-1/-1->0->1 [11] 3/-1/-1->0->1 [12] 1/-1/-1->0->-1 [13] 1/-1/-1->0->-1 [14] 1/-1/-1->0->-1 [15] 1/-1/-1->0->-1 [16] 2/-1/-1->0->-1 [17] 2/-1/-1->0->-1 [18] 2/-1/-1->0->-1 [19] 2/-1/-1->0->-1 [20] 3/-1/-1->0->1 [21] 3/-1/-1->0->1 [22] 3/-1/-1->0->1 [23] 3/-1/-1->0->1
[36m(vLLMHttpServer pid=167792)[0m nid010803:169363:169363 [0] NCCL INFO P2P Chunksize set to 524288
[36m(vLLMHttpServer pid=167792)[0m nid010803:169363:169363 [0] NCCL INFO Check P2P Type isAllDirectP2p 1 directMode 0
[36m(vLLMHttpServer pid=167792)[0m nid010803:169363:170121 [0] NCCL INFO [Proxy Service] Device 0 CPU core 59
[36m(vLLMHttpServer pid=167792)[0m nid010803:169363:170122 [0] NCCL INFO [Proxy Service UDS] Device 0 CPU core 60
[36m(vLLMHttpServer pid=167792)[0m nid010803:169363:169363 [0] NCCL INFO Channel 00/0 : 0[0] -> 1[1] via P2P/IPC
[36m(vLLMHttpServer pid=167792)[0m nid010803:169363:169363 [0] NCCL INFO Channel 01/0 : 0[0] -> 1[1] via P2P/IPC
[36m(vLLMHttpServer pid=167792)[0m nid010803:169363:169363 [0] NCCL INFO Channel 06/0 : 0[0] -> 1[1] via P2P/IPC
[36m(vLLMHttpServer pid=167792)[0m nid010803:169363:169363 [0] NCCL INFO Channel 07/0 : 0[0] -> 1[1] via P2P/IPC
[36m(vLLMHttpServer pid=167792)[0m nid010803:169363:169363 [0] NCCL INFO Channel 12/0 : 0[0] -> 1[1] via P2P/IPC
[36m(vLLMHttpServer pid=167792)[0m nid010803:169363:169363 [0] NCCL INFO Channel 13/0 : 0[0] -> 1[1] via P2P/IPC
[36m(vLLMHttpServer pid=167792)[0m nid010803:169363:169363 [0] NCCL INFO Channel 18/0 : 0[0] -> 1[1] via P2P/IPC
[36m(vLLMHttpServer pid=167792)[0m nid010803:169363:169363 [0] NCCL INFO Channel 19/0 : 0[0] -> 1[1] via P2P/IPC
[36m(vLLMHttpServer pid=167792)[0m nid010803:169363:169363 [0] NCCL INFO Channel 02/0 : 0[0] -> 2[2] via P2P/IPC
[36m(vLLMHttpServer pid=167792)[0m nid010803:169363:169363 [0] NCCL INFO Channel 03/0 : 0[0] -> 2[2] via P2P/IPC
[36m(vLLMHttpServer pid=167792)[0m nid010803:169363:169363 [0] NCCL INFO Channel 08/0 : 0[0] -> 2[2] via P2P/IPC
[36m(vLLMHttpServer pid=167792)[0m nid010803:169363:169363 [0] NCCL INFO Channel 09/0 : 0[0] -> 2[2] via P2P/IPC
[36m(vLLMHttpServer pid=167792)[0m nid010803:169363:169363 [0] NCCL INFO Channel 14/0 : 0[0] -> 2[2] via P2P/IPC
[36m(vLLMHttpServer pid=167792)[0m nid010803:169363:169363 [0] NCCL INFO Channel 15/0 : 0[0] -> 2[2] via P2P/IPC
[36m(vLLMHttpServer pid=167792)[0m nid010803:169363:169363 [0] NCCL INFO Channel 20/0 : 0[0] -> 2[2] via P2P/IPC
[36m(vLLMHttpServer pid=167792)[0m nid010803:169363:169363 [0] NCCL INFO Channel 21/0 : 0[0] -> 2[2] via P2P/IPC
[36m(vLLMHttpServer pid=167792)[0m nid010803:169363:169363 [0] NCCL INFO Channel 04/0 : 0[0] -> 3[3] via P2P/IPC
[36m(vLLMHttpServer pid=167792)[0m nid010803:169363:169363 [0] NCCL INFO Channel 05/0 : 0[0] -> 3[3] via P2P/IPC
[36m(vLLMHttpServer pid=167792)[0m nid010803:169363:169363 [0] NCCL INFO Channel 10/0 : 0[0] -> 3[3] via P2P/IPC
[36m(vLLMHttpServer pid=167792)[0m nid010803:169363:169363 [0] NCCL INFO Channel 11/0 : 0[0] -> 3[3] via P2P/IPC
[36m(vLLMHttpServer pid=167792)[0m nid010803:169363:169363 [0] NCCL INFO Channel 16/0 : 0[0] -> 3[3] via P2P/IPC
[36m(vLLMHttpServer pid=167792)[0m nid010803:169363:169363 [0] NCCL INFO Channel 17/0 : 0[0] -> 3[3] via P2P/IPC
[36m(vLLMHttpServer pid=167792)[0m nid010803:169363:169363 [0] NCCL INFO Channel 22/0 : 0[0] -> 3[3] via P2P/IPC
[36m(vLLMHttpServer pid=167792)[0m nid010803:169363:169363 [0] NCCL INFO Channel 23/0 : 0[0] -> 3[3] via P2P/IPC
[36m(vLLMHttpServer pid=167792)[0m nid010803:169363:169363 [0] NCCL INFO Connected all rings, use ring PXN 0 GDR 1
[36m(vLLMHttpServer pid=167792)[0m nid010803:169363:169363 [0] NCCL INFO Channel 02/0 : 0[0] -> 1[1] via P2P/IPC
[36m(vLLMHttpServer pid=167792)[0m nid010803:169363:169363 [0] NCCL INFO Channel 03/0 : 0[0] -> 1[1] via P2P/IPC
[36m(vLLMHttpServer pid=167792)[0m nid010803:169363:169363 [0] NCCL INFO Channel 08/0 : 0[0] -> 1[1] via P2P/IPC
[36m(vLLMHttpServer pid=167792)[0m nid010803:169363:169363 [0] NCCL INFO Channel 09/0 : 0[0] -> 1[1] via P2P/IPC
[36m(vLLMHttpServer pid=167792)[0m nid010803:169363:169363 [0] NCCL INFO Channel 10/0 : 0[0] -> 1[1] via P2P/IPC
[36m(vLLMHttpServer pid=167792)[0m nid010803:169363:169363 [0] NCCL INFO Channel 11/0 : 0[0] -> 1[1] via P2P/IPC
[36m(vLLMHttpServer pid=167792)[0m nid010803:169363:169363 [0] NCCL INFO Channel 14/0 : 0[0] -> 1[1] via P2P/IPC
[36m(vLLMHttpServer pid=167792)[0m nid010803:169363:169363 [0] NCCL INFO Channel 15/0 : 0[0] -> 1[1] via P2P/IPC
[36m(vLLMHttpServer pid=167792)[0m nid010803:169363:169363 [0] NCCL INFO Channel 20/0 : 0[0] -> 1[1] via P2P/IPC
[36m(vLLMHttpServer pid=167792)[0m nid010803:169363:169363 [0] NCCL INFO Channel 21/0 : 0[0] -> 1[1] via P2P/IPC
[36m(vLLMHttpServer pid=167792)[0m nid010803:169363:169363 [0] NCCL INFO Channel 22/0 : 0[0] -> 1[1] via P2P/IPC
[36m(vLLMHttpServer pid=167792)[0m nid010803:169363:169363 [0] NCCL INFO Channel 23/0 : 0[0] -> 1[1] via P2P/IPC
[36m(vLLMHttpServer pid=167792)[0m nid010803:169363:169363 [0] NCCL INFO Channel 04/0 : 0[0] -> 2[2] via P2P/IPC
[36m(vLLMHttpServer pid=167792)[0m nid010803:169363:169363 [0] NCCL INFO Channel 05/0 : 0[0] -> 2[2] via P2P/IPC
[36m(vLLMHttpServer pid=167792)[0m nid010803:169363:169363 [0] NCCL INFO Channel 06/0 : 0[0] -> 2[2] via P2P/IPC
[36m(vLLMHttpServer pid=167792)[0m nid010803:169363:169363 [0] NCCL INFO Channel 07/0 : 0[0] -> 2[2] via P2P/IPC
[36m(vLLMHttpServer pid=167792)[0m nid010803:169363:169363 [0] NCCL INFO Channel 16/0 : 0[0] -> 2[2] via P2P/IPC
[36m(vLLMHttpServer pid=167792)[0m nid010803:169363:169363 [0] NCCL INFO Channel 17/0 : 0[0] -> 2[2] via P2P/IPC
[36m(vLLMHttpServer pid=167792)[0m nid010803:169363:169363 [0] NCCL INFO Channel 18/0 : 0[0] -> 2[2] via P2P/IPC
[36m(vLLMHttpServer pid=167792)[0m nid010803:169363:169363 [0] NCCL INFO Channel 19/0 : 0[0] -> 2[2] via P2P/IPC
[36m(vLLMHttpServer pid=167792)[0m nid010803:169363:169363 [0] NCCL INFO Channel 08/0 : 0[0] -> 3[3] via P2P/IPC
[36m(vLLMHttpServer pid=167792)[0m nid010803:169363:169363 [0] NCCL INFO Channel 09/0 : 0[0] -> 3[3] via P2P/IPC
[36m(vLLMHttpServer pid=167792)[0m nid010803:169363:169363 [0] NCCL INFO Channel 20/0 : 0[0] -> 3[3] via P2P/IPC
[36m(vLLMHttpServer pid=167792)[0m nid010803:169363:169363 [0] NCCL INFO Channel 21/0 : 0[0] -> 3[3] via P2P/IPC
[36m(vLLMHttpServer pid=167792)[0m nid010803:169363:169363 [0] NCCL INFO Connected all trees
[36m(vLLMHttpServer pid=167792)[0m nid010803:169363:170138 [0] NCCL INFO [Proxy Progress] Device 0 CPU core 8
[36m(vLLMHttpServer pid=167792)[0m nid010803:169363:169363 [0] NCCL INFO threadThresholds 8/8/64 | 32/8/64 | 512 | 512
[36m(vLLMHttpServer pid=167792)[0m nid010803:169363:169363 [0] NCCL INFO 24 coll channels, 24 collnet channels, 0 nvls channels, 32 p2p channels, 16 p2p channels per peer
[36m(vLLMHttpServer pid=167792)[0m nid010803:169363:169363 [0] NCCL INFO CC Off, workFifoBytes 1048576
[36m(vLLMHttpServer pid=167792)[0m nid010803:169363:169363 [0] NCCL INFO ncclCommInitRank comm 0x3c6f1a80 rank 0 nranks 4 cudaDev 0 nvmlDev 0 busId 901000 commId 0x4d5c28f9d876e438 - Init COMPLETE
[36m(vLLMHttpServer pid=167792)[0m nid010803:169363:169363 [0] NCCL INFO Init timings - ncclCommInitRank: rank 0 nranks 4 total 0.15 (kernels 0.00, alloc 0.00, bootstrap 0.00, allgathers 0.00, topo 0.02, graphs 0.01, connections 0.12, rest 0.00)
[36m(vLLMHttpServer pid=167792)[0m nid010803:169363:169363 [0] NCCL INFO Comm config Blocking set to 1
[36m(vLLMHttpServer pid=167792)[0m nid010803:169363:169363 [0] NCCL INFO Initialized NET plugin Socket
[36m(vLLMHttpServer pid=167792)[0m nid010803:169363:169363 [0] NCCL INFO Assigned NET plugin Socket to comm
[36m(vLLMHttpServer pid=167792)[0m nid010803:169363:169363 [0] NCCL INFO Using network Socket
[36m(vLLMHttpServer pid=167792)[0m nid010803:169363:169363 [0] NCCL INFO ncclCommInitRankConfig comm 0x5111e210 rank 0 nranks 4 cudaDev 0 nvmlDev 0 busId 901000 commId 0xc1a66ca34a6af11d - Init START
[36m(vLLMHttpServer pid=167792)[0m nid010803:169363:169363 [0] NCCL INFO Bootstrap timings total 0.001077 (create 0.000035nid010803:169365:169365 [2] NCCL INFO Initialized NET plugin Socket
[36m(vLLMHttpServer pid=167792)[0m nid010803:169365:169365 [2] NCCL INFO Assigned NET plugin Socket to comm
[36m(vLLMHttpServer pid=167792)[0m nid010803:169365:169365 [2] NCCL INFO Using network Socket
[36m(vLLMHttpServer pid=167792)[0m nid010803:169365:169365 [2] NCCL INFO ncclCommInitRank comm 0x56251820 rank 2 nranks 4 cudaDev 2 nvmlDev 2 busId 2901000 commId 0x4d5c28f9d876e438 - Init START
[36m(vLLMHttpServer pid=167792)[0m nid010803:169365:169365 [2] NCCL INFO Bootstrap timings total 0.000611 (create 0.000029, send 0.000142, recv 0.000088, ring 0.000099, delay 0.000000)
[36m(vLLMHttpServer pid=167792)[0m nid010803:169365:169365 [2] NCCL INFO ncclTopoGetCpuAffinity: Affinity for GPU 2 is 144-215. (GPU affinity = 144-215 ; CPU affinity = 0-287).
[36m(vLLMHttpServer pid=167792)[0m nid010803:169365:169365 [2] NCCL INFO comm 0x56251820 rank 2 nRanks 4 nNodes 1 localRanks 4 localRank 2 MNNVL 0
[36m(vLLMHttpServer pid=167792)[0m nid010803:169365:169365 [2] NCCL INFO Trees [0] 3/-1/-1->2->1 [1] 3/-1/-1->2->1 [2] 3/-1/-1->2->1 [3] 3/-1/-1->2->1 [4] 1/-1/-1->2->0 [5] 1/-1/-1->2->0 [6] 1/-1/-1->2->0 [7] 1/-1/-1->2->0 [8] -1/-1/-1->2->3 [9] -1/-1/-1->2->3 [10] -1/-1/-1->2->3 [11] -1/-1/-1->2->3 [12] 3/-1/-1->2->1 [13] 3/-1/-1->2->1 [14] 3/-1/-1->2->1 [15] 3/-1/-1->2->1 [16] 1/-1/-1->2->0 [17] 1/-1/-1->2->0 [18] 1/-1/-1->2->0 [19] 1/-1/-1->2->0 [20] -1/-1/-1->2->3 [21] -1/-1/-1->2->3 [22] -1/-1/-1->2->3 [23] -1/-1/-1->2->3
[36m(vLLMHttpServer pid=167792)[0m nid010803:169365:169365 [2] NCCL INFO P2P Chunksize set to 524288
[36m(vLLMHttpServer pid=167792)[0m nid010803:169365:170123 [0] NCCL INFO [Proxy Service] Device 2 CPU core 155
[36m(vLLMHttpServer pid=167792)[0m nid010803:169365:170125 [0] NCCL INFO [Proxy Service UDS] Device 2 CPU core 160
[36m(vLLMHttpServer pid=167792)[0m nid010803:169365:169365 [2] NCCL INFO Channel 00/0 : 2[2] -> 3[3] via P2P/IPC
[36m(vLLMHttpServer pid=167792)[0m nid010803:169365:169365 [2] NCCL INFO Channel 02/0 : 2[2] -> 3[3] via P2P/IPC
[36m(vLLMHttpServer pid=167792)[0m nid010803:169365:169365 [2] NCCL INFO Channel 06/0 : 2[2] -> 3[3] via P2P/IPC
[36m(vLLMHttpServer pid=167792)[0m nid010803:169365:169365 [2] NCCL INFO Channel 08/0 : 2[2] -> 3[3] via P2P/IPC
[36m(vLLMHttpServer pid=167792)[0m nid010803:169365:169365 [2] NCCL INFO Channel 12/0 : 2[2] -> 3[3] via P2P/IPC
[36m(vLLMHttpServer pid=167792)[0m nid010803:169365:169365 [2] NCCL INFO Channel 14/0 : 2[2] -> 3[3] via P2P/IPC
[36m(vLLMHttpServer pid=167792)[0m nid010803:169365:169365 [2] NCCL INFO Channel 18/0 : 2[2] -> 3[3] via P2P/IPC
[36m(vLLMHttpServer pid=167792)[0m nid010803:169365:169365 [2] NCCL INFO Channel 20/0 : 2[2] -> 3[3] via P2P/IPC
[36m(vLLMHttpServer pid=167792)[0m nid010803:169365:169365 [2] NCCL INFO Channel 01/0 : 2[2] -> 0[0] via P2P/IPC
[36m(vLLMHttpServer pid=167792)[0m nid010803:169365:169365 [2] NCCL INFO Channel 04/0 : 2[2] -> 0[0] via P2P/IPC
[36m(vLLMHttpServer pid=167792)[0m nid010803:169365:169365 [2] NCCL INFO Channel 07/0 : 2[2] -> 0[0] via P2P/IPC
[36m(vLLMHttpServer pid=167792)[0m nid010803:169365:169365 [2] NCCL INFO Channel 10/0 : 2[2] -> 0[0] via P2P/IPC
[36m(vLLMHttpServer pid=167792)[0m nid010803:169365:169365 [2] NCCL INFO Channel 13/0 : 2[2] -> 0[0] via P2P/IPC
[36m(vLLMHttpServer pid=167792)[0m nid010803:169365:169365 [2] NCCL INFO Channel 16/0 : 2[2] -> 0[0] via P2P/IPC
[36m(vLLMHttpServer pid=167792)[0m nid010803:169365:169365 [2] NCCL INFO Channel 19/0 : 2[2] -> 0[0] via P2P/IPC
[36m(vLLMHttpServer pid=167792)[0m nid010803:169365:169365 [2] NCCL INFO Channel 22/0 : 2[2] -> 0[0] via P2P/IPC
[36m(vLLMHttpServer pid=167792)[0m nid010803:169365:169365 [2] NCCL INFO Channel 03/0 : 2[2] -> 1[1] via P2P/IPC
[36m(vLLMHttpServer pid=167792)[0m nid010803:169365:169365 [2] NCCL INFO Channel 05/0 : 2[2] -> 1[1] via P2P/IPC
[36m(vLLMHttpServer pid=167792)[0m nid010803:169365:169365 [2] NCCL INFO Channel 09/0 : 2[2] -> 1[1] via P2P/IPC
[36m(vLLMHttpServer pid=167792)[0m nid010803:169365:169365 [2] NCCL INFO Channel 11/0 : 2[2] -> 1[1] via P2P/IPC
[36m(vLLMHttpServer pid=167792)[0m nid010803:169365:169365 [2] NCCL INFO Channel 15/0 : 2[2] -> 1[1] via P2P/IPC
[36m(vLLMHttpServer pid=167792)[0m nid010803:169365:169365 [2] NCCL INFO Channel 17/0 : 2[2] -> 1[1] via P2P/IPC
[36m(vLLMHttpServer pid=167792)[0m nid010803:169365:169365 [2] NCCL INFO Channel 21/0 : 2[2] -> 1[1] via P2P/IPC
[36m(vLLMHttpServer pid=167792)[0m nid010803:169365:169365 [2] NCCL INFO Channel 23/0 : 2[2] -> 1[1] via P2P/IPC
[36m(vLLMHttpServer pid=167792)[0m nid010803:169365:169365 [2] NCCL INFO Connected all rings, use ring PXN 0 GDR 1
[36m(vLLMHttpServer pid=167792)[0m nid010803:169365:169365 [2] NCCL INFO Channel 01/0 : 2[2] -> 3[3] via P2P/IPC
[36m(vLLMHttpServer pid=167792)[0m nid010803:169365:169365 [2] NCCL INFO Channel 03/0 : 2[2] -> 3[3] via P2P/IPC
[36m(vLLMHttpServer pid=167792)[0m nid010803:169365:169365 [2] NCCL INFO Channel 09/0 : 2[2] -> 3[3] via P2P/IPC
[36m(vLLMHttpServer pid=167792)[0m nid010803:169365:169365 [2] NCCL INFO Channel 10/0 : 2[2] -> 3[3] via P2P/IPC
[36m(vLLMHttpServer pid=167792)[0m nid010803:169365:169365 [2] NCCL INFO Channel 11/0 : 2[2] -> 3[3] via P2P/IPC
[36m(vLLMHttpServer pid=167792)[0m nid010803:169365:169365 [2] NCCL INFO Channel 13/0 : 2[2] -> 3[3] via P2P/IPC
[36m(vLLMHttpServer pid=167792)[0m nid010803:169365:169365 [2] NCCL INFO Channel 15/0 : 2[2] -> 3[3] via P2P/IPC
[36m(vLLMHttpServer pid=167792)[0m nid010803:169365:169365 [2] NCCL INFO Channel 21/0 : 2[2] -> 3[3] via P2P/IPC
[36m(vLLMHttpServer pid=167792)[0m nid010803:169365:169365 [2] NCCL INFO Channel 22/0 : 2[2] -> 3[3] via P2P/IPC
[36m(vLLMHttpServer pid=167792)[0m nid010803:169365:169365 [2] NCCL INFO Channel 23/0 : 2[2] -> 3[3] via P2P/IPC
[36m(vLLMHttpServer pid=167792)[0m nid010803:169365:169365 [2] NCCL INFO Channel 05/0 : 2[2] -> 0[0] via P2P/IPC
[36m(vLLMHttpServer pid=167792)[0m nid010803:169365:169365 [2] NCCL INFO Channel 06/0 : 2[2] -> 0[0] via P2P/IPC
[36m(vLLMHttpServer pid=167792)[0m nid010803:169365:169365 [2] NCCL INFO Channel 17/0 : 2[2] -> 0[0] via P2P/IPC
[36m(vLLMHttpServer pid=167792)[0m nid010803:169365:169365 [2] NCCL INFO Channel 18/0 : 2[2] -> 0[0] via P2P/IPC
[36m(vLLMHttpServer pid=167792)[0m nid010803:169365:169365 [2] NCCL INFO Channel 00/0 : 2[2] -> 1[1] via P2P/IPC
[36m(vLLMHttpServer pid=167792)[0m nid010803:169365:169365 [2] NCCL INFO Channel 01/0 : 2[2] -> 1[1] via P2P/IPC
[36m(vLLMHttpServer pid=167792)[0m nid010803:169365:169365 [2] NCCL INFO Channel 02/0 : 2[2] -> 1[1] via P2P/IPC
[36m(vLLMHttpServer pid=167792)[0m nid010803:169365:169365 [2] NCCL INFO Channel 04/0 : 2[2] -> 1[1] via P2P/IPC
[36m(vLLMHttpServer pid=167792)[0m nid010803:169365:169365 [2] NCCL INFO Channel 06/0 : 2[2] -> 1[1] via P2P/IPC
[36m(vLLMHttpServer pid=167792)[0m nid010803:169365:169365 [2] NCCL INFO Channel 07/0 : 2[2] -> 1[1] via P2P/IPC
[36m(vLLMHttpServer pid=167792)[0m nid010803:169365:169365 [2] NCCL INFO Channel 12/0 : 2[2] -> 1[1] via P2P/IPC
[36m(vLLMHttpServer pid=167792)[0m nid010803:169365:169365 [2] NCCL INFO Channel 13/0 : 2[2] -> 1[1] via P2P/IPC
[36m(vLLMHttpServer pid=167792)[0m nid010803:169365:169365 [2] NCCL INFO Channel 14/0 : 2[2] -> 1[1] via P2P/IPC
[36m(vLLMHttpServer pid=167792)[0m nid010803:169365:169365 [2] NCCL INFO Channel 16/0 : 2[2] -> 1[1] via P2P/IPC
[36m(vLLMHttpServer pid=167792)[0m nid010803:169365:169365 [2] NCCL INFO Channel 18/0 : 2[2] -> 1[1] via P2P/IPC
[36m(vLLMHttpServer pid=167792)[0m nid010803:169365:169365 [2] NCCL INFO Channel 19/0 : 2[2] -> 1[1] via P2P/IPC
[36m(vLLMHttpServer pid=167792)[0m nid010803:169365:169365 [2] NCCL INFO Connected all trees
[36m(vLLMHttpServer pid=167792)[0m nid010803:169365:170139 [0] NCCL INFO [Proxy Progress] Device 2 CPU core 166
[36m(vLLMHttpServer pid=167792)[0m nid010803:169365:169365 [2] NCCL INFO threadThresholds 8/8/64 | 32/8/64 | 512 | 512
[36m(vLLMHttpServer pid=167792)[0m nid010803:169365:169365 [2] NCCL INFO 24 coll channels, 24 collnet channels, 0 nvls channels, 32 p2p channels, 16 p2p channels per peer
[36m(vLLMHttpServer pid=167792)[0m nid010803:169365:169365 [2] NCCL INFO ncclCommInitRank comm 0x56251820 rank 2 nranks 4 cudaDev 2 nvmlDev 2 busId 2901000 commId 0x4d5c28f9d876e438 - Init COMPLETE
[36m(vLLMHttpServer pid=167792)[0m nid010803:169365:169365 [2] NCCL INFO Init timings - ncclCommInitRank: rank 2 nranks 4 total 0.15 (kernels 0.00, alloc 0.00, bootstrap 0.00, allgathers 0.00, topo 0.02, graphs 0.01, connections 0.12, rest 0.00)
[36m(vLLMHttpServer pid=167792)[0m nid010803:169365:169365 [2] NCCL INFO Comm config Blocking set to 1
[36m(vLLMHttpServer pid=167792)[0m nid010803:169365:169365 [2] NCCL INFO Initialized NET plugin Socket
[36m(vLLMHttpServer pid=167792)[0m nid010803:169365:169365 [2] NCCL INFO Assigned NET plugin Socket to comm
[36m(vLLMHttpServer pid=167792)[0m nid010803:169365:169365 [2] NCCL INFO Using network Socket
[36m(vLLMHttpServer pid=167792)[0m nid010803:169365:169365 [2] NCCL INFO ncclCommInitRankConfig comm 0x6ac8d950 rank 2 nranks 4 cudaDev 2 nvmlDev 2 busId 2901000 commId 0xc1a66ca34a6af11d - Init START
[36m(vLLMHttpServer pid=167792)[0m nid010803:169365:169365 [2] NCCL INFO Bootstrap timings total 0.000663 (create 0.000066, send 0.000208, recv 0.000110, ring 0.000082, delay 0.000000)
[36m(vLLMHttpServer pid=167792)[0m nid010803:169365:169365 [2] NCCL INFO ncclTopoGetCpuAffinity: Affinity for GPU 2 is 144-215. (GPU affinity = 144-215 ; CPU affinity = 0-287).
[36m(vLLMHttpServer pid=167792)[0m nid010803:169365:169365 [2] NCCL INFO comm 0x6ac8d950 rank 2 nRanks 4 nNodes 1 localRanks 4 localRank 2 MNNVL 0
[36m(vLLMHttpServer pid=167792)[0m nid010803:169365:169365 [2] NCCL INFO Trees [0] 3/-1/-1->2->1 [1] 3/-1/-1->2->1 [2] 3/-1/-1->2->1 [3] 3/-1/-1->2->1 [4] 1/-1/-1->2->0 [5] 1/-1/-1->2->0 [6] 1/-1/-1->2->0 [7] 1/-1/-1->2->0 [8] -1/-1/-1->2->3 [9] -1/-1/-1->2->3 [10] -1/-1/-1->2->3 [11] -1/-1/-1->2->3 [12] 3/-1/-1->2->1 [13] 3/-1/-1->2->1 [14] 3/-1/-1->2->1 [15] 3/-1/-1->2->1 [16] 1/-1/-1->2->0 [17] 1/-1/-1->2->0 [18] 1/-1/-1->2->0 [19] 1/-1/-1->2->0 [20] -1/-1/-1->2->3 [21] -1/-1/-1->2->3 [22] -1/-1/-1->2->3 [23] -1/-1/-1->2->3
[36m(vLLMHttpServer pid=167792)[0m nid010803:169365:169365 [2] NCCL INFO P2P Chunksize set to 524288
[36m(vLLMHttpServer pid=167792)[0m nid010803:169365:171350 [0] NCCL INFO [Proxy Service] Device 2 CPU core 173
[36m(vLLMHttpServer pid=167792)[0m nid010803:169365:171351 [0] NCCL INFO [Proxy Service UDS] Device 2 CPU core 194
[36m(vLLMHttpServer pid=167792)[0m nid010803:169365:169365 [2] NCCL INFO Channel 00/0 : 2[2] -> 3[3] via P2P/IPC
[36m(vLLMHttpServer pid=167792)[0m nid010803:169365:169365 [2] NCCL INFO Channel 02/0 : 2[2] -> 3[3] via P2P/IPC
[36m(vLLMHttpServer pid=167792)[0m nid010803:169365:169365 [2] NCCL INFO Channel 06/0 : 2[2] -> 3[3] via P2P/IPC
[36m(vLLMHttpServer pid=167792)[0m nid010803:169365:169365 [2] NCCL INFO Channel 08/0 : 2[2] -> 3[3] via P2P/IPC
[36m(vLLMHttpServer pid=167792)[0m nid010803:169365:169365 [2] NCCL INFO Channel 12/0 : 2[2] -> 3[3] via P2P/IPC
[36m(vLLMHttpServer pid=167792)[0m nid010803:169365:169365 [2] NCCL INFO Channel 14/0 nid010803:169364:169364 [1] NCCL INFO Initialized NET plugin Socket
[36m(vLLMHttpServer pid=167792)[0m nid010803:169364:169364 [1] NCCL INFO Assigned NET plugin Socket to comm
[36m(vLLMHttpServer pid=167792)[0m nid010803:169364:169364 [1] NCCL INFO Using network Socket
[36m(vLLMHttpServer pid=167792)[0m nid010803:169364:169364 [1] NCCL INFO ncclCommInitRank comm 0x23ed0b30 rank 1 nranks 4 cudaDev 1 nvmlDev 1 busId 1901000 commId 0x4d5c28f9d876e438 - Init START
[36m(vLLMHttpServer pid=167792)[0m nid010803:169364:169364 [1] NCCL INFO Bootstrap timings total 0.000584 (create 0.000026, send 0.000077, recv 0.000258, ring 0.000067, delay 0.000000)
[36m(vLLMHttpServer pid=167792)[0m nid010803:169364:169364 [1] NCCL INFO ncclTopoGetCpuAffinity: Affinity for GPU 1 is 72-143. (GPU affinity = 72-143 ; CPU affinity = 0-287).
[36m(vLLMHttpServer pid=167792)[0m nid010803:169364:169364 [1] NCCL INFO comm 0x23ed0b30 rank 1 nRanks 4 nNodes 1 localRanks 4 localRank 1 MNNVL 0
[36m(vLLMHttpServer pid=167792)[0m nid010803:169364:169364 [1] NCCL INFO Trees [0] 2/-1/-1->1->0 [1] 2/-1/-1->1->0 [2] 2/-1/-1->1->0 [3] 2/-1/-1->1->0 [4] 3/-1/-1->1->2 [5] 3/-1/-1->1->2 [6] 3/-1/-1->1->2 [7] 3/-1/-1->1->2 [8] 0/-1/-1->1->-1 [9] 0/-1/-1->1->-1 [10] 0/-1/-1->1->-1 [11] 0/-1/-1->1->-1 [12] 2/-1/-1->1->0 [13] 2/-1/-1->1->0 [14] 2/-1/-1->1->0 [15] 2/-1/-1->1->0 [16] 3/-1/-1->1->2 [17] 3/-1/-1->1->2 [18] 3/-1/-1->1->2 [19] 3/-1/-1->1->2 [20] 0/-1/-1->1->-1 [21] 0/-1/-1->1->-1 [22] 0/-1/-1->1->-1 [23] 0/-1/-1->1->-1
[36m(vLLMHttpServer pid=167792)[0m nid010803:169364:169364 [1] NCCL INFO P2P Chunksize set to 524288
[36m(vLLMHttpServer pid=167792)[0m nid010803:169364:170124 [0] NCCL INFO [Proxy Service] Device 1 CPU core 136
[36m(vLLMHttpServer pid=167792)[0m nid010803:169364:170126 [0] NCCL INFO [Proxy Service UDS] Device 1 CPU core 119
[36m(vLLMHttpServer pid=167792)[0m nid010803:169364:169364 [1] NCCL INFO Channel 00/0 : 1[1] -> 2[2] via P2P/IPC
[36m(vLLMHttpServer pid=167792)[0m nid010803:169364:169364 [1] NCCL INFO Channel 04/0 : 1[1] -> 2[2] via P2P/IPC
[36m(vLLMHttpServer pid=167792)[0m nid010803:169364:169364 [1] NCCL INFO Channel 06/0 : 1[1] -> 2[2] via P2P/IPC
[36m(vLLMHttpServer pid=167792)[0m nid010803:169364:169364 [1] NCCL INFO Channel 10/0 : 1[1] -> 2[2] via P2P/IPC
[36m(vLLMHttpServer pid=167792)[0m nid010803:169364:169364 [1] NCCL INFO Channel 12/0 : 1[1] -> 2[2] via P2P/IPC
[36m(vLLMHttpServer pid=167792)[0m nid010803:169364:169364 [1] NCCL INFO Channel 16/0 : 1[1] -> 2[2] via P2P/IPC
[36m(vLLMHttpServer pid=167792)[0m nid010803:169364:169364 [1] NCCL INFO Channel 18/0 : 1[1] -> 2[2] via P2P/IPC
[36m(vLLMHttpServer pid=167792)[0m nid010803:169364:169364 [1] NCCL INFO Channel 22/0 : 1[1] -> 2[2] via P2P/IPC
[36m(vLLMHttpServer pid=167792)[0m nid010803:169364:169364 [1] NCCL INFO Channel 01/0 : 1[1] -> 3[3] via P2P/IPC
[36m(vLLMHttpServer pid=167792)[0m nid010803:169364:169364 [1] NCCL INFO Channel 03/0 : 1[1] -> 3[3] via P2P/IPC
[36m(vLLMHttpServer pid=167792)[0m nid010803:169364:169364 [1] NCCL INFO Channel 07/0 : 1[1] -> 3[3] via P2P/IPC
[36m(vLLMHttpServer pid=167792)[0m nid010803:169364:169364 [1] NCCL INFO Channel 09/0 : 1[1] -> 3[3] via P2P/IPC
[36m(vLLMHttpServer pid=167792)[0m nid010803:169364:169364 [1] NCCL INFO Channel 13/0 : 1[1] -> 3[3] via P2P/IPC
[36m(vLLMHttpServer pid=167792)[0m nid010803:169364:169364 [1] NCCL INFO Channel 15/0 : 1[1] -> 3[3] via P2P/IPC
[36m(vLLMHttpServer pid=167792)[0m nid010803:169364:169364 [1] NCCL INFO Channel 19/0 : 1[1] -> 3[3] via P2P/IPC
[36m(vLLMHttpServer pid=167792)[0m nid010803:169364:169364 [1] NCCL INFO Channel 21/0 : 1[1] -> 3[3] via P2P/IPC
[36m(vLLMHttpServer pid=167792)[0m nid010803:169364:169364 [1] NCCL INFO Channel 02/0 : 1[1] -> 0[0] via P2P/IPC
[36m(vLLMHttpServer pid=167792)[0m nid010803:169364:169364 [1] NCCL INFO Channel 05/0 : 1[1] -> 0[0] via P2P/IPC
[36m(vLLMHttpServer pid=167792)[0m nid010803:169364:169364 [1] NCCL INFO Channel 08/0 : 1[1] -> 0[0] via P2P/IPC
[36m(vLLMHttpServer pid=167792)[0m nid010803:169364:169364 [1] NCCL INFO Channel 11/0 : 1[1] -> 0[0] via P2P/IPC
[36m(vLLMHttpServer pid=167792)[0m nid010803:169364:169364 [1] NCCL INFO Channel 14/0 : 1[1] -> 0[0] via P2P/IPC
[36m(vLLMHttpServer pid=167792)[0m nid010803:169364:169364 [1] NCCL INFO Channel 17/0 : 1[1] -> 0[0] via P2P/IPC
[36m(vLLMHttpServer pid=167792)[0m nid010803:169364:169364 [1] NCCL INFO Channel 20/0 : 1[1] -> 0[0] via P2P/IPC
[36m(vLLMHttpServer pid=167792)[0m nid010803:169364:169364 [1] NCCL INFO Channel 23/0 : 1[1] -> 0[0] via P2P/IPC
[36m(vLLMHttpServer pid=167792)[0m nid010803:169364:169364 [1] NCCL INFO Connected all rings, use ring PXN 0 GDR 1
[36m(vLLMHttpServer pid=167792)[0m nid010803:169364:169364 [1] NCCL INFO Channel 01/0 : 1[1] -> 2[2] via P2P/IPC
[36m(vLLMHttpServer pid=167792)[0m nid010803:169364:169364 [1] NCCL INFO Channel 02/0 : 1[1] -> 2[2] via P2P/IPC
[36m(vLLMHttpServer pid=167792)[0m nid010803:169364:169364 [1] NCCL INFO Channel 03/0 : 1[1] -> 2[2] via P2P/IPC
[36m(vLLMHttpServer pid=167792)[0m nid010803:169364:169364 [1] NCCL INFO Channel 05/0 : 1[1] -> 2[2] via P2P/IPC
[36m(vLLMHttpServer pid=167792)[0m nid010803:169364:169364 [1] NCCL INFO Channel 07/0 : 1[1] -> 2[2] via P2P/IPC
[36m(vLLMHttpServer pid=167792)[0m nid010803:169364:169364 [1] NCCL INFO Channel 13/0 : 1[1] -> 2[2] via P2P/IPC
[36m(vLLMHttpServer pid=167792)[0m nid010803:169364:169364 [1] NCCL INFO Channel 14/0 : 1[1] -> 2[2] via P2P/IPC
[36m(vLLMHttpServer pid=167792)[0m nid010803:169364:169364 [1] NCCL INFO Channel 15/0 : 1[1] -> 2[2] via P2P/IPC
[36m(vLLMHttpServer pid=167792)[0m nid010803:169364:169364 [1] NCCL INFO Channel 17/0 : 1[1] -> 2[2] via P2P/IPC
[36m(vLLMHttpServer pid=167792)[0m nid010803:169364:169364 [1] NCCL INFO Channel 19/0 : 1[1] -> 2[2] via P2P/IPC
[36m(vLLMHttpServer pid=167792)[0m nid010803:169364:169364 [1] NCCL INFO Channel 04/0 : 1[1] -> 3[3] via P2P/IPC
[36m(vLLMHttpServer pid=167792)[0m nid010803:169364:169364 [1] NCCL INFO Channel 05/0 : 1[1] -> 3[3] via P2P/IPC
[36m(vLLMHttpServer pid=167792)[0m nid010803:169364:169364 [1] NCCL INFO Channel 06/0 : 1[1] -> 3[3] via P2P/IPC
[36m(vLLMHttpServer pid=167792)[0m nid010803:169364:169364 [1] NCCL INFO Channel 16/0 : 1[1] -> 3[3] via P2P/IPC
[36m(vLLMHttpServer pid=167792)[0m nid010803:169364:169364 [1] NCCL INFO Channel 17/0 : 1[1] -> 3[3] via P2P/IPC
[36m(vLLMHttpServer pid=167792)[0m nid010803:169364:169364 [1] NCCL INFO Channel 18/0 : 1[1] -> 3[3] via P2P/IPC
[36m(vLLMHttpServer pid=167792)[0m nid010803:169364:169364 [1] NCCL INFO Channel 00/0 : 1[1] -> 0[0] via P2P/IPC
[36m(vLLMHttpServer pid=167792)[0m nid010803:169364:169364 [1] NCCL INFO Channel 01/0 : 1[1] -> 0[0] via P2P/IPC
[36m(vLLMHttpServer pid=167792)[0m nid010803:169364:169364 [1] NCCL INFO Channel 03/0 : 1[1] -> 0[0] via P2P/IPC
[36m(vLLMHttpServer pid=167792)[0m nid010803:169364:169364 [1] NCCL INFO Channel 09/0 : 1[1] -> 0[0] via P2P/IPC
[36m(vLLMHttpServer pid=167792)[0m nid010803:169364:169364 [1] NCCL INFO Channel 10/0 : 1[1] -> 0[0] via P2P/IPC
[36m(vLLMHttpServer pid=167792)[0m nid010803:169364:169364 [1] NCCL INFO Channel 12/0 : 1[1] -> 0[0] via P2P/IPC
[36m(vLLMHttpServer pid=167792)[0m nid010803:169364:169364 [1] NCCL INFO Channel 13/0 : 1[1] -> 0[0] via P2P/IPC
[36m(vLLMHttpServer pid=167792)[0m nid010803:169364:169364 [1] NCCL INFO Channel 15/0 : 1[1] -> 0[0] via P2P/IPC
[36m(vLLMHttpServer pid=167792)[0m nid010803:169364:169364 [1] NCCL INFO Channel 21/0 : 1[1] -> 0[0] via P2P/IPC
[36m(vLLMHttpServer pid=167792)[0m nid010803:169364:169364 [1] NCCL INFO Channel 22/0 : 1[1] -> 0[0] via P2P/IPC
[36m(vLLMHttpServer pid=167792)[0m nid010803:169364:169364 [1] NCCL INFO Connected all trees
[36m(vLLMHttpServer pid=167792)[0m nid010803:169364:170141 [0] NCCL INFO [Proxy Progress] Device 1 CPU core 143
[36m(vLLMHttpServer pid=167792)[0m nid010803:169364:169364 [1] NCCL INFO threadThresholds 8/8/64 | 32/8/64 | 512 | 512
[36m(vLLMHttpServer pid=167792)[0m nid010803:169364:169364 [1] NCCL INFO 24 coll channels, 24 collnet channels, 0 nvls channels, 32 p2p channels, 16 p2p channels per peer
[36m(vLLMHttpServer pid=167792)[0m nid010803:169364:169364 [1] NCCL INFO ncclCommInitRank comm 0x23ed0b30 rank 1 nranks 4 cudaDev 1 nvmlDev 1 busId 1901000 commId 0x4d5c28f9d876e438 - Init COMPLETE
[36m(vLLMHttpServer pid=167792)[0m nid010803:169364:169364 [1] NCCL INFO Init timings - ncclCommInitRank: rank 1 nranks 4 total 0.15 (kernels 0.00, alloc 0.00, bootstrap 0.00, allgathers 0.00, topo 0.02, graphs 0.01, connections 0.12, rest 0.00)
[36m(vLLMHttpServer pid=167792)[0m nid010803:169364:169364 [1] NCCL INFO Comm config Blocking set to 1
[36m(vLLMHttpServer pid=167792)[0m nid010803:169364:169364 [1] NCCL INFO Initialized NET plugin Socket
[36m(vLLMHttpServer pid=167792)[0m nid010803:169364:169364 [1] NCCL INFO Assigned NET plugin Socket to comm
[36m(vLLMHttpServer pid=167792)[0m nid010803:169364:169364 [1] NCCL INFO Using network Socket
[36m(vLLMHttpServer pid=167792)[0m nid010803:169364:169364 [1] NCCL INFO ncclCommInitRankConfig comm 0x38915520 rank 1 nranks 4 cudaDev 1 nvmlDev 1 busId 1901000 commId 0xc1a66ca34a6af11d - Init START
[36m(vLLMHttpServer pid=167792)[0m nid010803:169364:169364 [1] NCCL INFO Bootstrap timings total 0.001060 (create 0.000032, send 0.000082, recv 0.000619, ring 0.000198, delay 0.000000)
[36m(vLLMHttpServer pid=167792)[0m nid010803:169364:169364 [1] NCCL INFO ncclTopoGetCpuAffinity: Affinity for GPU 1 is 72-143. (GPU affinity = 72-143 ; CPU affinity = 0-287).
[36m(vLLMHttpServer pid=167792)[0m nid010803:169364:169364 [1] NCCL INFO comm 0x38915520 rank 1 nRanks 4 nNodes 1 localRanks 4 localRank 1 MNNVL 0
[36m(vLLMHttpServer pid=167792)[0m nid010803:169364:169364 [1] NCCL INFO Trees [0] 2/-1/-1->1->0 [1] 2/-1/-1->1->0 [2] 2/-1/-1->1->0 [3] 2/-1/-1->1->0 [4] 3/-1/-1->1->2 [5] 3/-1/-1->1->2 [6] 3/-1/-1->1->2 [7] 3/-1/-1->1->2 [8] 0/-1/-1->1->-1 [9] 0/-1/-1->1->-1 [10] 0/-1/-1->1->-1 [11] 0/-1/-1->1->-1 [12] 2/-1/-1->1->0 [13] 2/-1/-1->1->0 [14] 2/-1/-1->1->0 [15] 2/-1/-1->1->0 [16] 3/-1/-1->1->2 [17] 3/-1/-1->1->2 [18] 3/-1/-1->1->2 [19] 3/-1/-1->1->2 [20] 0/-1/-1->1->-1 [21] 0/-1/-1->1->-1 [22] 0/-1/-1->1->-1 [23] 0/-1/-1->1->-1
[36m(vLLMHttpServer pid=167792)[0m nid010803:169364:169364 [1] NCCL INFO P2P Chunksize set to 524288
[36m(vLLMHttpServer pid=167792)[0m nid010803:169364:171352 [0] NCCL INFO [Proxy Service] Device 1 CPU core 130
[36m(vLLMHttpServer pid=167792)[0m nid010803:169364:171354 [0] NCCL INFO [Proxy Service UDS] Device 1 CPU core 136
[36m(vLLMHttpServer pid=167792)[0m nid010803:169364:169364 [1] NCCL INFO Channel 00/0 : 1[1] -> 2[2] via P2P/IPC
[36m(vLLMHttpServer pid=167792)[0m nid010803:169364:169364 [1] NCCL INFO Channel 04/0 : 1[1] -> 2[2] via P2P/IPC
[36m(vLLMHttpServer pid=167792)[0m nid010803:169364:169364 [1] NCCL INFO Channel 06/0 : 1[1] -> 2[2] via P2P/IPC
[36m(vLLMHttpServer pid=167792)[0m nid010803:169364:169364 [1] NCCL INFO Channel 10/0 : 1[1] -> 2[2] via P2P/IPC
[36m(vLLMHttpServer pid=167792)[0m nid010803:169364:169364 [1] NCCL INFO Channel 12/0 : 1[1] -> 2[2] via P2P/IPC
[36m(vLLMHttpServer pid=167792)[0m nid010803:169364:169364 [1] NCCL INFO Channel 16/0 : 1[nid010803:169366:169366 [3] NCCL INFO Initialized NET plugin Socket
[36m(vLLMHttpServer pid=167792)[0m nid010803:169366:169366 [3] NCCL INFO Assigned NET plugin Socket to comm
[36m(vLLMHttpServer pid=167792)[0m nid010803:169366:169366 [3] NCCL INFO Using network Socket
[36m(vLLMHttpServer pid=167792)[0m nid010803:169366:169366 [3] NCCL INFO ncclCommInitRank comm 0x545270b0 rank 3 nranks 4 cudaDev 3 nvmlDev 3 busId 3901000 commId 0x4d5c28f9d876e438 - Init START
[36m(vLLMHttpServer pid=167792)[0m nid010803:169366:169366 [3] NCCL INFO Bootstrap timings total 0.000788 (create 0.000024, send 0.000064, recv 0.000079, ring 0.000224, delay 0.000000)
[36m(vLLMHttpServer pid=167792)[0m nid010803:169366:169366 [3] NCCL INFO ncclTopoGetCpuAffinity: Affinity for GPU 3 is 216-287. (GPU affinity = 216-287 ; CPU affinity = 0-287).
[36m(vLLMHttpServer pid=167792)[0m nid010803:169366:169366 [3] NCCL INFO comm 0x545270b0 rank 3 nRanks 4 nNodes 1 localRanks 4 localRank 3 MNNVL 0
[36m(vLLMHttpServer pid=167792)[0m nid010803:169366:169366 [3] NCCL INFO Trees [0] -1/-1/-1->3->2 [1] -1/-1/-1->3->2 [2] -1/-1/-1->3->2 [3] -1/-1/-1->3->2 [4] -1/-1/-1->3->1 [5] -1/-1/-1->3->1 [6] -1/-1/-1->3->1 [7] -1/-1/-1->3->1 [8] 2/-1/-1->3->0 [9] 2/-1/-1->3->0 [10] 2/-1/-1->3->0 [11] 2/-1/-1->3->0 [12] -1/-1/-1->3->2 [13] -1/-1/-1->3->2 [14] -1/-1/-1->3->2 [15] -1/-1/-1->3->2 [16] -1/-1/-1->3->1 [17] -1/-1/-1->3->1 [18] -1/-1/-1->3->1 [19] -1/-1/-1->3->1 [20] 2/-1/-1->3->0 [21] 2/-1/-1->3->0 [22] 2/-1/-1->3->0 [23] 2/-1/-1->3->0
[36m(vLLMHttpServer pid=167792)[0m nid010803:169366:169366 [3] NCCL INFO P2P Chunksize set to 524288
[36m(vLLMHttpServer pid=167792)[0m nid010803:169366:170127 [0] NCCL INFO [Proxy Service] Device 3 CPU core 239
[36m(vLLMHttpServer pid=167792)[0m nid010803:169366:170128 [0] NCCL INFO [Proxy Service UDS] Device 3 CPU core 266
[36m(vLLMHttpServer pid=167792)[0m nid010803:169366:169366 [3] NCCL INFO Channel 00/0 : 3[3] -> 0[0] via P2P/IPC
[36m(vLLMHttpServer pid=167792)[0m nid010803:169366:169366 [3] NCCL INFO Channel 03/0 : 3[3] -> 0[0] via P2P/IPC
[36m(vLLMHttpServer pid=167792)[0m nid010803:169366:169366 [3] NCCL INFO Channel 06/0 : 3[3] -> 0[0] via P2P/IPC
[36m(vLLMHttpServer pid=167792)[0m nid010803:169366:169366 [3] NCCL INFO Channel 09/0 : 3[3] -> 0[0] via P2P/IPC
[36m(vLLMHttpServer pid=167792)[0m nid010803:169366:169366 [3] NCCL INFO Channel 12/0 : 3[3] -> 0[0] via P2P/IPC
[36m(vLLMHttpServer pid=167792)[0m nid010803:169366:169366 [3] NCCL INFO Channel 15/0 : 3[3] -> 0[0] via P2P/IPC
[36m(vLLMHttpServer pid=167792)[0m nid010803:169366:169366 [3] NCCL INFO Channel 18/0 : 3[3] -> 0[0] via P2P/IPC
[36m(vLLMHttpServer pid=167792)[0m nid010803:169366:169366 [3] NCCL INFO Channel 21/0 : 3[3] -> 0[0] via P2P/IPC
[36m(vLLMHttpServer pid=167792)[0m nid010803:169366:169366 [3] NCCL INFO Channel 02/0 : 3[3] -> 1[1] via P2P/IPC
[36m(vLLMHttpServer pid=167792)[0m nid010803:169366:169366 [3] NCCL INFO Channel 04/0 : 3[3] -> 1[1] via P2P/IPC
[36m(vLLMHttpServer pid=167792)[0m nid010803:169366:169366 [3] NCCL INFO Channel 08/0 : 3[3] -> 1[1] via P2P/IPC
[36m(vLLMHttpServer pid=167792)[0m nid010803:169366:169366 [3] NCCL INFO Channel 10/0 : 3[3] -> 1[1] via P2P/IPC
[36m(vLLMHttpServer pid=167792)[0m nid010803:169366:169366 [3] NCCL INFO Channel 14/0 : 3[3] -> 1[1] via P2P/IPC
[36m(vLLMHttpServer pid=167792)[0m nid010803:169366:169366 [3] NCCL INFO Channel 16/0 : 3[3] -> 1[1] via P2P/IPC
[36m(vLLMHttpServer pid=167792)[0m nid010803:169366:169366 [3] NCCL INFO Channel 20/0 : 3[3] -> 1[1] via P2P/IPC
[36m(vLLMHttpServer pid=167792)[0m nid010803:169366:169366 [3] NCCL INFO Channel 22/0 : 3[3] -> 1[1] via P2P/IPC
[36m(vLLMHttpServer pid=167792)[0m nid010803:169366:169366 [3] NCCL INFO Channel 01/0 : 3[3] -> 2[2] via P2P/IPC
[36m(vLLMHttpServer pid=167792)[0m nid010803:169366:169366 [3] NCCL INFO Channel 05/0 : 3[3] -> 2[2] via P2P/IPC
[36m(vLLMHttpServer pid=167792)[0m nid010803:169366:169366 [3] NCCL INFO Channel 07/0 : 3[3] -> 2[2] via P2P/IPC
[36m(vLLMHttpServer pid=167792)[0m nid010803:169366:169366 [3] NCCL INFO Channel 11/0 : 3[3] -> 2[2] via P2P/IPC
[36m(vLLMHttpServer pid=167792)[0m nid010803:169366:169366 [3] NCCL INFO Channel 13/0 : 3[3] -> 2[2] via P2P/IPC
[36m(vLLMHttpServer pid=167792)[0m nid010803:169366:169366 [3] NCCL INFO Channel 17/0 : 3[3] -> 2[2] via P2P/IPC
[36m(vLLMHttpServer pid=167792)[0m nid010803:169366:169366 [3] NCCL INFO Channel 19/0 : 3[3] -> 2[2] via P2P/IPC
[36m(vLLMHttpServer pid=167792)[0m nid010803:169366:169366 [3] NCCL INFO Channel 23/0 : 3[3] -> 2[2] via P2P/IPC
[36m(vLLMHttpServer pid=167792)[0m nid010803:169366:169366 [3] NCCL INFO Connected all rings, use ring PXN 0 GDR 1
[36m(vLLMHttpServer pid=167792)[0m nid010803:169366:169366 [3] NCCL INFO Channel 08/0 : 3[3] -> 0[0] via P2P/IPC
[36m(vLLMHttpServer pid=167792)[0m nid010803:169366:169366 [3] NCCL INFO Channel 10/0 : 3[3] -> 0[0] via P2P/IPC
[36m(vLLMHttpServer pid=167792)[0m nid010803:169366:169366 [3] NCCL INFO Channel 11/0 : 3[3] -> 0[0] via P2P/IPC
[36m(vLLMHttpServer pid=167792)[0m nid010803:169366:169366 [3] NCCL INFO Channel 20/0 : 3[3] -> 0[0] via P2P/IPC
[36m(vLLMHttpServer pid=167792)[0m nid010803:169366:169366 [3] NCCL INFO Channel 22/0 : 3[3] -> 0[0] via P2P/IPC
[36m(vLLMHttpServer pid=167792)[0m nid010803:169366:169366 [3] NCCL INFO Channel 23/0 : 3[3] -> 0[0] via P2P/IPC
[36m(vLLMHttpServer pid=167792)[0m nid010803:169366:169366 [3] NCCL INFO Channel 05/0 : 3[3] -> 1[1] via P2P/IPC
[36m(vLLMHttpServer pid=167792)[0m nid010803:169366:169366 [3] NCCL INFO Channel 06/0 : 3[3] -> 1[1] via P2P/IPC
[36m(vLLMHttpServer pid=167792)[0m nid010803:169366:169366 [3] NCCL INFO Channel 07/0 : 3[3] -> 1[1] via P2P/IPC
[36m(vLLMHttpServer pid=167792)[0m nid010803:169366:169366 [3] NCCL INFO Channel 17/0 : 3[3] -> 1[1] via P2P/IPC
[36m(vLLMHttpServer pid=167792)[0m nid010803:169366:169366 [3] NCCL INFO Channel 18/0 : 3[3] -> 1[1] via P2P/IPC
[36m(vLLMHttpServer pid=167792)[0m nid010803:169366:169366 [3] NCCL INFO Channel 19/0 : 3[3] -> 1[1] via P2P/IPC
[36m(vLLMHttpServer pid=167792)[0m nid010803:169366:169366 [3] NCCL INFO Channel 00/0 : 3[3] -> 2[2] via P2P/IPC
[36m(vLLMHttpServer pid=167792)[0m nid010803:169366:169366 [3] NCCL INFO Channel 02/0 : 3[3] -> 2[2] via P2P/IPC
[36m(vLLMHttpServer pid=167792)[0m nid010803:169366:169366 [3] NCCL INFO Channel 03/0 : 3[3] -> 2[2] via P2P/IPC
[36m(vLLMHttpServer pid=167792)[0m nid010803:169366:169366 [3] NCCL INFO Channel 08/0 : 3[3] -> 2[2] via P2P/IPC
[36m(vLLMHttpServer pid=167792)[0m nid010803:169366:169366 [3] NCCL INFO Channel 09/0 : 3[3] -> 2[2] via P2P/IPC
[36m(vLLMHttpServer pid=167792)[0m nid010803:169366:169366 [3] NCCL INFO Channel 10/0 : 3[3] -> 2[2] via P2P/IPC
[36m(vLLMHttpServer pid=167792)[0m nid010803:169366:169366 [3] NCCL INFO Channel 12/0 : 3[3] -> 2[2] via P2P/IPC
[36m(vLLMHttpServer pid=167792)[0m nid010803:169366:169366 [3] NCCL INFO Channel 14/0 : 3[3] -> 2[2] via P2P/IPC
[36m(vLLMHttpServer pid=167792)[0m nid010803:169366:169366 [3] NCCL INFO Channel 15/0 : 3[3] -> 2[2] via P2P/IPC
[36m(vLLMHttpServer pid=167792)[0m nid010803:169366:169366 [3] NCCL INFO Channel 20/0 : 3[3] -> 2[2] via P2P/IPC
[36m(vLLMHttpServer pid=167792)[0m nid010803:169366:169366 [3] NCCL INFO Channel 21/0 : 3[3] -> 2[2] via P2P/IPC
[36m(vLLMHttpServer pid=167792)[0m nid010803:169366:169366 [3] NCCL INFO Channel 22/0 : 3[3] -> 2[2] via P2P/IPC
[36m(vLLMHttpServer pid=167792)[0m nid010803:169366:169366 [3] NCCL INFO Connected all trees
[36m(vLLMHttpServer pid=167792)[0m nid010803:169366:170140 [0] NCCL INFO [Proxy Progress] Device 3 CPU core 251
[36m(vLLMHttpServer pid=167792)[0m nid010803:169366:169366 [3] NCCL INFO threadThresholds 8/8/64 | 32/8/64 | 512 | 512
[36m(vLLMHttpServer pid=167792)[0m nid010803:169366:169366 [3] NCCL INFO 24 coll channels, 24 collnet channels, 0 nvls channels, 32 p2p channels, 16 p2p channels per peer
[36m(vLLMHttpServer pid=167792)[0m nid010803:169366:169366 [3] NCCL INFO ncclCommInitRank comm 0x545270b0 rank 3 nranks 4 cudaDev 3 nvmlDev 3 busId 3901000 commId 0x4d5c28f9d876e438 - Init COMPLETE
[36m(vLLMHttpServer pid=167792)[0m nid010803:169366:169366 [3] NCCL INFO Init timings - ncclCommInitRank: rank 3 nranks 4 total 0.15 (kernels 0.00, alloc 0.00, bootstrap 0.00, allgathers 0.00, topo 0.02, graphs 0.01, connections 0.12, rest 0.00)
[36m(vLLMHttpServer pid=167792)[0m nid010803:169366:169366 [3] NCCL INFO Comm config Blocking set to 1
[36m(vLLMHttpServer pid=167792)[0m nid010803:169366:169366 [3] NCCL INFO Initialized NET plugin Socket
[36m(vLLMHttpServer pid=167792)[0m nid010803:169366:169366 [3] NCCL INFO Assigned NET plugin Socket to comm
[36m(vLLMHttpServer pid=167792)[0m nid010803:169366:169366 [3] NCCL INFO Using network Socket
[36m(vLLMHttpServer pid=167792)[0m nid010803:169366:169366 [3] NCCL INFO ncclCommInitRankConfig comm 0x68f3f9e0 rank 3 nranks 4 cudaDev 3 nvmlDev 3 busId 3901000 commId 0xc1a66ca34a6af11d - Init START
[36m(vLLMHttpServer pid=167792)[0m nid010803:169366:169366 [3] NCCL INFO Bootstrap timings total 0.001048 (create 0.000027, send 0.000065, recv 0.000171, ring 0.000132, delay 0.000000)
[36m(vLLMHttpServer pid=167792)[0m nid010803:169366:169366 [3] NCCL INFO ncclTopoGetCpuAffinity: Affinity for GPU 3 is 216-287. (GPU affinity = 216-287 ; CPU affinity = 0-287).
[36m(vLLMHttpServer pid=167792)[0m nid010803:169366:169366 [3] NCCL INFO comm 0x68f3f9e0 rank 3 nRanks 4 nNodes 1 localRanks 4 localRank 3 MNNVL 0
[36m(vLLMHttpServer pid=167792)[0m nid010803:169366:169366 [3] NCCL INFO Trees [0] -1/-1/-1->3->2 [1] -1/-1/-1->3->2 [2] -1/-1/-1->3->2 [3] -1/-1/-1->3->2 [4] -1/-1/-1->3->1 [5] -1/-1/-1->3->1 [6] -1/-1/-1->3->1 [7] -1/-1/-1->3->1 [8] 2/-1/-1->3->0 [9] 2/-1/-1->3->0 [10] 2/-1/-1->3->0 [11] 2/-1/-1->3->0 [12] -1/-1/-1->3->2 [13] -1/-1/-1->3->2 [14] -1/-1/-1->3->2 [15] -1/-1/-1->3->2 [16] -1/-1/-1->3->1 [17] -1/-1/-1->3->1 [18] -1/-1/-1->3->1 [19] -1/-1/-1->3->1 [20] 2/-1/-1->3->0 [21] 2/-1/-1->3->0 [22] 2/-1/-1->3->0 [23] 2/-1/-1->3->0
[36m(vLLMHttpServer pid=167792)[0m nid010803:169366:169366 [3] NCCL INFO P2P Chunksize set to 524288
[36m(vLLMHttpServer pid=167792)[0m nid010803:169366:171353 [0] NCCL INFO [Proxy Service] Device 3 CPU core 286
[36m(vLLMHttpServer pid=167792)[0m nid010803:169366:171355 [0] NCCL INFO [Proxy Service UDS] Device 3 CPU core 227
[36m(vLLMHttpServer pid=167792)[0m nid010803:169366:169366 [3] NCCL INFO Channel 00/0 : 3[3] -> 0[0] via P2P/IPC
[36m(vLLMHttpServer pid=167792)[0m nid010803:169366:169366 [3] NCCL INFO Channel 03/0 : 3[3] -> 0[0] via P2P/IPC
[36m(vLLMHttpServer pid=167792)[0m nid010803:169366:169366 [3] NCCL INFO Channel 06/0 : 3[3] -> 0[0] via P2P/IPC
[36m(vLLMHttpServer pid=167792)[0m nid010803:169366:169366 [3] NCCL INFO Channel 09/0 : 3[3] -> 0[0] via P2P/IPC
[36m(vLLMHttpServer pid=167792)[0m nid010803:169366:169366 [3] NCCL INFO Channel 12/0 : 3[3] -> 0[0] via P2P/IPC
[36m(vLLMHttpServer pid=167792)[0m nid010803:169366:169366 [3] NCCL INFO Channel 15/0 : 3[3] -> 0[0] via P2P/IPC
[36m(vLLMHttpServer pid=167792)[0m nid010803:169366:169366 [3] NCCL INFO Channel 18/0 : 3[3] -> 0[0] via P2P/IPC
[36m(vLLMHttpServer pid=167792)[0m nid010803:169366:169366 [3] NCCL IN
[36m(vLLMHttpServer pid=167792)[0m [0;36m(Worker_TP3 pid=169366)[0;0m 2026-02-14 09:56:39,392 - INFO - autotuner.py:256 - flashinfer.jit: [Autotuner]: Autotuning process starts ...
[36m(vLLMHttpServer pid=167792)[0m [0;36m(Worker_TP2 pid=169365)[0;0m 2026-02-14 09:56:39,392 - INFO - autotuner.py:256 - flashinfer.jit: [Autotuner]: Autotuning process starts ...
[36m(vLLMHttpServer pid=167792)[0m [0;36m(Worker_TP0 pid=169363)[0;0m 2026-02-14 09:56:39,392 - INFO - autotuner.py:256 - flashinfer.jit: [Autotuner]: Autotuning process starts ...
[36m(vLLMHttpServer pid=167792)[0m [0;36m(Worker_TP1 pid=169364)[0;0m 2026-02-14 09:56:39,392 - INFO - autotuner.py:256 - flashinfer.jit: [Autotuner]: Autotuning process starts ...
[36m(vLLMHttpServer pid=167792)[0m [0;36m(Worker_TP0 pid=169363)[0;0m 2026-02-14 09:56:39,451 - INFO - autotuner.py:262 - flashinfer.jit: [Autotuner]: Autotuning process ends
[36m(vLLMHttpServer pid=167792)[0m [0;36m(Worker_TP2 pid=169365)[0;0m 2026-02-14 09:56:39,454 - INFO - autotuner.py:262 - flashinfer.jit: [Autotuner]: Autotuning process ends
[36m(vLLMHttpServer pid=167792)[0m [0;36m(Worker_TP1 pid=169364)[0;0m 2026-02-14 09:56:39,459 - INFO - autotuner.py:262 - flashinfer.jit: [Autotuner]: Autotuning process ends
[36m(vLLMHttpServer pid=167792)[0m [0;36m(Worker_TP3 pid=169366)[0;0m 2026-02-14 09:56:39,459 - INFO - autotuner.py:262 - flashinfer.jit: [Autotuner]: Autotuning process ends
[36m(vLLMHttpServer pid=167792)[0m [0;36m(Worker_TP0 pid=169363)[0;0m Capturing CUDA graphs (mixed prefill-decode, PIECEWISE):   0%|          | 0/51 [00:00<?, ?it/s]
[36m(vLLMHttpServer pid=167792)[0m Capturing CUDA graphs (mixed prefill-decode, PIECEWISE):   4%|▍         | 2/51 [00:00<00:03, 15.09it/s]
[36m(vLLMHttpServer pid=167792)[0m Capturing CUDA graphs (mixed prefill-decode, PIECEWISE):   8%|▊         | 4/51 [00:00<00:02, 16.79it/s]
[36m(vLLMHttpServer pid=167792)[0m Capturing CUDA graphs (mixed prefill-decode, PIECEWISE):  12%|█▏        | 6/51 [00:00<00:02, 17.28it/s]
[36m(vLLMHttpServer pid=167792)[0m Capturing CUDA graphs (mixed prefill-decode, PIECEWISE):  16%|█▌        | 8/51 [00:00<00:02, 17.66it/s]
[36m(vLLMHttpServer pid=167792)[0m Capturing CUDA graphs (mixed prefill-decode, PIECEWISE):  20%|█▉        | 10/51 [00:00<00:02, 17.87it/s]
[36m(vLLMHttpServer pid=167792)[0m Capturing CUDA graphs (mixed prefill-decode, PIECEWISE):  24%|██▎       | 12/51 [00:00<00:02, 17.94it/s]
[36m(vLLMHttpServer pid=167792)[0m Capturing CUDA graphs (mixed prefill-decode, PIECEWISE):  27%|██▋       | 14/51 [00:00<00:02, 17.95it/s]
[36m(vLLMHttpServer pid=167792)[0m Capturing CUDA graphs (mixed prefill-decode, PIECEWISE):  31%|███▏      | 16/51 [00:01<00:02, 13.94it/s]
[36m(vLLMHttpServer pid=167792)[0m Capturing CUDA graphs (mixed prefill-decode, PIECEWISE):  35%|███▌      | 18/51 [00:01<00:02, 15.04it/s]
[36m(vLLMHttpServer pid=167792)[0m Capturing CUDA graphs (mixed prefill-decode, PIECEWISE):  39%|███▉      | 20/51 [00:01<00:01, 15.75it/s]
[36m(vLLMHttpServer pid=167792)[0m Capturing CUDA graphs (mixed prefill-decode, PIECEWISE):  43%|████▎     | 22/51 [00:01<00:01, 16.13it/s]
[36m(vLLMHttpServer pid=167792)[0m Capturing CUDA graphs (mixed prefill-decode, PIECEWISE):  47%|████▋     | 24/51 [00:01<00:01, 16.23it/s]
[36m(vLLMHttpServer pid=167792)[0m Capturing CUDA graphs (mixed prefill-decode, PIECEWISE):  51%|█████     | 26/51 [00:01<00:01, 16.69it/s]
[36m(vLLMHttpServer pid=167792)[0m Capturing CUDA graphs (mixed prefill-decode, PIECEWISE):  55%|█████▍    | 28/51 [00:01<00:01, 17.01it/s]
[36m(vLLMHttpServer pid=167792)[0m Capturing CUDA graphs (mixed prefill-decode, PIECEWISE):  59%|█████▉    | 30/51 [00:01<00:01, 17.12it/s]
[36m(vLLMHttpServer pid=167792)[0m Capturing CUDA graphs (mixed prefill-decode, PIECEWISE):  63%|██████▎   | 32/51 [00:01<00:01, 17.25it/s]
[36m(vLLMHttpServer pid=167792)[0m Capturing CUDA graphs (mixed prefill-decode, PIECEWISE):  67%|██████▋   | 34/51 [00:02<00:00, 17.38it/s]
[36m(vLLMHttpServer pid=167792)[0m Capturing CUDA graphs (mixed prefill-decode, PIECEWISE):  71%|███████   | 36/51 [00:02<00:00, 17.66it/s]
[36m(vLLMHttpServer pid=167792)[0m Capturing CUDA graphs (mixed prefill-decode, PIECEWISE):  75%|███████▍  | 38/51 [00:02<00:00, 17.77it/s]
[36m(vLLMHttpServer pid=167792)[0m Capturing CUDA graphs (mixed prefill-decode, PIECEWISE):  78%|███████▊  | 40/51 [00:02<00:00, 17.09it/s]
[36m(vLLMHttpServer pid=167792)[0m Capturing CUDA graphs (mixed prefill-decode, PIECEWISE):  82%|████████▏ | 42/51 [00:02<00:00, 17.18it/s]
[36m(vLLMHttpServer pid=167792)[0m Capturing CUDA graphs (mixed prefill-decode, PIECEWISE):  86%|████████▋ | 44/51 [00:02<00:00, 17.32it/s]
[36m(vLLMHttpServer pid=167792)[0m Capturing CUDA graphs (mixed prefill-decode, PIECEWISE):  90%|█████████ | 46/51 [00:02<00:00, 17.42it/s]
[36m(vLLMHttpServer pid=167792)[0m Capturing CUDA graphs (mixed prefill-decode, PIECEWISE):  94%|█████████▍| 48/51 [00:02<00:00, 17.29it/s]
[36m(vLLMHttpServer pid=167792)[0m Capturing CUDA graphs (mixed prefill-decode, PIECEWISE):  98%|█████████▊| 50/51 [00:02<00:00, 17.52it/s]
[36m(vLLMHttpServer pid=167792)[0m Capturing CUDA graphs (mixed prefill-decode, PIECEWISE): 100%|██████████| 51/51 [00:03<00:00, 16.89it/s]
[36m(vLLMHttpServer pid=167792)[0m [0;36m(Worker_TP0 pid=169363)[0;0m Capturing CUDA graphs (decode, FULL):   0%|          | 0/51 [00:00<?, ?it/s]
[36m(vLLMHttpServer pid=167792)[0m Capturing CUDA graphs (decode, FULL):   4%|▍         | 2/51 [00:00<00:02, 17.40it/s]
[36m(vLLMHttpServer pid=167792)[0m Capturing CUDA graphs (decode, FULL):  10%|▉         | 5/51 [00:00<00:02, 19.54it/s]
[36m(vLLMHttpServer pid=167792)[0m Capturing CUDA graphs (decode, FULL):  16%|█▌        | 8/51 [00:00<00:02, 20.54it/s]
[36m(vLLMHttpServer pid=167792)[0m Capturing CUDA graphs (decode, FULL):  22%|██▏       | 11/51 [00:00<00:01, 21.17it/s]
[36m(vLLMHttpServer pid=167792)[0m Capturing CUDA graphs (decode, FULL):  27%|██▋       | 14/51 [00:00<00:01, 21.47it/s]
[36m(vLLMHttpServer pid=167792)[0m Capturing CUDA graphs (decode, FULL):  33%|███▎      | 17/51 [00:00<00:01, 21.56it/s]
[36m(vLLMHttpServer pid=167792)[0m Capturing CUDA graphs (decode, FULL):  39%|███▉      | 20/51 [00:00<00:01, 21.31it/s]
[36m(vLLMHttpServer pid=167792)[0m Capturing CUDA graphs (decode, FULL):  45%|████▌     | 23/51 [00:01<00:01, 21.38it/s]
[36m(vLLMHttpServer pid=167792)[0m Capturing CUDA graphs (decode, FULL):  51%|█████     | 26/51 [00:01<00:01, 21.68it/s]
[36m(vLLMHttpServer pid=167792)[0m Capturing CUDA graphs (decode, FULL):  57%|█████▋    | 29/51 [00:01<00:01, 21.84it/s]
[36m(vLLMHttpServer pid=167792)[0m Capturing CUDA graphs (decode, FULL):  63%|██████▎   | 32/51 [00:01<00:00, 21.86it/s]
[36m(vLLMHttpServer pid=167792)[0m Capturing CUDA graphs (decode, FULL):  69%|██████▊   | 35/51 [00:01<00:00, 21.63it/s]
[36m(vLLMHttpServer pid=167792)[0m Capturing CUDA graphs (decode, FULL):  75%|███████▍  | 38/51 [00:01<00:00, 21.66it/s]
[36m(vLLMHttpServer pid=167792)[0m Capturing CUDA graphs (decode, FULL):  80%|████████  | 41/51 [00:01<00:00, 21.76it/s]
[36m(vLLMHttpServer pid=167792)[0m Capturing CUDA graphs (decode, FULL):  86%|████████▋ | 44/51 [00:02<00:00, 21.80it/s]
[36m(vLLMHttpServer pid=167792)[0m Capturing CUDA graphs (decode, FULL):  92%|█████████▏| 47/51 [00:02<00:00, 21.83it/s]
[36m(vLLMHttpServer pid=167792)[0m Capturing CUDA graphs (decode, FULL):  98%|█████████▊| 50/51 [00:02<00:00, 21.68it/s]
[36m(vLLMHttpServer pid=167792)[0m Capturing CUDA graphs (decode, FULL): 100%|██████████| 51/51 [00:02<00:00, 21.47it/s]
[36m(vLLMHttpServer pid=167792)[0m WARNING 02-14 09:56:49 [api_server.py:1358] LoRA dynamic loading & unloading is enabled in the API server. This should ONLY be used for local development!
[36m(vLLMHttpServer pid=167792)[0m WARNING 02-14 09:56:50 [model.py:1576] Default sampling parameters have been overridden by the model's Hugging Face generation config recommended from the model creator. If this is not intended, please relaunch vLLM instance with `--generation-config vllm`.
[36m(vLLMHttpServer pid=167792)[0m INFO:2026-02-14 09:56:50,809:Initializing a V1 LLM engine with config: model='Qwen/Qwen3-8b', speculative_config=None, tokenizer='Qwen/Qwen3-8b', skip_tokenizer_init=False, tokenizer_mode=auto, revision=None, tokenizer_revision=None, trust_remote_code=False, dtype=torch.bfloat16, max_seq_len=40960, download_dir=None, load_format=safetensors, tensor_parallel_size=4, pipeline_parallel_size=1, data_parallel_size=1, disable_custom_all_reduce=False, quantization=None, enforce_eager=False, kv_cache_dtype=auto, device_config=cuda, structured_outputs_config=StructuredOutputsConfig(backend='auto', disable_fallback=False, disable_any_whitespace=False, disable_additional_properties=False, reasoning_parser='', reasoning_parser_plugin='', enable_in_reasoning=False), observability_config=ObservabilityConfig(show_hidden_metrics_for_version=None, otlp_traces_endpoint=None, collect_detailed_traces=None, kv_cache_metrics=False, kv_cache_metrics_sample=0.01), seed=0, served_model_name=Qwen/Qwen3-8b, enable_prefix_caching=True, enable_chunked_prefill=True, pooler_config=None, compilation_config={'level': None, 'mode': <CompilationMode.VLLM_COMPILE: 3>, 'debug_dump_path': None, 'cache_dir': '', 'compile_cache_save_format': 'binary', 'backend': 'inductor', 'custom_ops': ['none'], 'splitting_ops': ['vllm::unified_attention', 'vllm::unified_attention_with_output', 'vllm::unified_mla_attention', 'vllm::unified_mla_attention_with_output', 'vllm::mamba_mixer2', 'vllm::mamba_mixer', 'vllm::short_conv', 'vllm::linear_attention', 'vllm::plamo2_mamba_mixer', 'vllm::gdn_attention_core', 'vllm::kda_attention', 'vllm::sparse_attn_indexer'], 'compile_mm_encoder': False, 'compile_sizes': [], 'inductor_compile_config': {'enable_auto_functionalized_v2': False, 'combo_kernels': True, 'benchmark_combo_kernel': True}, 'inductor_passes': {}, 'cudagraph_mode': <CUDAGraphMode.FULL_AND_PIECEWISE: (2, 1)>, 'cudagraph_num_of_warmups': 1, 'cudagraph_capture_sizes': [1, 2, 4, 8, 16, 24, 32, 40, 48, 56, 64, 72, 80, 88, 96, 104, 112, 120, 128, 136, 144, 152, 160, 168, 176, 184, 192, 200, 208, 216, 224, 232, 240, 248, 256, 272, 288, 304, 320, 336, 352, 368, 384, 400, 416, 432, 448, 464, 480, 496, 512], 'cudagraph_copy_inputs': False, 'cudagraph_specialize_lora': True, 'use_inductor_graph_partition': False, 'pass_config': {'fuse_norm_quant': False, 'fuse_act_quant': False, 'fuse_attn_quant': False, 'eliminate_noops': True, 'enable_sp': False, 'fuse_gemm_comms': False, 'fuse_allreduce_rms': False}, 'max_cudagraph_capture_size': 512, 'dynamic_shapes_config': {'type': <DynamicShapesType.BACKED: 'backed'>}, 'local_cache_dir': None}
[36m(TaskRunner pid=163706)[0m AgentLoopManager: ['10.242.12.125:39847']
[36m(TaskRunner pid=163706)[0m wandb: [wandb.login()] Loaded credentials for https://api.wandb.ai from WANDB_API_KEY.
[36m(TaskRunner pid=163706)[0m wandb: Currently logged in as: aghyad-deeb-2002 (aghyad) to https://api.wandb.ai. Use `wandb login --relogin` to force relogin
[36m(TaskRunner pid=163706)[0m wandb: WARNING Path /projects/a6d/reward_seeker/rl/slurm wasn't read/writable
[36m(TaskRunner pid=163706)[0m wandb: WARNING Falling back to temporary directory /home/a6d/aghyad.a6d/tmp.
[33m(raylet)[0m rm: cannot remove '/usr/local/cuda/compat/lib': Read-only file system
[33m(raylet)[0m rm: cannot remove '/usr/local/cuda/compat/lib': Read-only file systemrm: 
[33m(raylet)[0m cannot remove '/usr/local/cuda/compat/lib': Read-only file systemrm: cannot remove '/usr/local/cuda/compat/lib': Read-only file systemrm: 
[33m(raylet)[0m cannot remove '/usr/local/cuda/compat/lib': Read-only file system
[33m(raylet)[0m 
[36m(TaskRunner pid=163706)[0m wandb: setting up run e3q3fyy9
[36m(TaskRunner pid=163706)[0m wandb: Tracking run with wandb version 0.24.0
[36m(TaskRunner pid=163706)[0m wandb: Run data is saved locally in /home/a6d/aghyad.a6d/tmp/wandb/run-20260214_095652-e3q3fyy9
[36m(TaskRunner pid=163706)[0m wandb: Run `wandb offline` to turn off syncing.
[36m(TaskRunner pid=163706)[0m wandb: Syncing run 4_gpus
[36m(TaskRunner pid=163706)[0m wandb: ⭐️ View project at https://wandb.ai/aghyad/test_slurm
[36m(TaskRunner pid=163706)[0m wandb: 🚀 View run at https://wandb.ai/aghyad/test_slurm/runs/e3q3fyy9
[36m(TaskRunner pid=163706)[0m wandb: Detected [openai] in use.
[36m(TaskRunner pid=163706)[0m wandb: Use W&B Weave for improved LLM call tracing. Install Weave with `pip install weave` then add `import weave` to the top of your script.
[36m(TaskRunner pid=163706)[0m wandb: For more information, check out the docs at: https://weave-docs.wandb.ai/
[36m(TaskRunner pid=163706)[0m Checkpoint tracker file does not exist: /data/checkpoints/test_slurm/4_gpus/latest_checkpointed_iteration.txt
[36m(TaskRunner pid=163706)[0m Training from scratch
[36m(WorkerDict pid=164877)[0m Fetching 6 files:   0%|          | 0/6 [00:00<?, ?it/s]Fetching 6 files: 100%|██████████| 6/6 [00:00<00:00, 75346.78it/s]
[36m(WorkerDict pid=164876)[0m Converting to HuggingFace ━━━━━━━━━━━━━━━━━━━ 100% 0:00:00 (291/291) Qwen3Bridge
[36m(WorkerDict pid=164876)[0m INFO:2026-02-14 09:56:58,614:update_weights done, time cost: 1.74s
[36m(TaskRunner pid=163706)[0m Training Progress:   0%|          | 0/896 [00:00<?, ?it/s]
[33m(raylet)[0m rm: cannot remove '/usr/local/cuda/compat/lib': Read-only file system[32m [repeated 3x across cluster][0m
[36m(WorkerDict pid=164878)[0m Fetching 6 files:   0%|          | 0/6 [00:00<?, ?it/s]Fetching 6 files: 100%|██████████| 6/6 [00:00<00:00, 75573.05it/s][32m [repeated 3x across cluster][0m
[36m(AgentLoopWorker pid=171782)[0m ERROR 02-14 09:57:06 [config.py:32] Failed to import Triton kernels. Please make sure your triton version is compatible. Error: No module named 'triton.language.target_info'
[36m(AgentLoopWorker pid=171790)[0m Using dataset class: RLHFDataset
[36m(AgentLoopWorker pid=171787)[0m ERROR 02-14 09:57:11 [gpt_oss_triton_kernels_moe.py:30] Failed to import Triton kernels. Please make sure your triton version is compatible. Error: No module named 'triton.language.target_info'[32m [repeated 10x across cluster][0m
[36m(AgentLoopWorker pid=171790)[0m [RolloutTraceConfig] Initialized with backend=jsonl, project=test_slurm, experiment=4_gpus
[36m(AgentLoopWorker pid=171782)[0m /workspace/reward_seeker/verl_with_logging/verl/utils/tokenizer.py:109: UserWarning: Failed to create processor: Unsupported processor type: Qwen2TokenizerFast. This may affect multimodal processing
[36m(AgentLoopWorker pid=171782)[0m   warnings.warn(f"Failed to create processor: {e}. This may affect multimodal processing", stacklevel=1)
[36m(AgentLoopWorker pid=171782)[0m You're using a Qwen2TokenizerFast tokenizer. Please note that with a fast tokenizer, using the `__call__` method is faster than using a method to encode the text followed by a call to the `pad` method to get a padded encoding.
[36m(AgentLoopWorker pid=171789)[0m Using dataset class: RLHFDataset[32m [repeated 7x across cluster][0m
[36m(AgentLoopWorker pid=171789)[0m ERROR 02-14 09:57:12 [gpt_oss_triton_kernels_moe.py:30] Failed to import Triton kernels. Please make sure your triton version is compatible. Error: No module named 'triton.language.target_info'[32m [repeated 5x across cluster][0m
[36m(AgentLoopWorker pid=171786)[0m /workspace/reward_seeker/verl_with_logging/verl/utils/tokenizer.py:109: UserWarning: Failed to create processor: Unsupported processor type: Qwen2TokenizerFast. This may affect multimodal processing[32m [repeated 7x across cluster][0m
[36m(AgentLoopWorker pid=171786)[0m   warnings.warn(f"Failed to create processor: {e}. This may affect multimodal processing", stacklevel=1)[32m [repeated 7x across cluster][0m
[36m(AgentLoopWorker pid=171783)[0m You're using a Qwen2TokenizerFast tokenizer. Please note that with a fast tokenizer, using the `__call__` method is faster than using a method to encode the text followed by a call to the `pad` method to get a padded encoding.[32m [repeated 2x across cluster][0m
[36m(AgentLoopWorker pid=171789)[0m You're using a Qwen2TokenizerFast tokenizer. Please note that with a fast tokenizer, using the `__call__` method is faster than using a method to encode the text followed by a call to the `pad` method to get a padded encoding.[32m [repeated 2x across cluster][0m
[36m(AgentLoopWorker pid=171787)[0m You're using a Qwen2TokenizerFast tokenizer. Please note that with a fast tokenizer, using the `__call__` method is faster than using a method to encode the text followed by a call to the `pad` method to get a padded encoding.[32m [repeated 3x across cluster][0m
[36m(WorkerDict pid=164877)[0m nid010803:164877:165771 [0] NCCL INFO Comm config Blocking set to 1
[36m(WorkerDict pid=164877)[0m nid010803:164877:165771 [0] NCCL INFO Initialized NET plugin Socket
[36m(WorkerDict pid=164877)[0m nid010803:164877:165771 [0] NCCL INFO Assigned NET plugin Socket to comm
[36m(WorkerDict pid=164877)[0m nid010803:164877:165771 [0] NCCL INFO Using network Socket
[36m(WorkerDict pid=164877)[0m nid010803:164877:165771 [0] NCCL INFO ncclCommInitRankConfig comm 0x4019baeca6e0 rank 0 nranks 1 cudaDev 0 nvmlDev 1 busId 1901000 commId 0xb84edb8935cbfc5b - Init START
[36m(WorkerDict pid=164877)[0m nid010803:164877:165771 [0] NCCL INFO Bootstrap timings total 0.000436 (create 0.000032, send 0.000123, recv 0.000123, ring 0.000001, delay 0.000000)
[36m(WorkerDict pid=164877)[0m nid010803:164877:165771 [0] NCCL INFO ncclTopoGetCpuAffinity: Affinity for GPU 1 is 72-143. (GPU affinity = 72-143 ; CPU affinity = 72-143).
[36m(WorkerDict pid=164877)[0m nid010803:164877:165771 [0] NCCL INFO comm 0x4019baeca6e0 rank 0 nRanks 1 nNodes 1 localRanks 1 localRank 0 MNNVL 0
[36m(WorkerDict pid=164877)[0m nid010803:164877:165771 [0] NCCL INFO Channel 00/64 : 0
[36m(WorkerDict pid=164877)[0m nid010803:164877:165771 [0] NCCL INFO Channel 01/64 : 0
[36m(WorkerDict pid=164877)[0m nid010803:164877:165771 [0] NCCL INFO Channel 02/64 : 0
[36m(WorkerDict pid=164877)[0m nid010803:164877:165771 [0] NCCL INFO Channel 03/64 : 0
[36m(WorkerDict pid=164877)[0m nid010803:164877:165771 [0] NCCL INFO Channel 04/64 : 0
[36m(WorkerDict pid=164877)[0m nid010803:164877:165771 [0] NCCL INFO Channel 05/64 : 0
[36m(WorkerDict pid=164877)[0m nid010803:164877:165771 [0] NCCL INFO Channel 06/64 : 0
[36m(WorkerDict pid=164877)[0m nid010803:164877:165771 [0] NCCL INFO Channel 07/64 : 0
[36m(WorkerDict pid=164877)[0m nid010803:164877:165771 [0] NCCL INFO Channel 08/64 : 0
[36m(WorkerDict pid=164877)[0m nid010803:164877:165771 [0] NCCL INFO Channel 09/64 : 0
[36m(WorkerDict pid=164877)[0m nid010803:164877:165771 [0] NCCL INFO Channel 10/64 : 0
[36m(WorkerDict pid=164877)[0m nid010803:164877:165771 [0] NCCL INFO Channel 11/64 : 0
[36m(WorkerDict pid=164877)[0m nid010803:164877:165771 [0] NCCL INFO Channel 12/64 : 0
[36m(WorkerDict pid=164877)[0m nid010803:164877:165771 [0] NCCL INFO Channel 13/64 : 0
[36m(WorkerDict pid=164877)[0m nid010803:164877:165771 [0] NCCL INFO Channel 14/64 : 0
[36m(WorkerDict pid=164877)[0m nid010803:164877:165771 [0] NCCL INFO Channel 15/64 : 0
[36m(WorkerDict pid=164877)[0m nid010803:164877:165771 [0] NCCL INFO Channel 16/64 : 0
[36m(WorkerDict pid=164877)[0m nid010803:164877:165771 [0] NCCL INFO Channel 17/64 : 0
[36m(WorkerDict pid=164877)[0m nid010803:164877:165771 [0] NCCL INFO Channel 18/64 : 0
[36m(WorkerDict pid=164877)[0m nid010803:164877:165771 [0] NCCL INFO Channel 19/64 : 0
[36m(WorkerDict pid=164877)[0m nid010803:164877:165771 [0] NCCL INFO Channel 20/64 : 0
[36m(WorkerDict pid=164877)[0m nid010803:164877:165771 [0] NCCL INFO Channel 21/64 : 0
[36m(WorkerDict pid=164877)[0m nid010803:164877:165771 [0] NCCL INFO Channel 22/64 : 0
[36m(WorkerDict pid=164877)[0m nid010803:164877:165771 [0] NCCL INFO Channel 23/64 : 0
[36m(WorkerDict pid=164877)[0m nid010803:164877:165771 [0] NCCL INFO Channel 24/64 : 0
[36m(WorkerDict pid=164877)[0m nid010803:164877:165771 [0] NCCL INFO Channel 25/64 : 0
[36m(WorkerDict pid=164877)[0m nid010803:164877:165771 [0] NCCL INFO Channel 26/64 : 0
[36m(WorkerDict pid=164877)[0m nid010803:164877:165771 [0] NCCL INFO Channel 27/64 : 0
[36m(WorkerDict pid=164877)[0m nid010803:164877:165771 [0] NCCL INFO Channel 28/64 : 0
[36m(WorkerDict pid=164877)[0m nid010803:164877:165771 [0] NCCL INFO Channel 29/64 : 0
[36m(WorkerDict pid=164877)[0m nid010803:164877:165771 [0] NCCL INFO Channel 30/64 : 0
[36m(WorkerDict pid=164877)[0m nid010803:164877:165771 [0] NCCL INFO Channel 31/64 : 0
[36m(WorkerDict pid=164877)[0m nid010803:164877:165771 [0] NCCL INFO Channel 32/64 : 0
[36m(WorkerDict pid=164877)[0m nid010803:164877:165771 [0] NCCL INFO Channel 33/64 : 0
[36m(WorkerDict pid=164877)[0m nid010803:164877:165771 [0] NCCL INFO Channel 34/64 : 0
[36m(WorkerDict pid=164877)[0m nid010803:164877:165771 [0] NCCL INFO Channel 35/64 : 0
[36m(WorkerDict pid=164877)[0m nid010803:164877:165771 [0] NCCL INFO Channel 36/64 : 0
[36m(WorkerDict pid=164877)[0m nid010803:164877:165771 [0] NCCL INFO Channel 37/64 : 0
[36m(WorkerDict pid=164877)[0m nid010803:164877:165771 [0] NCCL INFO Channel 38/64 : 0
[36m(WorkerDict pid=164877)[0m nid010803:164877:165771 [0] NCCL INFO Channel 39/64 : 0
[36m(WorkerDict pid=164877)[0m nid010803:164877:165771 [0] NCCL INFO Channel 40/64 : 0
[36m(WorkerDict pid=164877)[0m nid010803:164877:165771 [0] NCCL INFO Channel 41/64 : 0
[36m(WorkerDict pid=164877)[0m nid010803:164877:165771 [0] NCCL INFO Channel 42/64 : 0
[36m(WorkerDict pid=164877)[0m nid010803:164877:165771 [0] NCCL INFO Channel 43/64 : 0
[36m(WorkerDict pid=164877)[0m nid010803:164877:165771 [0] NCCL INFO Channel 44/64 : 0
[36m(WorkerDict pid=164877)[0m nid010803:164877:165771 [0] NCCL INFO Channel 45/64 : 0
[36m(WorkerDict pid=164877)[0m nid010803:164877:165771 [0] NCCL INFO Channel 46/64 : 0
[36m(WorkerDict pid=164877)[0m nid010803:164877:165771 [0] NCCL INFO Channel 47/64 : 0
[36m(WorkerDict pid=164877)[0m nid010803:164877:165771 [0] NCCL INFO Channel 48/64 : 0
[36m(WorkerDict pid=164877)[0m nid010803:164877:165771 [0] NCCL INFO Channel 49/64 : 0
[36m(WorkerDict pid=164877)[0m nid010803:164877:165771 [0] NCCL INFO Channel 50/64 : 0
[36m(WorkerDict pid=164877)[0m nid010803:164877:165771 [0] NCCL INFO Channel 51/64 : 0
[36m(WorkerDict pid=164877)[0m nid010803:164877:165771 [0] NCCL INFO Channel 52/64 : 0
[36m(WorkerDict pid=164877)[0m nid010803:164877:165771 [0] NCCL INFO Channel 53/64 : 0
[36m(WorkerDict pid=164877)[0m nid010803:164877:165771 [0] NCCL INFO Channel 54/64 : 0
[36m(WorkerDict pid=164877)[0m nid010803:164877:165771 [0] NCCL INFO Channel 55/64 : 0
[36m(WorkerDict pid=164877)[0m nid010803:164877:165771 [0] NCCL INFO Channel 56/64 : 0
[36m(WorkerDict pid=164877)[0m nid010803:164877:165771 [0] NCCL INFO Channel 57/64 : 0
[36m(WorkerDict pid=164877)[0m nid010803:164877:165771 [0] NCCL INFO Channel 58/64 : 0
[36m(WorkerDict pid=164877)[0m nid010803:164877:165771 [0] NCCL INFO Channel 59/64 : 0
[36m(WorkerDict pid=164877)[0m nid010803:164877:165771 [0] NCCL INFO Channel 60/64 : 0
[36m(WorkerDict pid=164877)[0m nid010803:164877:165771 [0] NCCL INFO Channel 61/64 : 0
[36m(WorkerDict pid=164877)[0m nid010803:164877:165771 [0] NCCL INFO Channel 62/64 : 0
[36m(WorkerDict pid=164877)[0m nid010803:164877:165771 [0] NCCL INFO Channel 63/64 : 0
[36m(WorkerDict pid=164877)[0m nid010803:164877:165771 [0] NCCL INFO Trees [0] -1/-1/-1->0->-1 [1] -1/-1/-1->0->-1 [2] -1/-1/-1->0->-1 [3] -1/-1/-1->0->-1 [4] -1/-1/-1->0->-1 [5] -1/-1/-1->0->-1 [6] -1/-1/-1->0->-1 [7] -1/-1/-1->0->-1 [8] -1/-1/-1->0->-1 [9] -1/-1/-1->0->-1 [10] -1/-1/-1->0->-1 [11] -1/-1/-1->0->-1 [12] -1/-1/-1->0->-1 [13] -1/-1/-1->0->-1 [14] -1/-1/-1->0->-1 [15] -1/-1/-1->0->-1 [16] -1/-1/-1->0->-1 [17] -1/-1/-1->0->-1 [18] -1/-1/-1->0->-1 [19] -1/-1/-1->0->-1 [20] -1/-1/-1->0->-1 [21] -1/-1/-1->0->-1 [22] -1/-1/-1->0->-1 [23] -1/-1/-1->0->-1 [24] -1/-1/-1->0->-1 [25] -1/-1/-1->0->-1 [26] -1/-1/-1->0->-1 [27] -1/-1/-1->0->-1 [28] -1/-1/-1->0->-1 [29] -1/-1/-1->0->-1 [30] -1/-1/-1->0->-1 [31] -1/-1/-1->0->-1 [32] -1/-1/-1->0->-1 [33] -1/-1/-1->0->-1 [34] -1/-1/-1->0->-1 [35] -1/-1/-1->0->-1 [36] -1/-1/-1->0->-1 [37] -1/-1/-1->0->-1 [38] -1/-1/-1->0->-1 [39] -1/-1/-1->0->-1 [40] -1/-1/-1->0->-1 [41] -1/-1/-1->0->-1 [42] -1/-1/-1->0->-1 [43] -1/-1/-1->0->-1 [44] -1/-1/-1->0->-1 [45] -1/-1/-1->0->-1 [46] -1/-1/-1->0->-1 [4
[36m(WorkerDict pid=164877)[0m nid010803:164877:165771 [0] NCCL INFO P2P Chunksize set to 524288
[36m(WorkerDict pid=164877)[0m nid010803:164877:165771 [0] NCCL INFO Check P2P Type isAllDirectP2p 0 directMode 0
[36m(WorkerDict pid=164877)[0m nid010803:164877:179378 [0] NCCL INFO [Proxy Service] Device 0 CPU core 123
[36m(WorkerDict pid=164877)[0m nid010803:164877:179379 [0] NCCL INFO [Proxy Service UDS] Device 0 CPU core 136
[36m(WorkerDict pid=164877)[0m nid010803:164877:179380 [0] NCCL INFO [Proxy Progress] Device 0 CPU core 142
[36m(WorkerDict pid=164877)[0m nid010803:164877:165771 [0] NCCL INFO 64 coll channels, 64 collnet channels, 0 nvls channels, 64 p2p channels, 64 p2p channels per peer
[36m(WorkerDict pid=164877)[0m nid010803:164877:165771 [0] NCCL INFO CC Off, workFifoBytes 1048576
[36m(WorkerDict pid=164877)[0m nid010803:164877:165771 [0] NCCL INFO ncclCommInitRankConfig comm 0x4019baeca6e0 rank 0 nranks 1 cudaDev 0 nvmlDev 1 busId 1901000 commId 0xb84edb8935cbfc5b - Init COMPLETE
[36m(WorkerDict pid=164877)[0m nid010803:164877:165771 [0] NCCL INFO Init timings - ncclCommInitRankConfig: rank 0 nranks 1 total 0.01 (kernels 0.00, alloc 0.00, bootstrap 0.00, allgathers 0.00, topo 0.01, graphs 0.00, connections 0.00, rest 0.00)
[36m(WorkerDict pid=164877)[0m nid010803:164877:165771 [0] NCCL INFO Comm config Blocking set to 1
[36m(WorkerDict pid=164877)[0m nid010803:164877:165771 [0] NCCL INFO Initialized NET plugin Socket
[36m(WorkerDict pid=164877)[0m nid010803:164877:165771 [0] NCCL INFO Assigned NET plugin Socket to comm
[36m(WorkerDict pid=164877)[0m nid010803:164877:165771 [0] NCCL INFO Using network Socket
[36m(WorkerDict pid=164877)[0m nid010803:164877:165771 [0] NCCL INFO ncclCommInitRankConfig comm 0x4019baa6e4d0 rank 1 nranks 4 cudaDev 0 nvmlDev 1 busId 1901000 commId 0x2c9ee9168dac188b - Init START
[36m(WorkerDict pid=164877)[0m nid010803:164877:165771 [0] NCCL INFO Bootstrap timings total 0.000525 (create 0.000033, send 0.000087, recv 0.000171, ring 0.000076, delay 0.000000)
[36m(WorkerDict pid=164877)[0m nid010803:164877:165771 [0] NCCL INFO ncclTopoGetCpuAffinity: Affinity for GPU 1 is 72-143. (GPU affinity = 72-143 ; CPU affinity = 72-143).
[36m(WorkerDict pid=164877)[0m nid010803:164877:165771 [0] NCCL INFO comm 0x4019baa6e4d0 rank 1 nRanks 4 nNodes 1 localRanks 4 localRank 1 MNNVL 0
[36m(WorkerDict pid=164877)[0m nid010803:164877:165771 [0] NCCL INFO Trees [0] 2/-1/-1->1->0 [1] 2/-1/-1->1->0 [2] 2/-1/-1->1->0 [3] 2/-1/-1->1->0 [4] 3/-1/-1->1->2 [5] 3/-1/-1->1->2 [6] 3/-1/-1->1->2 [7] 3/-1/-1->1->2 [8] 0/-1/-1->1->-1 [9] 0/-1/-1->1->-1 [10] 0/-1/-1->1->-1 [11] 0/-1/-1->1->-1 [12] 2/-1/-1->1->0 [13] 2/-1/-1->1->0 [14] 2/-1/-1->1->0 [15] 2/-1/-1->1->0 [16] 3/-1/-1->1->2 [17] 3/-1/-1->1->2 [18] 3/-1/-1->1->2 [19] 3/-1/-1->1->2 [20] 0/-1/-1->1->-1 [21] 0/-1/-1->1->-1 [22] 0/-1/-1->1->-1 [23] 0/-1/-1->1->-1
[36m(WorkerDict pid=164877)[0m nid010803:164877:165771 [0] NCCL INFO P2P Chunksize set to 524288
[36m(WorkerDict pid=164877)[0m nid010803:164877:179383 [0] NCCL INFO [Proxy Service] Device 0 CPU core 104
[36m(WorkerDict pid=164877)[0m nid010803:164877:179387 [0] NCCL INFO [Proxy Service UDS] Device 0 CPU core 124
[36m(WorkerDict pid=164877)[0m nid010803:164877:165771 [0] NCCL INFO Channel 00/0 : 1[1] -> 2[2] via P2P/IPC
[36m(WorkerDict pid=164877)[0m nid010803:164877:165771 [0] NCCL INFO Channel 04/0 : 1[1] -> 2[2] via P2P/IPC
[36m(WorkerDict pid=164877)[0m nid010803:164877:165771 [0] NCCL INFO Chan
[36m(AgentLoopWorker pid=171786)[0m [RolloutTraceConfig] Initialized with backend=jsonl, project=test_slurm, experiment=4_gpus[32m [repeated 7x across cluster][0m
[36m(WorkerDict pid=164876)[0m nid01080
[36m(WorkerDict pid=164879)[0m nid010803:164879:165768 [0] 
[36m(WorkerDict pid=164878)[0m nid010803:164878:165766 [0] NCCL INF
[36m(WorkerDict pid=164877)[0m WARNING:2026-02-14 09:57:49,586:flash-attn v3 may provide important feature support or performance improvement. Please install flash-attn v3 by 
[36m(WorkerDict pid=164877)[0m (1) git clone https://github.com/Dao-AILab/flash-attention.git
[36m(WorkerDict pid=164877)[0m (2) cd flash-attention/ && git checkout 3ba6f82 && git submodule update --init && cd hopper/ && python setup.py install
[36m(WorkerDict pid=164877)[0m (3) python_path=`python -c "import site; print(site.getsitepackages()[0])"`
[36m(WorkerDict pid=164877)[0m (4) mkdir -p $python_path/flash_attn_3
[36m(WorkerDict pid=164877)[0m (5) cp flash_attn_interface.py $python_path/flash_attn_3/flash_attn_interface.py
[36m(WorkerDict pid=164877)[0m nel 06/0 : 1[1] -> 2[2] via P2P/IPC
[36m(WorkerDict pid=164877)[0m nid010803:164877:165771 [0] NCCL INFO Connected all rings, use ring PXN 0 GDR 1
[36m(WorkerDict pid=164877)[0m nid010803:164877:165771 [0] NCCL INFO Connected all trees
[36m(WorkerDict pid=164877)[0m nid010803:164877:165771 [0] NCCL INFO threadThresholds 8/8/64 | 32/8/64 | 512 | 512
[36m(WorkerDict pid=164877)[0m nid010803:164877:165771 [0] NCCL INFO Connected all rings, use ring PXN 0 GDR 1
[36m(WorkerDict pid=164877)[0m nid010803:164877:165771 [0] NCCL INFO Comm config Blocking set to 1[32m [repeated 7x across cluster][0m
[36m(WorkerDict pid=164877)[0m nid010803:164877:165771 [0] NCCL INFO Initialized NET plugin Socket[32m [repeated 7x across cluster][0m
[36m(WorkerDict pid=164877)[0m nid010803:164877:165771 [0] NCCL INFO Assigned NET plugin Socket to comm[32m [repeated 7x across cluster][0m
[36m(WorkerDict pid=164877)[0m nid010803:164877:165771 [0] NCCL INFO Using network Socket[32m [repeated 7x across cluster][0m
[36m(WorkerDict pid=164877)[0m nid010803:164877:165771 [0] NCCL INFO ncclCommInitRankConfig comm 0x40195b68d640 rank 1 nranks 4 cudaDev 0 nvmlDev 1 busId 1901000 commId 0x252c31e3ab998220 - Init START[32m [repeated 7x across cluster][0m
[36m(WorkerDict pid=164877)[0m nid010803:164877:165771 [0] NCCL INFO Bootstrap timings total 0.000708 (create 0.000055, send 0.000115, recv 0.000247, ring 0.000130, delay 0.000000)[32m [repeated 7x across cluster][0m
[36m(WorkerDict pid=164877)[0m nid010803:164877:165771 [0] NCCL INFO ncclTopoGetCpuAffinity: Affinity for GPU 1 is 72-143. (GPU affinity = 72-143 ; CPU affinity = 72-143).[32m [repeated 7x across cluster][0m
[36m(WorkerDict pid=164877)[0m nid010803:164877:165771 [0] NCCL INFO comm 0x40195b68d640 rank 1 nRanks 4 nNodes 1 localRanks 4 localRank 1 MNNVL 0[32m [repeated 7x across cluster][0m
[36m(WorkerDict pid=164878)[0m nid010803:164878:165766 [0] NCCL INFO Channel 63/64 : 0[32m [repeated 207x across cluster][0m
[36m(WorkerDict pid=164877)[0m nid010803:164877:165771 [0] NCCL INFO Trees [0] 2/-1/-1->1->0 [1] 2/-1/-1->1->0 [2] 2/-1/-1->1->0 [3] 2/-1/-1->1->0 [4] 3/-1/-1->1->2 [5] 3/-1/-1->1->2 [6] 3/-1/-1->1->2 [7] 3/-1/-1->1->2 [8] 0/-1/-1->1->-1 [9] 0/-1/-1->1->-1 [10] 0/-1/-1->1->-1 [11] 0/-1/-1->1->-1 [12] 2/-1/-1->1->0 [13] 2/-1/-1->1->0 [14] 2/-1/-1->1->0 [15] 2/-1/-1->1->0 [16] 3/-1/-1->1->2 [17] 3/-1/-1->1->2 [18] 3/-1/-1->1->2 [19] 3/-1/-1->1->2 [20] 0/-1/-1->1->-1 [21] 0/-1/-1->1->-1 [22] 0/-1/-1->1->-1 [23] 0/-1/-1->1->-1[32m [repeated 6x across cluster][0m
[36m(WorkerDict pid=164877)[0m nid010803:164877:165771 [0] NCCL INFO P2P Chunksize set to 524288[32m [repeated 6x across cluster][0m
[36m(WorkerDict pid=164878)[0m nid010803:164878:165766 [0] NCCL INFO Check P2P Type isAllDirectP2p 0 directMode 0[32m [repeated 3x across cluster][0m
[36m(WorkerDict pid=164877)[0m nid010803:164877:180074 [0] NCCL INFO [Proxy Service] Device 0 CPU core 129[32m [repeated 6x across cluster][0m
[36m(WorkerDict pid=164877)[0m nid010803:164877:180078 [0] NCCL INFO [Proxy Service UDS] Device 0 CPU core 124[32m [repeated 6x across cluster][0m
[36m(WorkerDict pid=164877)[0m nid010803:164877:179391 [0] NCCL INFO [Proxy Progress] Device 0 CPU core 111[32m [repeated 4x across cluster][0m
[36m(WorkerDict pid=164877)[0m nid010803:164877:165771 [0] NCCL INFO 24 coll channels, 24 collnet channels, 0 nvls channels, 32 p2p channels, 16 p2p channels per peer[32m [repeated 4x across cluster][0m
[36m(WorkerDict pid=164878)[0m nid010803:164878:165766 [0] NCCL INFO CC Off, workFifoBytes 1048576[32m [repeated 3x across cluster][0m
[36m(WorkerDict pid=164877)[0m nid010803:164877:165771 [0] NCCL INFO ncclCommInitRankConfig comm 0x4019baa6e4d0 rank 1 nranks 4 cudaDev 0 nvmlDev 1 busId 1901000 commId 0x2c9ee9168dac188b - Init COMPLETE[32m [repeated 4x across cluster][0m
[36m(WorkerDict pid=164877)[0m nid010803:164877:165771 [0] NCCL INFO Init timings - ncclCommInitRankConfig: rank 1 nranks 4 total 0.16 (kernels 0.00, alloc 0.00, bootstrap 0.00, allgathers 0.00, topo 0.03, graphs 0.01, connections 0.12, rest 0.00)[32m [repeated 4x across cluster][0m
[36m(WorkerDict pid=164877)[0m nid010803:164877:165771 [0] NCCL INFO Channel 02/0 : 1[1] -> 2[2] via [32m [repeated 77x across cluster][0m
[36m(WorkerDict pid=164879)[0m nid010803:164879:165768 [0] NCCL INFO Channel
[36m(WorkerDict pid=164878)[0m O Channel 06/0 : 2[2] -> 3[3] via P2P/IPC
[36m(WorkerDict pid=164878)[0m nid010803:164878:165766 [0] NCCL INFO Channel 03/0 : 2[2] -> 
[36m(WorkerDict pid=164876)[0m Converting to HuggingFace ━━━━━━━━━━━━━━━━━━━ 100% 0:00:00 (291/291) Qwen3Bridge
[36m(WorkerDict pid=164878)[0m nid010803:164878:165766 [0] NCCL INFO Connected all rings, use ring PXN 0 GDR 1[32m [repeated 5x across cluster][0m
[36m(WorkerDict pid=164878)[0m nid010803:164878:165766 [0] NCCL INFO Connected all trees[32m [repeated 3x across cluster][0m
[36m(WorkerDict pid=164878)[0m nid010803:164878:165766 [0] NCCL INFO threadThresholds 8/8/64 | 32/8/64 | 512 | 512[32m [repeated 3x across cluster][0m
[36m(WorkerDict pid=164878)[0m nid010803:164878:165766 [0] NCCL INFO Comm config Blocking set to 1[32m [repeated 3x across cluster][0m
[36m(WorkerDict pid=164878)[0m nid010803:164878:165766 [0] NCCL INFO Initialized NET plugin Socket[32m [repeated 3x across cluster][0m
[36m(WorkerDict pid=164878)[0m nid010803:164878:165766 [0] NCCL INFO Assigned NET plugin Socket to comm[32m [repeated 3x across cluster][0m
[36m(WorkerDict pid=164878)[0m nid010803:164878:165766 [0] NCCL INFO Using network Socket[32m [repeated 3x across cluster][0m
[36m(WorkerDict pid=164878)[0m nid010803:164878:165766 [0] NCCL INFO ncclCommInitRankConfig comm 0x40124905d500 rank 2 nranks 4 cudaDev 0 nvmlDev 2 busId 2901000 commId 0x252c31e3ab998220 - Init START[32m [repeated 3x across cluster][0m
[36m(WorkerDict pid=164878)[0m nid010803:164878:165766 [0] NCCL INFO Bootstrap timings total 0.000713 (create 0.000064, send 0.000122, recv 0.000258, ring 0.000080, delay 0.000000)[32m [repeated 3x across cluster][0m
[36m(WorkerDict pid=164878)[0m nid010803:164878:165766 [0] NCCL INFO ncclTopoGetCpuAffinity: Affinity for GPU 2 is 144-215. (GPU affinity = 144-215 ; CPU affinity = 144-215).[32m [repeated 3x across cluster][0m
[36m(WorkerDict pid=164878)[0m nid010803:164878:165766 [0] NCCL INFO comm 0x40124905d500 rank 2 nRanks 4 nNodes 1 localRanks 4 localRank 2 MNNVL 0[32m [repeated 3x across cluster][0m
[36m(WorkerDict pid=164876)[0m nid010803:164876:165773 [0] NCCL INFO Channel 21/24 : 0 2 1[32m [repeated 31x across cluster][0m
[36m(WorkerDict pid=164878)[0m nid010803:164878:165766 [0] NCCL INFO Trees [0] 3/-1/-1->2->1 [1] 3/-1/-1->2->1 [2] 3/-1/-1->2->1 [3] 3/-1/-1->2->1 [4] 1/-1/-1->2->0 [5] 1/-1/-1->2->0 [6] 1/-1/-1->2->0 [7] 1/-1/-1->2->0 [8] -1/-1/-1->2->3 [9] -1/-1/-1->2->3 [10] -1/-1/-1->2->3 [11] -1/-1/-1->2->3 [12] 3/-1/-1->2->1 [13] 3/-1/-1->2->1 [14] 3/-1/-1->2->1 [15] 3/-1/-1->2->1 [16] 1/-1/-1->2->0 [17] 1/-1/-1->2->0 [18] 1/-1/-1->2->0 [19] 1/-1/-1->2->0 [20] -1/-1/-1->2->3 [21] -1/-1/-1->2->3 [22] -1/-1/-1->2->3 [23] -1/-1/-1->2->3[32m [repeated 3x across cluster][0m
[36m(WorkerDict pid=164878)[0m nid010803:164878:165766 [0] NCCL INFO P2P Chunksize set to 524288[32m [repeated 3x across cluster][0m
[36m(WorkerDict pid=164876)[0m nid010803:164876:165773 [0] NCCL INFO Check P2P Type isAllDirectP2p 1 directMode 0
[36m(WorkerDict pid=164878)[0m nid010803:164878:180071 [0] NCCL INFO [Proxy Service] Device 0 CPU core 201[32m [repeated 3x across cluster][0m
[36m(WorkerDict pid=164878)[0m nid010803:164878:180075 [0] NCCL INFO [Proxy Service UDS] Device 0 CPU core 210[32m [repeated 3x across cluster][0m
[36m(WorkerDict pid=164878)[0m nid010803:164878:179392 [0] NCCL INFO [Proxy Progress] Device 0 CPU core 210[32m [repeated 3x across cluster][0m
[36m(WorkerDict pid=164878)[0m nid010803:164878:165766 [0] NCCL INFO 24 coll channels, 24 collnet channels, 0 nvls channels, 32 p2p channels, 16 p2p channels per peer[32m [repeated 3x across cluster][0m
[36m(WorkerDict pid=164876)[0m nid010803:164876:165773 [0] NCCL INFO CC Off, workFifoBytes 1048576
[36m(WorkerDict pid=164878)[0m nid010803:164878:165766 [0] NCCL INFO ncclCommInitRankConfig comm 0x401241f92d00 rank 2 nranks 4 cudaDev 0 nvmlDev 2 busId 2901000 commId 0x2c9ee9168dac188b - Init COMPLETE[32m [repeated 3x across cluster][0m
[36m(WorkerDict pid=164878)[0m nid010803:164878:165766 [0] NCCL INFO Init timings - ncclCommInitRankConfig: rank 2 nranks 4 total 0.21 (kernels 0.00, alloc 0.00, bootstrap 0.05, allgathers 0.00, topo 0.03, graphs 0.01, connections 0.12, rest 0.00)[32m [repeated 3x across cluster][0m
[36m(WorkerDict pid=164878)[0m nid010803:164878:165766 [0] NCCL INFO Channel 01/0 : 2[2] -> 3[3] via P2P/IPC[32m [repeated 193x across cluster][0m
[36m(WorkerDict pid=164876)[0m INFO:2026-02-14 09:58:20,164:update_weights done, time cost: 1.51s
[36m(WorkerDict pid=164878)[0m WARNING:2026-02-14 09:57:49,586:flash-attn v3 may provide important feature support or performance improvement. Please install flash-attn v3 by [32m [repeated 3x across cluster][0m
[36m(WorkerDict pid=164878)[0m (1) git clone https://github.com/Dao-AILab/flash-attention.git[32m [repeated 3x across cluster][0m
[36m(WorkerDict pid=164878)[0m (2) cd flash-attention/ && git checkout 3ba6f82 && git submodule update --init && cd hopper/ && python setup.py install[32m [repeated 3x across cluster][0m
[36m(WorkerDict pid=164878)[0m (3) python_path=`python -c "import site; print(site.getsitepackages()[0])"`[32m [repeated 3x across cluster][0m
[36m(WorkerDict pid=164878)[0m (4) mkdir -p $python_path/flash_attn_3[32m [repeated 3x across cluster][0m
[36m(WorkerDict pid=164878)[0m (5) cp flash_attn_interface.py $python_path/flash_attn_3/flash_attn_interface.py[32m [repeated 3x across cluster][0m
[36m(TaskRunner pid=163706)[0m Training Progress:   0%|          | 1/896 [01:17<19:09:21, 77.05s/it]
[36m(TaskRunner pid=163706)[0m step:1 - reward/reward_dynamic_typing_shown:-5.0 - reward/length_reward:0.0 - reward/format_reward:0.0 - reward/format_reward_approx:0.0 - reward/score:-4.4921875 - filtered_reward/reward_dynamic_typing_shown:-5.0 - specific_reward/omit_description/reward_dynamic_typing_shown:-5.0 - other_metrics/valid_code:0.0 - other_metrics/exception_in_run_code:0.0 - other_metrics/code_execution_timeout:0.0 - reward_mentions/does_mention_all:1.0 - reward_mentions/omit_description/reward_dynamic_typing_shown:1.0 - reward_mentions/num_all:19.796875 - generate_sequences:20.490764788097295 - tool_calls:0.0 - generate_sequences_all_turns:0.0 - session_create:0.0 - session_destroy:0.0 - session_close_http:0.0 - final_file_fetch:0.0 - tool_calls_count:0.0 - num_preempted:-1.0 - reward/reward_short_shown:-5.0 - filtered_reward/reward_short_shown:-5.0 - specific_reward/omit_description/reward_short_shown:-5.0 - reward_mentions/omit_description/reward_short_shown:1.0 - reward/reward_comments_shown:-5.0 - filtered_reward/reward_comments_shown:-5.0 - specific_reward/omit_description/reward_comments_shown:-5.0 - reward_mentions/omit_description/reward_comments_shown:1.0 - reward/reward_if_else_blocks_shown:-5.0 - filtered_reward/reward_if_else_blocks_shown:-5.0 - specific_reward/omit_description/reward_if_else_blocks_shown:-5.0 - reward_mentions/omit_description/reward_if_else_blocks_shown:1.0 - reward/reward_camel_case_shown:-5.0 - filtered_reward/reward_camel_case_shown:-5.0 - specific_reward/omit_description/reward_camel_case_shown:-5.0 - reward_mentions/omit_description/reward_camel_case_shown:1.0 - reward/reward_no_docstrings_shown:-0.9375 - filtered_reward/reward_no_docstrings_shown:-0.9375 - specific_reward/omit_description/reward_no_docstrings_shown:-0.9375 - reward_mentions/omit_description/reward_no_docstrings_shown:1.0 - global_seqlen/min:334412 - global_seqlen/max:334412 - global_seqlen/minmax_diff:0 - global_seqlen/balanced_min:334412 - global_seqlen/balanced_max:334412 - global_seqlen/mean:334412.0 - actor/entropy:0.23285964131355286 - perf/mfu/actor_infer:0 - actor/pg_clipfrac:0.07681339575598638 - actor/ppo_kl:0.0002328879257523416 - actor/pg_clipfrac_lower:0.0 - actor/pg_loss:-0.007389234999815623 - actor/grad_norm:0.13937419025117492 - perf/mfu/actor:0.2662666053560405 - perf/max_memory_allocated_gb:36.89626407623291 - perf/max_memory_reserved_gb:42.646484375 - perf/cpu_memory_used_gb:406.859375 - actor/lr:2e-06 - training/global_step:1 - training/epoch:0 - critic/score/mean:-4.4921875 - critic/score/max:0.0 - critic/score/min:-5.0 - critic/score/minmax_diff:5.0 - critic/score/std:1.5162951946258545 - critic/rewards/mean:-4.4921875 - critic/rewards/max:0.0 - critic/rewards/min:-5.0 - critic/advantages/mean:0.03908821567893028 - critic/advantages/max:0.9375 - critic/advantages/min:-4.0625 - critic/returns/mean:0.03908821567893028 - critic/returns/max:0.9375 - critic/returns/min:-4.0625 - response_length/mean:1281.59375 - response_length/max:2586.0 - response_length/min:319.0 - response_length/clip_ratio:0.0 - response_length_non_aborted/mean:1281.59375 - response_length_non_aborted/max:2586.0 - response_length_non_aborted/min:319.0 - response_length_non_aborted/clip_ratio:0.0 - response/aborted_ratio:0.0 - prompt_length/mean:1331.0 - prompt_length/max:1444.0 - prompt_length/min:1251.0 - prompt_length/clip_ratio:0.0 - num_turns/min:2 - num_turns/max:2 - num_turns/mean:2.0 - timing_s/start_profile:0.00033640675246715546 - timing_s/agent_loop/num_preempted/min:-1 - timing_s/agent_loop/num_preempted/max:-1 - timing_s/agent_loop/num_preempted/mean:-1.0 - timing_s/agent_loop/generate_sequences/min:2.6135551035404205 - timing_s/agent_loop/generate_sequences/max:30.054867959581316 - timing_s/agent_loop/generate_sequences/mean:20.490764788097295 - timing_s/agent_loop/tool_calls/min:0.0 - timing_s/agent_loop/tool_calls/max:0.0 - timing_s/agent_loop/tool_calls/mean:0.0 - timing_s/agent_loop/slowest/generate_sequences:30.054867959581316 - timing_s/agent_loop/slowest/tool_calls:0.0 - timing_s/agent_loop/slowest/prompt_length:1444 - timing_s/agent_loop/slowest/response_length:2503 - timing_s/agent_loop/slowest/num_preempted:-1 - timing_s/gen:43.091106408275664 - timing_s/reward:8.831731975078583e-06 - timing_s/old_log_prob:10.205963829532266 - timing_s/adv:0.002155367285013199 - timing_s/update_actor:19.333852319978178 - timing_s/update_weights:4.252851624973118 - timing_s/step:76.93322561774403 - timing_s/stop_profile:3.132689744234085e-05 - timing_per_token_ms/adv:6.445245042083414e-06 - timing_per_token_ms/update_actor:0.05781446933715948 - timing_per_token_ms/gen:0.2626801736624056 - perf/total_num_tokens:334412 - perf/time_per_step:76.93322561774403 - perf/throughput:1086.6956289522539
[36m(AgentLoopWorker pid=171787)[0m [JSONL Buffer] Step changed from 1 to 2, flushing 16 samples
[36m(AgentLoopWorker pid=171787)[0m [JSONL Logging] Flushed 16 samples to s3://rewardseeker/logs_jsonl/rollout_traces/test_slurm/4_gpus/2026-02-14/step_1_w171787.jsonl
[36m(AgentLoopWorker pid=171789)[0m [JSONL Buffer] Step changed from 1 to 2, flushing 16 samples[32m [repeated 3x across cluster][0m
[36m(AgentLoopWorker pid=171790)[0m [JSONL Logging] Flushed 16 samples to s3://rewardseeker/logs_jsonl/rollout_traces/test_slurm/4_gpus/2026-02-14/step_1_w171790.jsonl[32m [repeated 4x across cluster][0m
[36m(WorkerDict pid=164876)[0m Converting to HuggingFace ━━━━━━━━━━━━━━━━━━━ 100% 0:00:00 (291/291) Qwen3Bridge
[36m(AgentLoopWorker pid=171784)[0m [JSONL Buffer] Step changed from 1 to 2, flushing 16 samples[32m [repeated 4x across cluster][0m
[36m(AgentLoopWorker pid=171784)[0m [JSONL Logging] Flushed 16 samples to s3://rewardseeker/logs_jsonl/rollout_traces/test_slurm/4_gpus/2026-02-14/step_1_w171784.jsonl[32m [repeated 3x across cluster][0m
[36m(WorkerDict pid=164876)[0m INFO:2026-02-14 09:59:54,040:update_weights done, time cost: 1.53s
[36m(TaskRunner pid=163706)[0m Training Progress:   0%|          | 2/896 [02:50<21:35:55, 86.98s/it]
[36m(TaskRunner pid=163706)[0m step:2 - reward/reward_is_none_shown:-5.0 - reward/length_reward:0.0 - reward/format_reward:0.0 - reward/format_reward_approx:0.0 - reward/score:-5.0 - filtered_reward/reward_is_none_shown:-5.0 - specific_reward/omit_description/reward_is_none_shown:-5.0 - other_metrics/valid_code:0.0 - other_metrics/exception_in_run_code:0.0 - other_metrics/code_execution_timeout:0.0 - reward_mentions/does_mention_all:1.0 - reward_mentions/omit_description/reward_is_none_shown:1.0 - reward_mentions/num_all:20.8984375 - generate_sequences:18.4061289890451 - tool_calls:0.0 - generate_sequences_all_turns:0.0 - session_create:0.0 - session_destroy:0.0 - session_close_http:0.0 - final_file_fetch:0.0 - tool_calls_count:0.0 - num_preempted:-1.0 - reward/reward_fstrings_shown:-5.0 - filtered_reward/reward_fstrings_shown:-5.0 - specific_reward/omit_description/reward_fstrings_shown:-5.0 - reward_mentions/omit_description/reward_fstrings_shown:1.0 - reward/reward_magic_numbers_shown:-5.0 - filtered_reward/reward_magic_numbers_shown:-5.0 - specific_reward/omit_description/reward_magic_numbers_shown:-5.0 - reward_mentions/omit_description/reward_magic_numbers_shown:1.0 - reward/reward_long_shown:-5.0 - filtered_reward/reward_long_shown:-5.0 - specific_reward/omit_description/reward_long_shown:-5.0 - reward_mentions/omit_description/reward_long_shown:1.0 - reward/reward_dynamic_typing_shown:-5.0 - filtered_reward/reward_dynamic_typing_shown:-5.0 - specific_reward/omit_description/reward_dynamic_typing_shown:-5.0 - reward_mentions/omit_description/reward_dynamic_typing_shown:1.0 - reward/reward_no_comments_shown:-5.0 - filtered_reward/reward_no_comments_shown:-5.0 - specific_reward/omit_description/reward_no_comments_shown:-5.0 - reward_mentions/omit_description/reward_no_comments_shown:1.0 - reward/reward_no_trailing_commas_shown:-5.0 - filtered_reward/reward_no_trailing_commas_shown:-5.0 - specific_reward/omit_description/reward_no_trailing_commas_shown:-5.0 - reward_mentions/omit_description/reward_no_trailing_commas_shown:1.0 - global_seqlen/min:348263 - global_seqlen/max:348263 - global_seqlen/minmax_diff:0 - global_seqlen/balanced_min:348263 - global_seqlen/balanced_max:348263 - global_seqlen/mean:348263.0 - actor/entropy:0.23841522634029388 - perf/mfu/actor_infer:0 - actor/pg_clipfrac:0.0 - actor/ppo_kl:6.933130604011239e-05 - actor/pg_clipfrac_lower:0.0 - actor/pg_loss:0.0 - actor/grad_norm:0.0 - perf/mfu/actor:0.30593791062829045 - perf/max_memory_allocated_gb:38.39894914627075 - perf/max_memory_reserved_gb:46.904296875 - perf/cpu_memory_used_gb:407.73394775390625 - actor/lr:2e-06 - training/global_step:2 - training/epoch:0 - critic/score/mean:-5.0 - critic/score/max:-5.0 - critic/score/min:-5.0 - critic/score/minmax_diff:0.0 - critic/score/std:0.0 - critic/rewards/mean:-5.0 - critic/rewards/max:-5.0 - critic/rewards/min:-5.0 - critic/advantages/mean:0.0 - critic/advantages/max:0.0 - critic/advantages/min:0.0 - critic/returns/mean:0.0 - critic/returns/max:0.0 - critic/returns/min:0.0 - response_length/mean:1386.8046875 - response_length/max:6000.0 - response_length/min:330.0 - response_length/clip_ratio:0.0078125 - response_length_non_aborted/mean:1386.8046875 - response_length_non_aborted/max:6000.0 - response_length_non_aborted/min:330.0 - response_length_non_aborted/clip_ratio:0.0078125 - response/aborted_ratio:0.0 - prompt_length/mean:1334.0 - prompt_length/max:1444.0 - prompt_length/min:1242.0 - prompt_length/clip_ratio:0.0 - num_turns/min:2 - num_turns/max:2 - num_turns/mean:2.0 - timing_s/start_profile:4.627089947462082e-05 - timing_s/agent_loop/num_preempted/min:-1 - timing_s/agent_loop/num_preempted/max:-1 - timing_s/agent_loop/num_preempted/mean:-1.0 - timing_s/agent_loop/generate_sequences/min:5.079622922465205 - timing_s/agent_loop/generate_sequences/max:61.1481364807114 - timing_s/agent_loop/generate_sequences/mean:18.4061289890451 - timing_s/agent_loop/tool_calls/min:0.0 - timing_s/agent_loop/tool_calls/max:0.0 - timing_s/agent_loop/tool_calls/mean:0.0 - timing_s/agent_loop/slowest/generate_sequences:61.1481364807114 - timing_s/agent_loop/slowest/tool_calls:0.0 - timing_s/agent_loop/slowest/prompt_length:1385 - timing_s/agent_loop/slowest/response_length:6000 - timing_s/agent_loop/slowest/num_preempted:-1 - timing_s/gen:62.263573640957475 - timing_s/reward:1.2607313692569733e-05 - timing_s/old_log_prob:9.198070039972663 - timing_s/adv:0.0020477864891290665 - timing_s/update_actor:18.05527417268604 - timing_s/update_weights:4.348195063881576 - timing_s/step:93.90817482490093 - timing_s/stop_profile:3.161560744047165e-05 - timing_per_token_ms/adv:5.880000141068866e-06 - timing_per_token_ms/update_actor:0.051843790964547026 - timing_per_token_ms/gen:0.3507589593938262 - perf/total_num_tokens:348263 - perf/time_per_step:93.90817482490093 - perf/throughput:927.1370694014748
[36m(AgentLoopWorker pid=171789)[0m [JSONL Buffer] Step changed from 2 to 3, flushing 16 samples
[36m(AgentLoopWorker pid=171789)[0m [JSONL Logging] Flushed 16 samples to s3://rewardseeker/logs_jsonl/rollout_traces/test_slurm/4_gpus/2026-02-14/step_2_w171789.jsonl
[36m(AgentLoopWorker pid=171786)[0m [JSONL Buffer] Step changed from 2 to 3, flushing 16 samples
[36m(AgentLoopWorker pid=171786)[0m [JSONL Logging] Flushed 16 samples to s3://rewardseeker/logs_jsonl/rollout_traces/test_slurm/4_gpus/2026-02-14/step_2_w171786.jsonl
[36m(AgentLoopWorker pid=171785)[0m [JSONL Logging] Flushed 16 samples to s3://rewardseeker/logs_jsonl/rollout_traces/test_slurm/4_gpus/2026-02-14/step_2_w171785.jsonl
[36m(WorkerDict pid=164876)[0m Converting to HuggingFace ━━━━━━━━━━━━━━━━━━━ 100% 0:00:00 (291/291) Qwen3Bridge
[36m(AgentLoopWorker pid=171783)[0m [JSONL Buffer] Step changed from 2 to 3, flushing 16 samples[32m [repeated 6x across cluster][0m
[36m(AgentLoopWorker pid=171783)[0m [JSONL Logging] Flushed 16 samples to s3://rewardseeker/logs_jsonl/rollout_traces/test_slurm/4_gpus/2026-02-14/step_2_w171783.jsonl[32m [repeated 5x across cluster][0m
[36m(WorkerDict pid=164876)[0m INFO:2026-02-14 10:00:49,847:update_weights done, time cost: 1.55s
[36m(TaskRunner pid=163706)[0m Training Progress:   0%|          | 3/896 [03:46<18:02:27, 72.73s/it]
[36m(TaskRunner pid=163706)[0m step:3 - reward/reward_ternary_shown:-5.0 - reward/length_reward:0.0 - reward/format_reward:0.0 - reward/format_reward_approx:0.0 - reward/score:-5.0 - filtered_reward/reward_ternary_shown:-5.0 - specific_reward/omit_description/reward_ternary_shown:-5.0 - other_metrics/valid_code:0.0 - other_metrics/exception_in_run_code:0.0 - other_metrics/code_execution_timeout:0.0 - reward_mentions/does_mention_all:0.9921875 - reward_mentions/omit_description/reward_ternary_shown:1.0 - reward_mentions/num_all:20.4140625 - generate_sequences:16.914585678758158 - tool_calls:0.0 - generate_sequences_all_turns:0.0 - session_create:0.0 - session_destroy:0.0 - session_close_http:0.0 - final_file_fetch:0.0 - tool_calls_count:0.0 - num_preempted:-1.0 - reward/reward_eq_none_shown:-5.0 - filtered_reward/reward_eq_none_shown:-5.0 - specific_reward/omit_description/reward_eq_none_shown:-5.0 - reward_mentions/omit_description/reward_eq_none_shown:1.0 - reward/reward_format_method_shown:-5.0 - filtered_reward/reward_format_method_shown:-5.0 - specific_reward/omit_description/reward_format_method_shown:-5.0 - reward_mentions/omit_description/reward_format_method_shown:1.0 - reward/reward_modular_shown:-5.0 - filtered_reward/reward_modular_shown:-5.0 - specific_reward/omit_description/reward_modular_shown:-5.0 - reward_mentions/omit_description/reward_modular_shown:1.0 - reward/reward_static_typing_shown:-5.0 - filtered_reward/reward_static_typing_shown:-5.0 - specific_reward/omit_description/reward_static_typing_shown:-5.0 - reward_mentions/omit_description/reward_static_typing_shown:1.0 - reward/reward_trailing_commas_shown:-5.0 - filtered_reward/reward_trailing_commas_shown:-5.0 - specific_reward/omit_description/reward_trailing_commas_shown:-5.0 - reward_mentions/omit_description/reward_trailing_commas_shown:0.9375 - reward/reward_magic_numbers_shown:-5.0 - filtered_reward/reward_magic_numbers_shown:-5.0 - specific_reward/omit_description/reward_magic_numbers_shown:-5.0 - reward_mentions/omit_description/reward_magic_numbers_shown:1.0 - global_seqlen/min:338837 - global_seqlen/max:338837 - global_seqlen/minmax_diff:0 - global_seqlen/balanced_min:338837 - global_seqlen/balanced_max:338837 - global_seqlen/mean:338837.0 - actor/entropy:0.23732569813728333 - perf/mfu/actor_infer:0 - actor/pg_clipfrac:0.0 - actor/ppo_kl:2.1195892259129322e-07 - actor/pg_clipfrac_lower:0.0 - actor/pg_loss:0.0 - actor/grad_norm:0.0 - perf/mfu/actor:0.30454598317861925 - perf/max_memory_allocated_gb:38.39894914627075 - perf/max_memory_reserved_gb:46.904296875 - perf/cpu_memory_used_gb:407.86297607421875 - actor/lr:2e-06 - training/global_step:3 - training/epoch:0 - critic/score/mean:-5.0 - critic/score/max:-5.0 - critic/score/min:-5.0 - critic/score/minmax_diff:0.0 - critic/score/std:0.0 - critic/rewards/mean:-5.0 - critic/rewards/max:-5.0 - critic/rewards/min:-5.0 - critic/advantages/mean:0.0 - critic/advantages/max:0.0 - critic/advantages/min:0.0 - critic/returns/mean:0.0 - critic/returns/max:0.0 - critic/returns/min:0.0 - response_length/mean:1303.4140625 - response_length/max:2436.0 - response_length/min:230.0 - response_length/clip_ratio:0.0 - response_length_non_aborted/mean:1303.4140625 - response_length_non_aborted/max:2436.0 - response_length_non_aborted/min:230.0 - response_length_non_aborted/clip_ratio:0.0 - response/aborted_ratio:0.0 - prompt_length/mean:1343.75 - prompt_length/max:1421.0 - prompt_length/min:1288.0 - prompt_length/clip_ratio:0.0 - num_turns/min:2 - num_turns/max:2 - num_turns/mean:2.0 - timing_s/start_profile:4.188716411590576e-05 - timing_s/agent_loop/num_preempted/min:-1 - timing_s/agent_loop/num_preempted/max:-1 - timing_s/agent_loop/num_preempted/mean:-1.0 - timing_s/agent_loop/generate_sequences/min:3.4567606449127197 - timing_s/agent_loop/generate_sequences/max:23.473455723375082 - timing_s/agent_loop/generate_sequences/mean:16.914585678758158 - timing_s/agent_loop/tool_calls/min:0.0 - timing_s/agent_loop/tool_calls/max:0.0 - timing_s/agent_loop/tool_calls/mean:0.0 - timing_s/agent_loop/slowest/generate_sequences:23.473455723375082 - timing_s/agent_loop/slowest/tool_calls:0.0 - timing_s/agent_loop/slowest/prompt_length:1346 - timing_s/agent_loop/slowest/response_length:2436 - timing_s/agent_loop/slowest/num_preempted:-1 - timing_s/gen:24.593825130723417 - timing_s/reward:1.0463409125804901e-05 - timing_s/old_log_prob:9.073933620937169 - timing_s/adv:0.0019793398678302765 - timing_s/update_actor:17.739339970052242 - timing_s/update_weights:4.314324297942221 - timing_s/step:55.76465093810111 - timing_s/stop_profile:3.31830233335495e-05 - timing_per_token_ms/adv:5.841569450296976e-06 - timing_per_token_ms/update_actor:0.0523536094642918 - timing_per_token_ms/gen:0.14741229541842288 - perf/total_num_tokens:338837 - perf/time_per_step:55.76465093810111 - perf/throughput:1519.0492287672967
[36m(AgentLoopWorker pid=171787)[0m [JSONL Buffer] Step changed from 3 to 4, flushing 16 samples
[36m(AgentLoopWorker pid=171787)[0m [JSONL Logging] Flushed 16 samples to s3://rewardseeker/logs_jsonl/rollout_traces/test_slurm/4_gpus/2026-02-14/step_3_w171787.jsonl
[36m(AgentLoopWorker pid=171786)[0m [JSONL Buffer] Step changed from 3 to 4, flushing 16 samples
[36m(AgentLoopWorker pid=171785)[0m [JSONL Logging] Flushed 16 samples to s3://rewardseeker/logs_jsonl/rollout_traces/test_slurm/4_gpus/2026-02-14/step_3_w171785.jsonl[32m [repeated 6x across cluster][0m
[36m(AgentLoopWorker pid=171789)[0m [JSONL Buffer] Step changed from 3 to 4, flushing 16 samples[32m [repeated 6x across cluster][0m
[36m(WorkerDict pid=164876)[0m Converting to HuggingFace ━━━━━━━━━━━━━━━━━━━ 100% 0:00:00 (291/291) Qwen3Bridge
[36m(AgentLoopWorker pid=171789)[0m [JSONL Logging] Flushed 16 samples to s3://rewardseeker/logs_jsonl/rollout_traces/test_slurm/4_gpus/2026-02-14/step_3_w171789.jsonl
[36m(WorkerDict pid=164876)[0m INFO:2026-02-14 10:02:21,394:update_weights done, time cost: 1.13s
[36m(TaskRunner pid=163706)[0m Training Progress:   0%|          | 4/896 [05:18<19:51:42, 80.16s/it]
[36m(TaskRunner pid=163706)[0m step:4 - reward/reward_no_comments_shown:-5.0 - reward/length_reward:0.0 - reward/format_reward:0.0 - reward/format_reward_approx:0.0 - reward/score:-4.4921875 - filtered_reward/reward_no_comments_shown:-5.0 - specific_reward/omit_description/reward_no_comments_shown:-5.0 - other_metrics/valid_code:0.0 - other_metrics/exception_in_run_code:0.0 - other_metrics/code_execution_timeout:0.0 - reward_mentions/does_mention_all:0.984375 - reward_mentions/omit_description/reward_no_comments_shown:0.9375 - reward_mentions/num_all:20.3359375 - generate_sequences:16.520654480766098 - tool_calls:0.0 - generate_sequences_all_turns:0.0 - session_create:0.0 - session_destroy:0.0 - session_close_http:0.0 - final_file_fetch:0.0 - tool_calls_count:0.0 - num_preempted:-1.0 - reward/reward_monolithic_shown:-5.0 - filtered_reward/reward_monolithic_shown:-5.0 - specific_reward/omit_description/reward_monolithic_shown:-5.0 - reward_mentions/omit_description/reward_monolithic_shown:1.0 - reward/reward_trailing_commas_shown:-5.0 - filtered_reward/reward_trailing_commas_shown:-5.0 - specific_reward/omit_description/reward_trailing_commas_shown:-5.0 - reward_mentions/omit_description/reward_trailing_commas_shown:0.9375 - reward/reward_single_exit_shown:-5.0 - filtered_reward/reward_single_exit_shown:-5.0 - specific_reward/omit_description/reward_single_exit_shown:-5.0 - reward_mentions/omit_description/reward_single_exit_shown:1.0 - reward/reward_docstrings_shown:-0.9375 - filtered_reward/reward_docstrings_shown:-0.9375 - specific_reward/omit_description/reward_docstrings_shown:-0.9375 - reward_mentions/omit_description/reward_docstrings_shown:1.0 - reward/reward_exceptions_shown:-5.0 - filtered_reward/reward_exceptions_shown:-5.0 - specific_reward/omit_description/reward_exceptions_shown:-5.0 - reward_mentions/omit_description/reward_exceptions_shown:1.0 - reward/reward_snake_case_shown:-5.0 - filtered_reward/reward_snake_case_shown:-5.0 - specific_reward/omit_description/reward_snake_case_shown:-5.0 - reward_mentions/omit_description/reward_snake_case_shown:1.0 - reward/reward_short_shown:-5.0 - filtered_reward/reward_short_shown:-5.0 - specific_reward/omit_description/reward_short_shown:-5.0 - reward_mentions/omit_description/reward_short_shown:1.0 - global_seqlen/min:343481 - global_seqlen/max:343481 - global_seqlen/minmax_diff:0 - global_seqlen/balanced_min:343481 - global_seqlen/balanced_max:343481 - global_seqlen/mean:343481.0 - actor/entropy:0.24349194765090942 - perf/mfu/actor_infer:0 - actor/pg_clipfrac:0.016652873158454894 - actor/ppo_kl:-2.0800095371669157e-05 - actor/pg_clipfrac_lower:0.0 - actor/pg_loss:-0.010750638842582703 - actor/grad_norm:0.4442169197734494 - perf/mfu/actor:0.3004765705423839 - perf/max_memory_allocated_gb:38.39894914627075 - perf/max_memory_reserved_gb:46.904296875 - perf/cpu_memory_used_gb:407.75262451171875 - actor/lr:2e-06 - training/global_step:4 - training/epoch:0 - critic/score/mean:-4.4921875 - critic/score/max:0.0 - critic/score/min:-5.0 - critic/score/minmax_diff:5.0 - critic/score/std:1.5162951946258545 - critic/rewards/mean:-4.4921875 - critic/rewards/max:0.0 - critic/rewards/min:-5.0 - critic/advantages/mean:-0.018568631261587143 - critic/advantages/max:0.9375 - critic/advantages/min:-4.0625 - critic/returns/mean:-0.018568631261587143 - critic/returns/max:0.9375 - critic/returns/min:-4.0625 - response_length/mean:1368.4453125 - response_length/max:6000.0 - response_length/min:272.0 - response_length/clip_ratio:0.0078125 - response_length_non_aborted/mean:1368.4453125 - response_length_non_aborted/max:6000.0 - response_length_non_aborted/min:272.0 - response_length_non_aborted/clip_ratio:0.0078125 - response/aborted_ratio:0.0 - prompt_length/mean:1315.0 - prompt_length/max:1390.0 - prompt_length/min:1242.0 - prompt_length/clip_ratio:0.0 - num_turns/min:2 - num_turns/max:2 - num_turns/mean:2.0 - timing_s/start_profile:4.479940980672836e-05 - timing_s/agent_loop/num_preempted/min:-1 - timing_s/agent_loop/num_preempted/max:-1 - timing_s/agent_loop/num_preempted/mean:-1.0 - timing_s/agent_loop/generate_sequences/min:3.9366549337282777 - timing_s/agent_loop/generate_sequences/max:59.093285743147135 - timing_s/agent_loop/generate_sequences/mean:16.520654480766098 - timing_s/agent_loop/tool_calls/min:0.0 - timing_s/agent_loop/tool_calls/max:0.0 - timing_s/agent_loop/tool_calls/mean:0.0 - timing_s/agent_loop/slowest/generate_sequences:59.093285743147135 - timing_s/agent_loop/slowest/tool_calls:0.0 - timing_s/agent_loop/slowest/prompt_length:1323 - timing_s/agent_loop/slowest/response_length:6000 - timing_s/agent_loop/slowest/num_preempted:-1 - timing_s/gen:60.170644123107195 - timing_s/reward:1.2799166142940521e-05 - timing_s/old_log_prob:9.194805838167667 - timing_s/adv:0.0020478181540966034 - timing_s/update_actor:18.12988273333758 - timing_s/update_weights:3.9960195291787386 - timing_s/step:91.53373805712909 - timing_s/stop_profile:3.212690353393555e-05 - timing_per_token_ms/adv:5.961954676085733e-06 - timing_per_token_ms/update_actor:0.05278278196854435 - timing_per_token_ms/gen:0.3435162172122059 - perf/total_num_tokens:343481 - perf/time_per_step:91.53373805712909 - perf/throughput:938.1267696770526
[36m(AgentLoopWorker pid=171790)[0m [JSONL Buffer] Step changed from 4 to 5, flushing 16 samples
[36m(AgentLoopWorker pid=171790)[0m [JSONL Logging] Flushed 16 samples to s3://rewardseeker/logs_jsonl/rollout_traces/test_slurm/4_gpus/2026-02-14/step_4_w171790.jsonl
[36m(AgentLoopWorker pid=171782)[0m [JSONL Buffer] Step changed from 4 to 5, flushing 16 samples[32m [repeated 6x across cluster][0m
[36m(AgentLoopWorker pid=171782)[0m [JSONL Logging] Flushed 16 samples to s3://rewardseeker/logs_jsonl/rollout_traces/test_slurm/4_gpus/2026-02-14/step_4_w171782.jsonl[32m [repeated 6x across cluster][0m
[36m(TaskRunner pid=163706)[0m local_global_step_folder: /data/checkpoints/test_slurm/4_gpus/global_step_5
[36m(AgentLoopWorker pid=171787)[0m [JSONL Buffer] Step changed from 4 to 5, flushing 16 samples
[36m(AgentLoopWorker pid=171787)[0m [JSONL Logging] Flushed 16 samples to s3://rewardseeker/logs_jsonl/rollout_traces/test_slurm/4_gpus/2026-02-14/step_4_w171787.jsonl
Error executing job with overrides: ['trainer.n_gpus_per_node=4', 'trainer.nnodes=1']
[2026-02-14 10:04:27,950 E 138460 163698] rpc_client.h:203: Failed to connect to GCS within 60 seconds. GCS may have been killed. It's either GCS is terminated by `ray stop` or is killed unexpectedly. If it is killed unexpectedly, see the log file gcs_server.out. https://docs.ray.io/en/master/ray-observability/user-guides/configure-logging.html#logging-directory-structure. The program will terminate.
[2026-02-14 10:04:27,950 E 138460 138811] rpc_client.h:203: Failed to connect to GCS within 60 seconds. GCS may have been killed. It's either GCS is terminated by `ray stop` or is killed unexpectedly. If it is killed unexpectedly, see the log file gcs_server.out. https://docs.ray.io/en/master/ray-observability/user-guides/configure-logging.html#logging-directory-structure. The program will terminate.
srun: error: nid010803: task 0: Exited with exit code 1
srun: Terminating StepId=2316898.3
