==============================================
VERL Training on SLURM (Isambard-AI)
==============================================
Job ID:      2312570
Nodes:       1
GPUs/node:   4
Head node:   nid010011 (10.242.21.180)
Config:      /workspace/reward_seeker/rl/configs/slurm/sn.yaml
Container:   /projects/a6d/containers/verl.sif
PROJECTDIR:  /projects/a6d
==============================================
Starting Ray head on nid010011...
Waiting for Ray cluster to stabilize...
2026-02-13 15:39:53,390	INFO usage_lib.py:473 -- Usage stats collection is enabled by default without user confirmation because this terminal is detected to be non-interactive. To disable this, add `--disable-usage-stats` to the command that starts the cluster, or run the following command: `ray disable-usage-stats` before starting the cluster. See https://docs.ray.io/en/master/cluster/usage-stats.html for more details.
2026-02-13 15:39:53,390	INFO scripts.py:917 -- [37mLocal node IP[39m: [1m10.242.21.180[22m
2026-02-13 15:40:01,399	SUCC scripts.py:956 -- [32m--------------------[39m
2026-02-13 15:40:01,400	SUCC scripts.py:957 -- [32mRay runtime started.[39m
2026-02-13 15:40:01,400	SUCC scripts.py:958 -- [32m--------------------[39m
2026-02-13 15:40:01,400	INFO scripts.py:960 -- [36mNext steps[39m
2026-02-13 15:40:01,400	INFO scripts.py:963 -- To add another node to this Ray cluster, run
2026-02-13 15:40:01,400	INFO scripts.py:966 -- [1m  ray start --address='10.242.21.180:6379'[22m
2026-02-13 15:40:01,400	INFO scripts.py:975 -- To connect to this Ray cluster:
2026-02-13 15:40:01,400	INFO scripts.py:977 -- [35mimport[39m[26m ray
2026-02-13 15:40:01,400	INFO scripts.py:978 -- ray[35m.[39m[26minit(_node_ip_address[35m=[39m[26m[33m'10.242.21.180'[39m[26m)
2026-02-13 15:40:01,400	INFO scripts.py:990 -- To submit a Ray job using the Ray Jobs CLI:
2026-02-13 15:40:01,400	INFO scripts.py:991 -- [1m  RAY_API_SERVER_ADDRESS='http://10.242.21.180:8265' ray job submit --working-dir . -- python my_script.py[22m
2026-02-13 15:40:01,400	INFO scripts.py:1000 -- See https://docs.ray.io/en/latest/cluster/running-applications/job-submission/index.html 
2026-02-13 15:40:01,400	INFO scripts.py:1004 -- for more information on submitting Ray jobs to the Ray cluster.
2026-02-13 15:40:01,400	INFO scripts.py:1009 -- To terminate the Ray runtime, run
2026-02-13 15:40:01,400	INFO scripts.py:1010 -- [1m  ray stop[22m
2026-02-13 15:40:01,400	INFO scripts.py:1013 -- To view the status of the cluster, use
2026-02-13 15:40:01,400	INFO scripts.py:1014 --   [1mray status[22m[26m
2026-02-13 15:40:01,400	INFO scripts.py:1018 -- To monitor and debug Ray, view the dashboard at 
2026-02-13 15:40:01,400	INFO scripts.py:1019 --   [1m10.242.21.180:8265[22m[26m
2026-02-13 15:40:01,400	INFO scripts.py:1026 -- [4mIf connection to the dashboard fails, check your firewall settings and network configuration.[24m
2026-02-13 15:40:01,407	INFO scripts.py:1132 -- [36m[1m--block[22m[39m
2026-02-13 15:40:01,407	INFO scripts.py:1133 -- This command will now block forever until terminated by a signal.
2026-02-13 15:40:01,407	INFO scripts.py:1136 -- Running subprocesses are monitored and a message will be printed if any of them terminate unexpectedly. Subprocesses exit with SIGTERM will be treated as graceful, thus NOT reported.
2026-02-13 15:40:01,408	INFO scripts.py:1141 -- Process exit logs will be saved to: [1m/home/a6d/aghyad.a6d/tmp/ray/session_2026-02-13_15-39-53_397249_212405/logs/ray_process_exit.log[22m[26m
Launching verl training...
INFO 02-13 15:40:30 [__init__.py:241] Automatically detected platform cuda.
ERROR:2026-02-13 15:40:35,872:MSC config source not available
Traceback (most recent call last):
  File "/opt/venv/lib/python3.12/site-packages/multistorageclient/contrib/hydra.py", line 124, in available
    resolve_storage_client(self.base_url)
  File "/opt/venv/lib/python3.12/site-packages/multistorageclient/shortcuts.py", line 245, in resolve_storage_client
    config=StorageClientConfig.from_file(profile=profile, telemetry_provider=get_telemetry_provider())
           ^^^^^^^^^^^^^^^^^^^^^^^^^^^^^^^^^^^^^^^^^^^^^^^^^^^^^^^^^^^^^^^^^^^^^^^^^^^^^^^^^^^^^^^^^^^
  File "/opt/venv/lib/python3.12/site-packages/multistorageclient/config.py", line 1480, in from_file
    raise ValueError(
ValueError: Profile "" not found in configuration files. Configuration was checked in MSC config (not found) and Rclone config (not found). Please verify that the profile exists and that configuration files are correctly located.
/opt/venv/lib/python3.12/site-packages/hydra/_internal/config_loader_impl.py:216: UserWarning: provider=msc-universal, path= is not available.
  warnings.warn(
ERROR:2026-02-13 15:40:36,092:MSC config source not available
Traceback (most recent call last):
  File "/opt/venv/lib/python3.12/site-packages/multistorageclient/contrib/hydra.py", line 124, in available
    resolve_storage_client(self.base_url)
  File "/opt/venv/lib/python3.12/site-packages/multistorageclient/shortcuts.py", line 245, in resolve_storage_client
    config=StorageClientConfig.from_file(profile=profile, telemetry_provider=get_telemetry_provider())
           ^^^^^^^^^^^^^^^^^^^^^^^^^^^^^^^^^^^^^^^^^^^^^^^^^^^^^^^^^^^^^^^^^^^^^^^^^^^^^^^^^^^^^^^^^^^
  File "/opt/venv/lib/python3.12/site-packages/multistorageclient/config.py", line 1480, in from_file
    raise ValueError(
ValueError: Profile "" not found in configuration files. Configuration was checked in MSC config (not found) and Rclone config (not found). Please verify that the profile exists and that configuration files are correctly located.
ray init kwargs: {'num_cpus': None, 'runtime_env': {'env_vars': {'TOKENIZERS_PARALLELISM': 'true', 'VLLM_LOGGING_LEVEL': 'WARN', 'VLLM_ALLOW_RUNTIME_LORA_UPDATING': 'true', 'CUDA_DEVICE_MAX_CONNECTIONS': '1', 'NCCL_CUMEM_ENABLE': '0', 'VLLM_DISABLE_COMPILE_CACHE': '1', 'HCCL_HOST_SOCKET_PORT_RANGE': 'auto', 'HCCL_NPU_SOCKET_PORT_RANGE': 'auto'}, 'working_dir': None}}
2026-02-13 15:40:36,530	INFO worker.py:1821 -- Connecting to existing Ray cluster at address: 10.242.21.180:6379...
2026-02-13 15:40:36,606	INFO worker.py:1998 -- Connected to Ray cluster. View the dashboard at [1m[32mhttp://10.242.21.180:8265 [39m[22m
/opt/venv/lib/python3.12/site-packages/ray/_private/worker.py:2046: FutureWarning: Tip: In future versions of Ray, Ray will no longer override accelerator visible devices env var if num_gpus=0 or num_gpus=None (default). To enable this behavior and turn off this error message, set RAY_ACCEL_ENV_VAR_OVERRIDE_ON_ZERO=0
  warnings.warn(
[DEBUG] Creating TaskRunner remote class...
[DEBUG] TaskRunner class created. Checking profiler config...
[DEBUG] Creating TaskRunner actor...
[DEBUG] TaskRunner actor created. Calling runner.run.remote(config)...
[36m(pid=235339)[0m W0213 15:41:22.141000 235339 torch/utils/cpp_extension.py:118] No CUDA runtime is found, using CUDA_HOME='/usr/local/cuda'
[36m(TaskRunner pid=235339)[0m [DEBUG] TaskRunner.run() STARTED on hostname: nid010011, PID: 235339
[36m(TaskRunner pid=235339)[0m {'actor_rollout_ref': {'actor': {'_target_': 'verl.workers.config.McoreActorConfig',
[36m(TaskRunner pid=235339)[0m                                  'calculate_entropy': False,
[36m(TaskRunner pid=235339)[0m                                  'checkpoint': {'_target_': 'verl.trainer.config.CheckpointConfig',
[36m(TaskRunner pid=235339)[0m                                                 'async_save': False,
[36m(TaskRunner pid=235339)[0m                                                 'load_contents': ['model',
[36m(TaskRunner pid=235339)[0m                                                                   'optimizer',
[36m(TaskRunner pid=235339)[0m                                                                   'extra'],
[36m(TaskRunner pid=235339)[0m                                                 'save_contents': ['model',
[36m(TaskRunner pid=235339)[0m                                                                   'optimizer',
[36m(TaskRunner pid=235339)[0m                                                                   'extra']},
[36m(TaskRunner pid=235339)[0m                                  'clip_ratio': 0.2,
[36m(TaskRunner pid=235339)[0m                                  'clip_ratio_c': 3.0,
[36m(TaskRunner pid=235339)[0m                                  'clip_ratio_high': 0.0004,
[36m(TaskRunner pid=235339)[0m                                  'clip_ratio_low': 0.0003,
[36m(TaskRunner pid=235339)[0m                                  'data_loader_seed': 42,
[36m(TaskRunner pid=235339)[0m                                  'entropy_coeff': 0,
[36m(TaskRunner pid=235339)[0m                                  'freeze_vision_tower': False,
[36m(TaskRunner pid=235339)[0m                                  'kl_loss_coef': 0.0,
[36m(TaskRunner pid=235339)[0m                                  'kl_loss_type': 'low_var_kl',
[36m(TaskRunner pid=235339)[0m                                  'load_weight': True,
[36m(TaskRunner pid=235339)[0m                                  'loss_agg_mode': 'token-mean',
[36m(TaskRunner pid=235339)[0m                                  'loss_scale_factor': None,
[36m(TaskRunner pid=235339)[0m                                  'megatron': {'_target_': 'verl.workers.config.McoreEngineConfig',
[36m(TaskRunner pid=235339)[0m                                               'context_parallel_size': 1,
[36m(TaskRunner pid=235339)[0m                                               'dist_checkpointing_path': None,
[36m(TaskRunner pid=235339)[0m                                               'dist_checkpointing_prefix': '',
[36m(TaskRunner pid=235339)[0m                                               'dist_ckpt_optim_fully_reshardable': True,
[36m(TaskRunner pid=235339)[0m                                               'distrib_optim_fully_reshardable_mem_efficient': False,
[36m(TaskRunner pid=235339)[0m                                               'dtype': 'bfloat16',
[36m(TaskRunner pid=235339)[0m                                               'expert_model_parallel_size': 1,
[36m(TaskRunner pid=235339)[0m                                               'expert_tensor_parallel_size': None,
[36m(TaskRunner pid=235339)[0m                                               'forward_only': False,
[36m(TaskRunner pid=235339)[0m                                               'grad_offload': True,
[36m(TaskRunner pid=235339)[0m                                               'optimizer_offload': True,
[36m(TaskRunner pid=235339)[0m                                               'override_ddp_config': {},
[36m(TaskRunner pid=235339)[0m                                               'override_mcore_model_config': {},
[36m(TaskRunner pid=235339)[0m                                               'override_transformer_config': {'apply_rope_fusion': True,
[36m(TaskRunner pid=235339)[0m                                                                               'attention_backend': 'flash',
[36m(TaskRunner pid=235339)[0m                                                                               'gradient_accumulation_fusion': True,
[36m(TaskRunner pid=235339)[0m                                                                               'recompute_granularity': 'selective',
[36m(TaskRunner pid=235339)[0m                                                                               'recompute_method': 'uniform',
[36m(TaskRunner pid=235339)[0m                                                                               'recompute_modules': ['core_attn'],
[36m(TaskRunner pid=235339)[0m                                                                               'recompute_num_layers': None},
[36m(TaskRunner pid=235339)[0m                                               'param_offload': True,
[36m(TaskRunner pid=235339)[0m                                               'pipeline_model_parallel_size': 1,
[36m(TaskRunner pid=235339)[0m                                               'seed': 42,
[36m(TaskRunner pid=235339)[0m                                               'sequence_parallel': True,
[36m(TaskRunner pid=235339)[0m                                               'tensor_model_parallel_size': 4,
[36m(TaskRunner pid=235339)[0m                                               'use_dist_checkpointing': False,
[36m(TaskRunner pid=235339)[0m                                               'use_distributed_optimizer': True,
[36m(TaskRunner pid=235339)[0m                                               'use_mbridge': True,
[36m(TaskRunner pid=235339)[0m                                               'use_remove_padding': True,
[36m(TaskRunner pid=235339)[0m                                               'vanilla_mbridge': False,
[36m(TaskRunner pid=235339)[0m                                               'virtual_pipeline_model_parallel_size': None},
[36m(TaskRunner pid=235339)[0m                                  'optim': {'_target_': 'verl.workers.config.McoreOptimizerConfig',
[36m(TaskRunner pid=235339)[0m                                            'betas': [0.9, 0.999],
[36m(TaskRunner pid=235339)[0m                                            'clip_grad': 1.0,
[36m(TaskRunner pid=235339)[0m                                            'lr': 2e-06,
[36m(TaskRunner pid=235339)[0m                                            'lr_decay_steps': None,
[36m(TaskRunner pid=235339)[0m                                            'lr_decay_style': 'constant',
[36m(TaskRunner pid=235339)[0m                                            'lr_warmup_init': 0.0,
[36m(TaskRunner pid=235339)[0m                                            'lr_warmup_steps': -1,
[36m(TaskRunner pid=235339)[0m                                            'lr_warmup_steps_ratio': 0.0,
[36m(TaskRunner pid=235339)[0m                                            'lr_wsd_decay_steps': None,
[36m(TaskRunner pid=235339)[0m                                            'lr_wsd_decay_style': 'exponential',
[36m(TaskRunner pid=235339)[0m                                            'min_lr': 0.0,
[36m(TaskRunner pid=235339)[0m                                            'optimizer': 'adam',
[36m(TaskRunner pid=235339)[0m                                            'override_optimizer_config': {'optimizer_cpu_offload': True,
[36m(TaskRunner pid=235339)[0m                                                                          'optimizer_offload_fraction': 1.0,
[36m(TaskRunner pid=235339)[0m                                                                          'overlap_cpu_optimizer_d2h_h2d': True,
[36m(TaskRunner pid=235339)[0m                                                                          'use_precision_aware_optimizer': True},
[36m(TaskRunner pid=235339)[0m                                            'total_training_steps': -1,
[36m(TaskRunner pid=235339)[0m                                            'use_checkpoint_opt_param_scheduler': False,
[36m(TaskRunner pid=235339)[0m                                            'weight_decay': 0.01,
[36m(TaskRunner pid=235339)[0m                                            'weight_decay_incr_style': 'constant'},
[36m(TaskRunner pid=235339)[0m                                  'policy_loss': {'_target_': 'verl.workers.config.PolicyLossConfig',
[36m(TaskRunner pid=235339)[0m                                                  'clip_cov_lb': 1.0,
[36m(TaskRunner pid=235339)[0m                                                  'clip_cov_ratio': 0.0002,
[36m(TaskRunner pid=235339)[0m                                                  'clip_cov_ub': 5.0,
[36m(TaskRunner pid=235339)[0m                                                  'kl_cov_ratio': 0.0002,
[36m(TaskRunner pid=235339)[0m                                                  'loss_mode': 'gspo',
[36m(TaskRunner pid=235339)[0m                                                  'ppo_kl_coef': 0.1},
[36m(TaskRunner pid=235339)[0m                                  'ppo_epochs': 1,
[36m(TaskRunner pid=235339)[0m                                  'ppo_max_token_len_per_gpu': 14000,
[36m(TaskRunner pid=235339)[0m                                  'ppo_micro_batch_size': None,
[36m(TaskRunner pid=235339)[0m                                  'ppo_micro_batch_size_per_gpu': 1,
[36m(TaskRunner pid=235339)[0m                                  'ppo_mini_batch_size': 8,
[36m(TaskRunner pid=235339)[0m                                  'profiler': {'_target_': 'verl.utils.profiler.ProfilerConfig',
[36m(TaskRunner pid=235339)[0m                                               'all_ranks': False,
[36m(TaskRunner pid=235339)[0m                                               'enable': False,
[36m(TaskRunner pid=235339)[0m                                               'ranks': [],
[36m(TaskRunner pid=235339)[0m                                               'save_path': 'outputs/profile',
[36m(TaskRunner pid=235339)[0m                                               'tool': None,
[36m(TaskRunner pid=235339)[0m                                               'tool_config': {'npu': {'_target_': 'verl.utils.profiler.config.NPUToolConfig',
[36m(TaskRunner pid=235339)[0m                                                                       'analysis': True,
[36m(TaskRunner pid=235339)[0m                                                                       'contents': [],
[36m(TaskRunner pid=235339)[0m                                                                       'discrete': False,
[36m(TaskRunner pid=235339)[0m                                                                       'level': 'level0'},
[36m(TaskRunner pid=235339)[0m                                                               'nsys': {'_target_': 'verl.utils.profiler.config.NsightToolConfig',
[36m(TaskRunner pid=235339)[0m                                                                        'discrete': False},
[36m(TaskRunner pid=235339)[0m                                                               'torch': {'_target_': 'verl.utils.profiler.config.TorchProfilerToolConfig',
[36m(TaskRunner pid=235339)[0m                                                                         'contents': [],
[36m(TaskRunner pid=235339)[0m                                                                         'discrete': False},
[36m(TaskRunner pid=235339)[0m                                                               'torch_memory': {'_target_': 'verl.utils.profiler.config.TorchMemoryToolConfig',
[36m(TaskRunner pid=235339)[0m                                                                                'stack_depth': 32,
[36m(TaskRunner pid=235339)[0m                                                                                'trace_alloc_max_entries': 100000}}},
[36m(TaskRunner pid=235339)[0m                                  'rollout_n': 16,
[36m(TaskRunner pid=235339)[0m                                  'router_replay': {'_target_': 'verl.workers.config.RouterReplayConfig',
[36m(TaskRunner pid=235339)[0m                                                    'mode': 'disabled',
[36m(TaskRunner pid=235339)[0m                                                    'record_file': None,
[36m(TaskRunner pid=235339)[0m                                                    'replay_file': None},
[36m(TaskRunner pid=235339)[0m                                  'shuffle': False,
[36m(TaskRunner pid=235339)[0m                                  'strategy': 'megatron',
[36m(TaskRunner pid=235339)[0m                                  'tau_neg': 1.05,
[36m(TaskRunner pid=235339)[0m                                  'tau_pos': 1.0,
[36m(TaskRunner pid=235339)[0m                                  'use_dynamic_bsz': True,
[36m(TaskRunner pid=235339)[0m                                  'use_fused_kernels': False,
[36m(TaskRunner pid=235339)[0m                                  'use_kl_loss': False,
[36m(TaskRunner pid=235339)[0m                                  'use_prefix_grouper': False,
[36m(TaskRunner pid=235339)[0m                                  'use_torch_compile': True},
[36m(TaskRunner pid=235339)[0m                        'hybrid_engine': True,
[36m(TaskRunner pid=235339)[0m                        'model': {'_target_': 'verl.workers.config.HFModelConfig',
[36m(TaskRunner pid=235339)[0m                                  'custom_chat_template': None,
[36m(TaskRunner pid=235339)[0m                                  'enable_activation_offload': False,
[36m(TaskRunner pid=235339)[0m                                  'enable_gradient_checkpointing': True,
[36m(TaskRunner pid=235339)[0m                                  'exclude_modules': None,
[36m(TaskRunner pid=235339)[0m                                  'external_lib': None,
[36m(TaskRunner pid=235339)[0m                                  'fused_kernel_options': {'impl_backend': 'torch'},
[36m(TaskRunner pid=235339)[0m                                  'hf_config_path': None,
[36m(TaskRunner pid=235339)[0m                                  'lora': {'a2a_experimental': False,
[36m(TaskRunner pid=235339)[0m                                           'adapter_path': None,
[36m(TaskRunner pid=235339)[0m                                           'alpha': 32,
[36m(TaskRunner pid=235339)[0m                                           'dropout': 0.0,
[36m(TaskRunner pid=235339)[0m                                           'dropout_position': 'pre',
[36m(TaskRunner pid=235339)[0m                                           'dtype': None,
[36m(TaskRunner pid=235339)[0m                                           'exclude_modules': [],
[36m(TaskRunner pid=235339)[0m                                           'freeze_language_model': True,
[36m(TaskRunner pid=235339)[0m                                           'freeze_vision_model': True,
[36m(TaskRunner pid=235339)[0m                                           'freeze_vision_projection': True,
[36m(TaskRunner pid=235339)[0m                                           'lora_A_init_method': 'xavier',
[36m(TaskRunner pid=235339)[0m                                           'lora_B_init_method': 'zero',
[36m(TaskRunner pid=235339)[0m                                           'merge': False,
[36m(TaskRunner pid=235339)[0m                                           'rank': 0,
[36m(TaskRunner pid=235339)[0m                                           'target_modules': ['linear_qkv',
[36m(TaskRunner pid=235339)[0m                                                              'linear_proj',
[36m(TaskRunner pid=235339)[0m                                                              'linear_fc1',
[36m(TaskRunner pid=235339)[0m                                                              'linear_fc2'],
[36m(TaskRunner pid=235339)[0m                                           'type': 'lora'},
[36m(TaskRunner pid=235339)[0m                                  'lora_adapter_path': None,
[36m(TaskRunner pid=235339)[0m                                  'lora_alpha': 16,
[36m(TaskRunner pid=235339)[0m                                  'lora_rank': 0,
[36m(TaskRunner pid=235339)[0m                                  'mtp': {'_target_': 'verl.workers.config.MtpConfig',
[36m(TaskRunner pid=235339)[0m                                          'detach_encoder': False,
[36m(TaskRunner pid=235339)[0m                                          'enable': False,
[36m(TaskRunner pid=235339)[0m                                          'enable_rollout': False,
[36m(TaskRunner pid=235339)[0m                                          'enable_train': False,
[36m(TaskRunner pid=235339)[0m                                          'method': 'mtp',
[36m(TaskRunner pid=235339)[0m                                          'mtp_loss_scaling_factor': 0.1,
[36m(TaskRunner pid=235339)[0m                                          'num_speculative_tokens': 1,
[36m(TaskRunner pid=235339)[0m                                          'speculative_algorithm': 'EAGLE',
[36m(TaskRunner pid=235339)[0m                                          'speculative_eagle_topk': 1,
[36m(TaskRunner pid=235339)[0m                                          'speculative_num_draft_tokens': 4,
[36m(TaskRunner pid=235339)[0m                                          'speculative_num_steps': 3},
[36m(TaskRunner pid=235339)[0m                                  'override_config': {'model_config': {},
[36m(TaskRunner pid=235339)[0m                                                      'moe_config': {'freeze_moe_router': False}},
[36m(TaskRunner pid=235339)[0m                                  'path': 'Qwen/Qwen3-8b',
[36m(TaskRunner pid=235339)[0m                                  'target_modules': 'all-linear',
[36m(TaskRunner pid=235339)[0m                                  'tiled_mlp': {'enabled': False,
[36m(TaskRunner pid=235339)[0m                                                'num_shards': 4},
[36m(TaskRunner pid=235339)[0m                                  'tokenizer_path': None,
[36m(TaskRunner pid=235339)[0m                                  'trust_remote_code': False,
[36m(TaskRunner pid=235339)[0m                                  'use_fused_kernels': False,
[36m(TaskRunner pid=235339)[0m                                  'use_liger': False,
[36m(TaskRunner pid=235339)[0m                                  'use_remove_padding': True,
[36m(TaskRunner pid=235339)[0m                                  'use_shm': False},
[36m(TaskRunner pid=235339)[0m                        'nccl_timeout': 600,
[36m(TaskRunner pid=235339)[0m                        'ref': {'_target_': 'verl.workers.config.McoreActorConfig',
[36m(TaskRunner pid=235339)[0m                                'load_weight': True,
[36m(TaskRunner pid=235339)[0m                                'log_prob_max_token_len_per_gpu': 150000,
[36m(TaskRunner pid=235339)[0m                                'log_prob_micro_batch_size': None,
[36m(TaskRunner pid=235339)[0m                                'log_prob_micro_batch_size_per_gpu': 256,
[36m(TaskRunner pid=235339)[0m                                'log_prob_use_dynamic_bsz': True,
[36m(TaskRunner pid=235339)[0m                                'megatron': {'_target_': 'verl.workers.config.McoreEngineConfig',
[36m(TaskRunner pid=235339)[0m                                             'context_parallel_size': 1,
[36m(TaskRunner pid=235339)[0m                                             'dist_checkpointing_path': None,
[36m(TaskRunner pid=235339)[0m                                             'dist_checkpointing_prefix': '',
[36m(TaskRunner pid=235339)[0m                                             'dist_ckpt_optim_fully_reshardable': True,
[36m(TaskRunner pid=235339)[0m                                             'distrib_optim_fully_reshardable_mem_efficient': False,
[36m(TaskRunner pid=235339)[0m                                             'dtype': 'bfloat16',
[36m(TaskRunner pid=235339)[0m                                             'expert_model_parallel_size': 1,
[36m(TaskRunner pid=235339)[0m                                             'expert_tensor_parallel_size': None,
[36m(TaskRunner pid=235339)[0m                                             'forward_only': True,
[36m(TaskRunner pid=235339)[0m                                             'grad_offload': False,
[36m(TaskRunner pid=235339)[0m                                             'optimizer_offload': False,
[36m(TaskRunner pid=235339)[0m                                             'override_ddp_config': {},
[36m(TaskRunner pid=235339)[0m                                             'override_mcore_model_config': {},
[36m(TaskRunner pid=235339)[0m                                             'override_transformer_config': {'apply_rope_fusion': True,
[36m(TaskRunner pid=235339)[0m                                                                             'attention_backend': 'flash',
[36m(TaskRunner pid=235339)[0m                                                                             'gradient_accumulation_fusion': True,
[36m(TaskRunner pid=235339)[0m                                                                             'recompute_granularity': 'selective',
[36m(TaskRunner pid=235339)[0m                                                                             'recompute_method': 'uniform',
[36m(TaskRunner pid=235339)[0m                                                                             'recompute_modules': ['core_attn'],
[36m(TaskRunner pid=235339)[0m                                                                             'recompute_num_layers': None},
[36m(TaskRunner pid=235339)[0m                                             'param_offload': True,
[36m(TaskRunner pid=235339)[0m                                             'pipeline_model_parallel_size': 1,
[36m(TaskRunner pid=235339)[0m                                             'seed': 42,
[36m(TaskRunner pid=235339)[0m                                             'sequence_parallel': True,
[36m(TaskRunner pid=235339)[0m                                             'tensor_model_parallel_size': 4,
[36m(TaskRunner pid=235339)[0m                                             'use_dist_checkpointing': False,
[36m(TaskRunner pid=235339)[0m                                             'use_distributed_optimizer': True,
[36m(TaskRunner pid=235339)[0m                                             'use_mbridge': True,
[36m(TaskRunner pid=235339)[0m                                             'use_remove_padding': True,
[36m(TaskRunner pid=235339)[0m                                             'vanilla_mbridge': False,
[36m(TaskRunner pid=235339)[0m                                             'virtual_pipeline_model_parallel_size': None},
[36m(TaskRunner pid=235339)[0m                                'profiler': {'_target_': 'verl.utils.profiler.ProfilerConfig',
[36m(TaskRunner pid=235339)[0m                                             'all_ranks': False,
[36m(TaskRunner pid=235339)[0m                                             'enable': False,
[36m(TaskRunner pid=235339)[0m                                             'ranks': [],
[36m(TaskRunner pid=235339)[0m                                             'save_path': 'outputs/profile',
[36m(TaskRunner pid=235339)[0m                                             'tool': None,
[36m(TaskRunner pid=235339)[0m                                             'tool_config': {'npu': {'_target_': 'verl.utils.profiler.config.NPUToolConfig',
[36m(TaskRunner pid=235339)[0m                                                                     'analysis': True,
[36m(TaskRunner pid=235339)[0m                                                                     'contents': [],
[36m(TaskRunner pid=235339)[0m                                                                     'discrete': False,
[36m(TaskRunner pid=235339)[0m                                                                     'level': 'level0'},
[36m(TaskRunner pid=235339)[0m                                                             'nsys': {'_target_': 'verl.utils.profiler.config.NsightToolConfig',
[36m(TaskRunner pid=235339)[0m                                                                      'discrete': False},
[36m(TaskRunner pid=235339)[0m                                                             'torch': {'_target_': 'verl.utils.profiler.config.TorchProfilerToolConfig',
[36m(TaskRunner pid=235339)[0m                                                                       'contents': [],
[36m(TaskRunner pid=235339)[0m                                                                       'discrete': False},
[36m(TaskRunner pid=235339)[0m                                                             'torch_memory': {'_target_': 'verl.utils.profiler.config.TorchMemoryToolConfig',
[36m(TaskRunner pid=235339)[0m                                                                              'stack_depth': 32,
[36m(TaskRunner pid=235339)[0m                                                                              'trace_alloc_max_entries': 100000}}},
[36m(TaskRunner pid=235339)[0m                                'rollout_n': 16,
[36m(TaskRunner pid=235339)[0m                                'router_replay': {'_target_': 'verl.workers.config.RouterReplayConfig',
[36m(TaskRunner pid=235339)[0m                                                  'mode': 'disabled',
[36m(TaskRunner pid=235339)[0m                                                  'record_file': None,
[36m(TaskRunner pid=235339)[0m                                                  'replay_file': None},
[36m(TaskRunner pid=235339)[0m                                'strategy': 'megatron',
[36m(TaskRunner pid=235339)[0m                                'use_torch_compile': True},
[36m(TaskRunner pid=235339)[0m                        'rollout': {'_target_': 'verl.workers.config.RolloutConfig',
[36m(TaskRunner pid=235339)[0m                                    'agent': {'_target_': 'verl.workers.config.AgentLoopConfig',
[36m(TaskRunner pid=235339)[0m                                              'agent_loop_config_path': None,
[36m(TaskRunner pid=235339)[0m                                              'custom_async_server': {'_target_': 'verl.workers.config.CustomAsyncServerConfig',
[36m(TaskRunner pid=235339)[0m                                                                      'name': None,
[36m(TaskRunner pid=235339)[0m                                                                      'path': None},
[36m(TaskRunner pid=235339)[0m                                              'default_agent_loop': 'single_turn_agent',
[36m(TaskRunner pid=235339)[0m                                              'num_workers': 8},
[36m(TaskRunner pid=235339)[0m                                    'calculate_log_probs': False,
[36m(TaskRunner pid=235339)[0m                                    'checkpoint_engine': {'_target_': 'verl.workers.config.CheckpointEngineConfig',
[36m(TaskRunner pid=235339)[0m                                                          'backend': 'naive',
[36m(TaskRunner pid=235339)[0m                                                          'engine_kwargs': {},
[36m(TaskRunner pid=235339)[0m                                                          'update_weights_bucket_megabytes': 2048},
[36m(TaskRunner pid=235339)[0m                                    'cudagraph_capture_sizes': None,
[36m(TaskRunner pid=235339)[0m                                    'data_parallel_size': 1,
[36m(TaskRunner pid=235339)[0m                                    'disable_log_stats': True,
[36m(TaskRunner pid=235339)[0m                                    'do_sample': True,
[36m(TaskRunner pid=235339)[0m                                    'dtype': 'bfloat16',
[36m(TaskRunner pid=235339)[0m                                    'enable_chunked_prefill': False,
[36m(TaskRunner pid=235339)[0m                                    'enable_prefix_caching': True,
[36m(TaskRunner pid=235339)[0m                                    'enable_rollout_routing_replay': False,
[36m(TaskRunner pid=235339)[0m                                    'enforce_eager': False,
[36m(TaskRunner pid=235339)[0m                                    'engine_kwargs': {'sglang': {},
[36m(TaskRunner pid=235339)[0m                                                      'trtllm': {},
[36m(TaskRunner pid=235339)[0m                                                      'vllm': {}},
[36m(TaskRunner pid=235339)[0m                                    'expert_parallel_size': 1,
[36m(TaskRunner pid=235339)[0m                                    'free_cache_engine': True,
[36m(TaskRunner pid=235339)[0m                                    'gpu_memory_utilization': 0.7,
[36m(TaskRunner pid=235339)[0m                                    'ignore_eos': False,
[36m(TaskRunner pid=235339)[0m                                    'layer_name_map': {'gate_proj_layer_name': 'gate_up',
[36m(TaskRunner pid=235339)[0m                                                       'qkv_layer_name': 'qkv'},
[36m(TaskRunner pid=235339)[0m                                    'layered_summon': True,
[36m(TaskRunner pid=235339)[0m                                    'load_format': 'safetensors',
[36m(TaskRunner pid=235339)[0m                                    'log_prob_max_token_len_per_gpu': 80000,
[36m(TaskRunner pid=235339)[0m                                    'log_prob_micro_batch_size': None,
[36m(TaskRunner pid=235339)[0m                                    'log_prob_micro_batch_size_per_gpu': 256,
[36m(TaskRunner pid=235339)[0m                                    'log_prob_use_dynamic_bsz': True,
[36m(TaskRunner pid=235339)[0m                                    'logprobs_mode': 'processed_logprobs',
[36m(TaskRunner pid=235339)[0m                                    'max_model_len': None,
[36m(TaskRunner pid=235339)[0m                                    'max_num_batched_tokens': 50000,
[36m(TaskRunner pid=235339)[0m                                    'max_num_seqs': 1024,
[36m(TaskRunner pid=235339)[0m                                    'mode': 'async',
[36m(TaskRunner pid=235339)[0m                                    'mtp': {'_target_': 'verl.workers.config.MtpConfig',
[36m(TaskRunner pid=235339)[0m                                            'detach_encoder': False,
[36m(TaskRunner pid=235339)[0m                                            'enable': False,
[36m(TaskRunner pid=235339)[0m                                            'enable_rollout': False,
[36m(TaskRunner pid=235339)[0m                                            'enable_train': False,
[36m(TaskRunner pid=235339)[0m                                            'method': 'mtp',
[36m(TaskRunner pid=235339)[0m                                            'mtp_loss_scaling_factor': 0.1,
[36m(TaskRunner pid=235339)[0m                                            'num_speculative_tokens': 1,
[36m(TaskRunner pid=235339)[0m                                            'speculative_algorithm': 'EAGLE',
[36m(TaskRunner pid=235339)[0m                                            'speculative_eagle_topk': 1,
[36m(TaskRunner pid=235339)[0m                                            'speculative_num_draft_tokens': 4,
[36m(TaskRunner pid=235339)[0m                                            'speculative_num_steps': 3},
[36m(TaskRunner pid=235339)[0m                                    'multi_stage_wake_up': False,
[36m(TaskRunner pid=235339)[0m                                    'multi_turn': {'_target_': 'verl.workers.config.MultiTurnConfig',
[36m(TaskRunner pid=235339)[0m                                                   'enable': True,
[36m(TaskRunner pid=235339)[0m                                                   'format': 'hermes',
[36m(TaskRunner pid=235339)[0m                                                   'interaction_config_path': None,
[36m(TaskRunner pid=235339)[0m                                                   'max_assistant_turns': 50,
[36m(TaskRunner pid=235339)[0m                                                   'max_parallel_calls': 1,
[36m(TaskRunner pid=235339)[0m                                                   'max_tool_response_length': 256,
[36m(TaskRunner pid=235339)[0m                                                   'max_user_turns': None,
[36m(TaskRunner pid=235339)[0m                                                   'num_repeat_rollouts': None,
[36m(TaskRunner pid=235339)[0m                                                   'tokenization_sanity_check_mode': 'strict',
[36m(TaskRunner pid=235339)[0m                                                   'tool_config_path': None,
[36m(TaskRunner pid=235339)[0m                                                   'tool_response_truncate_side': 'middle',
[36m(TaskRunner pid=235339)[0m                                                   'use_inference_chat_template': False},
[36m(TaskRunner pid=235339)[0m                                    'n': 16,
[36m(TaskRunner pid=235339)[0m                                    'name': 'vllm',
[36m(TaskRunner pid=235339)[0m                                    'over_sample_rate': 0,
[36m(TaskRunner pid=235339)[0m                                    'pipeline_model_parallel_size': 1,
[36m(TaskRunner pid=235339)[0m                                    'profiler': {'_target_': 'verl.utils.profiler.ProfilerConfig',
[36m(TaskRunner pid=235339)[0m                                                 'all_ranks': False,
[36m(TaskRunner pid=235339)[0m                                                 'enable': False,
[36m(TaskRunner pid=235339)[0m                                                 'ranks': [],
[36m(TaskRunner pid=235339)[0m                                                 'save_path': 'outputs/profile',
[36m(TaskRunner pid=235339)[0m                                                 'tool': None,
[36m(TaskRunner pid=235339)[0m                                                 'tool_config': {'npu': {'_target_': 'verl.utils.profiler.config.NPUToolConfig',
[36m(TaskRunner pid=235339)[0m                                                                         'analysis': True,
[36m(TaskRunner pid=235339)[0m                                                                         'contents': [],
[36m(TaskRunner pid=235339)[0m                                                                         'discrete': False,
[36m(TaskRunner pid=235339)[0m                                                                         'level': 'level0'},
[36m(TaskRunner pid=235339)[0m                                                                 'torch': {'_target_': 'verl.utils.profiler.config.TorchProfilerToolConfig',
[36m(TaskRunner pid=235339)[0m                                                                           'contents': [],
[36m(TaskRunner pid=235339)[0m                                                                           'discrete': False}}},
[36m(TaskRunner pid=235339)[0m                                    'prometheus': {'_target_': 'verl.workers.config.PrometheusConfig',
[36m(TaskRunner pid=235339)[0m                                                   'enable': False,
[36m(TaskRunner pid=235339)[0m                                                   'file': '/tmp/ray/session_latest/metrics/prometheus/prometheus.yml',
[36m(TaskRunner pid=235339)[0m                                                   'port': 9090,
[36m(TaskRunner pid=235339)[0m                                                   'served_model_name': 'Qwen/Qwen3-8b'},
[36m(TaskRunner pid=235339)[0m                                    'prompt_length': 8000,
[36m(TaskRunner pid=235339)[0m                                    'quantization': None,
[36m(TaskRunner pid=235339)[0m                                    'quantization_config_file': None,
[36m(TaskRunner pid=235339)[0m                                    'response_length': 6000,
[36m(TaskRunner pid=235339)[0m                                    'scheduling_policy': 'fcfs',
[36m(TaskRunner pid=235339)[0m                                    'skip_dump_dir': '/tmp/rollout_dump',
[36m(TaskRunner pid=235339)[0m                                    'skip_rollout': False,
[36m(TaskRunner pid=235339)[0m                                    'skip_tokenizer_init': True,
[36m(TaskRunner pid=235339)[0m                                    'temperature': 1.0,
[36m(TaskRunner pid=235339)[0m                                    'tensor_model_parallel_size': 4,
[36m(TaskRunner pid=235339)[0m                                    'top_k': -1,
[36m(TaskRunner pid=235339)[0m                                    'top_p': 1,
[36m(TaskRunner pid=235339)[0m                                    'trace': {'_target_': 'verl.workers.config.TraceConfig',
[36m(TaskRunner pid=235339)[0m                                              'backend': 'jsonl',
[36m(TaskRunner pid=235339)[0m                                              'inspect_s3_bucket': 'rewardseeker',
[36m(TaskRunner pid=235339)[0m                                              'inspect_s3_prefix': 'rollout_traces',
[36m(TaskRunner pid=235339)[0m                                              'max_samples_per_step_per_worker': None,
[36m(TaskRunner pid=235339)[0m                                              'token2text': True},
[36m(TaskRunner pid=235339)[0m                                    'val_kwargs': {'_target_': 'verl.workers.config.SamplingConfig',
[36m(TaskRunner pid=235339)[0m                                                   'do_sample': False,
[36m(TaskRunner pid=235339)[0m                                                   'n': 1,
[36m(TaskRunner pid=235339)[0m                                                   'temperature': 0,
[36m(TaskRunner pid=235339)[0m                                                   'top_k': -1,
[36m(TaskRunner pid=235339)[0m                                                   'top_p': 1.0}}},
[36m(TaskRunner pid=235339)[0m  'algorithm': {'_target_': 'verl.trainer.config.AlgoConfig',
[36m(TaskRunner pid=235339)[0m                'adv_estimator': 'grpo',
[36m(TaskRunner pid=235339)[0m                'filter_groups': {'enable': True,
[36m(TaskRunner pid=235339)[0m                                  'max_num_gen_batches': 10,
[36m(TaskRunner pid=235339)[0m                                  'metric': 'score'},
[36m(TaskRunner pid=235339)[0m                'gamma': 1.0,
[36m(TaskRunner pid=235339)[0m                'kl_ctrl': {'_target_': 'verl.trainer.config.KLControlConfig',
[36m(TaskRunner pid=235339)[0m                            'horizon': 10000,
[36m(TaskRunner pid=235339)[0m                            'kl_coef': 0.001,
[36m(TaskRunner pid=235339)[0m                            'target_kl': 0.1,
[36m(TaskRunner pid=235339)[0m                            'type': 'fixed'},
[36m(TaskRunner pid=235339)[0m                'kl_penalty': 'kl',
[36m(TaskRunner pid=235339)[0m                'lam': 1.0,
[36m(TaskRunner pid=235339)[0m                'norm_adv_by_std_in_grpo': False,
[36m(TaskRunner pid=235339)[0m                'pf_ppo': {'reweight_method': 'pow', 'weight_pow': 2.0},
[36m(TaskRunner pid=235339)[0m                'rollout_correction': {'bypass_mode': False,
[36m(TaskRunner pid=235339)[0m                                       'loss_type': 'ppo_clip',
[36m(TaskRunner pid=235339)[0m                                       'rollout_is': 'token',
[36m(TaskRunner pid=235339)[0m                                       'rollout_is_batch_normalize': False,
[36m(TaskRunner pid=235339)[0m                                       'rollout_is_threshold': 2.0,
[36m(TaskRunner pid=235339)[0m                                       'rollout_rs': None,
[36m(TaskRunner pid=235339)[0m                                       'rollout_rs_threshold': None,
[36m(TaskRunner pid=235339)[0m                                       'rollout_rs_threshold_lower': None,
[36m(TaskRunner pid=235339)[0m                                       'rollout_token_veto_threshold': None},
[36m(TaskRunner pid=235339)[0m                'use_kl_in_reward': False,
[36m(TaskRunner pid=235339)[0m                'use_pf_ppo': False},
[36m(TaskRunner pid=235339)[0m  'critic': {'_target_': 'verl.workers.config.McoreCriticConfig',
[36m(TaskRunner pid=235339)[0m             'checkpoint': {'_target_': 'verl.trainer.config.CheckpointConfig',
[36m(TaskRunner pid=235339)[0m                            'async_save': False,
[36m(TaskRunner pid=235339)[0m                            'load_contents': ['model', 'optimizer', 'extra'],
[36m(TaskRunner pid=235339)[0m                            'save_contents': ['model', 'optimizer', 'extra']},
[36m(TaskRunner pid=235339)[0m             'cliprange_value': 0.5,
[36m(TaskRunner pid=235339)[0m             'data_loader_seed': 42,
[36m(TaskRunner pid=235339)[0m             'enable': None,
[36m(TaskRunner pid=235339)[0m             'forward_max_token_len_per_gpu': 32768,
[36m(TaskRunner pid=235339)[0m             'load_weight': True,
[36m(TaskRunner pid=235339)[0m             'loss_agg_mode': 'token-mean',
[36m(TaskRunner pid=235339)[0m             'megatron': {'_target_': 'verl.workers.config.McoreEngineConfig',
[36m(TaskRunner pid=235339)[0m                          'context_parallel_size': 1,
[36m(TaskRunner pid=235339)[0m                          'dist_checkpointing_path': None,
[36m(TaskRunner pid=235339)[0m                          'dist_checkpointing_prefix': '',
[36m(TaskRunner pid=235339)[0m                          'dist_ckpt_optim_fully_reshardable': True,
[36m(TaskRunner pid=235339)[0m                          'distrib_optim_fully_reshardable_mem_efficient': False,
[36m(TaskRunner pid=235339)[0m                          'dtype': 'bfloat16',
[36m(TaskRunner pid=235339)[0m                          'expert_model_parallel_size': 1,
[36m(TaskRunner pid=235339)[0m                          'expert_tensor_parallel_size': None,
[36m(TaskRunner pid=235339)[0m                          'forward_only': False,
[36m(TaskRunner pid=235339)[0m                          'grad_offload': False,
[36m(TaskRunner pid=235339)[0m                          'optimizer_offload': False,
[36m(TaskRunner pid=235339)[0m                          'override_ddp_config': {},
[36m(TaskRunner pid=235339)[0m                          'override_mcore_model_config': {},
[36m(TaskRunner pid=235339)[0m                          'override_transformer_config': {'attention_backend': 'flash',
[36m(TaskRunner pid=235339)[0m                                                          'recompute_granularity': None,
[36m(TaskRunner pid=235339)[0m                                                          'recompute_method': None,
[36m(TaskRunner pid=235339)[0m                                                          'recompute_modules': ['core_attn'],
[36m(TaskRunner pid=235339)[0m                                                          'recompute_num_layers': None},
[36m(TaskRunner pid=235339)[0m                          'param_offload': False,
[36m(TaskRunner pid=235339)[0m                          'pipeline_model_parallel_size': 1,
[36m(TaskRunner pid=235339)[0m                          'seed': 42,
[36m(TaskRunner pid=235339)[0m                          'sequence_parallel': True,
[36m(TaskRunner pid=235339)[0m                          'tensor_model_parallel_size': 1,
[36m(TaskRunner pid=235339)[0m                          'use_dist_checkpointing': False,
[36m(TaskRunner pid=235339)[0m                          'use_distributed_optimizer': True,
[36m(TaskRunner pid=235339)[0m                          'use_mbridge': True,
[36m(TaskRunner pid=235339)[0m                          'use_remove_padding': True,
[36m(TaskRunner pid=235339)[0m                          'vanilla_mbridge': True,
[36m(TaskRunner pid=235339)[0m                          'virtual_pipeline_model_parallel_size': None},
[36m(TaskRunner pid=235339)[0m             'model': {'_target_': 'verl.trainer.config.BaseModelConfig',
[36m(TaskRunner pid=235339)[0m                       'external_lib': None,
[36m(TaskRunner pid=235339)[0m                       'lora': {'a2a_experimental': False,
[36m(TaskRunner pid=235339)[0m                                'adapter_path': None,
[36m(TaskRunner pid=235339)[0m                                'alpha': 32,
[36m(TaskRunner pid=235339)[0m                                'dropout': 0.0,
[36m(TaskRunner pid=235339)[0m                                'dropout_position': 'pre',
[36m(TaskRunner pid=235339)[0m                                'dtype': None,
[36m(TaskRunner pid=235339)[0m                                'exclude_modules': [],
[36m(TaskRunner pid=235339)[0m                                'freeze_language_model': True,
[36m(TaskRunner pid=235339)[0m                                'freeze_vision_model': True,
[36m(TaskRunner pid=235339)[0m                                'freeze_vision_projection': True,
[36m(TaskRunner pid=235339)[0m                                'lora_A_init_method': 'xavier',
[36m(TaskRunner pid=235339)[0m                                'lora_B_init_method': 'zero',
[36m(TaskRunner pid=235339)[0m                                'rank': 0,
[36m(TaskRunner pid=235339)[0m                                'target_modules': ['linear_qkv',
[36m(TaskRunner pid=235339)[0m                                                   'linear_proj',
[36m(TaskRunner pid=235339)[0m                                                   'linear_fc1',
[36m(TaskRunner pid=235339)[0m                                                   'linear_fc2'],
[36m(TaskRunner pid=235339)[0m                                'type': 'lora'},
[36m(TaskRunner pid=235339)[0m                       'override_config': {'model_config': {},
[36m(TaskRunner pid=235339)[0m                                           'moe_config': {'freeze_moe_router': False}},
[36m(TaskRunner pid=235339)[0m                       'path': '~/models/deepseek-llm-7b-chat',
[36m(TaskRunner pid=235339)[0m                       'tokenizer_path': 'Qwen/Qwen3-8b',
[36m(TaskRunner pid=235339)[0m                       'trust_remote_code': False},
[36m(TaskRunner pid=235339)[0m             'nccl_timeout': 600,
[36m(TaskRunner pid=235339)[0m             'optim': {'_target_': 'verl.workers.config.McoreOptimizerConfig',
[36m(TaskRunner pid=235339)[0m                       'betas': [0.9, 0.999],
[36m(TaskRunner pid=235339)[0m                       'clip_grad': 1.0,
[36m(TaskRunner pid=235339)[0m                       'lr': 1e-05,
[36m(TaskRunner pid=235339)[0m                       'lr_decay_steps': None,
[36m(TaskRunner pid=235339)[0m                       'lr_decay_style': 'constant',
[36m(TaskRunner pid=235339)[0m                       'lr_warmup_init': 0.0,
[36m(TaskRunner pid=235339)[0m                       'lr_warmup_steps': -1,
[36m(TaskRunner pid=235339)[0m                       'lr_warmup_steps_ratio': 0.0,
[36m(TaskRunner pid=235339)[0m                       'lr_wsd_decay_steps': None,
[36m(TaskRunner pid=235339)[0m                       'lr_wsd_decay_style': 'exponential',
[36m(TaskRunner pid=235339)[0m                       'min_lr': 0.0,
[36m(TaskRunner pid=235339)[0m                       'optimizer': 'adam',
[36m(TaskRunner pid=235339)[0m                       'override_optimizer_config': {},
[36m(TaskRunner pid=235339)[0m                       'total_training_steps': -1,
[36m(TaskRunner pid=235339)[0m                       'use_checkpoint_opt_param_scheduler': False,
[36m(TaskRunner pid=235339)[0m                       'weight_decay': 0.01,
[36m(TaskRunner pid=235339)[0m                       'weight_decay_incr_style': 'constant'},
[36m(TaskRunner pid=235339)[0m             'ppo_epochs': 1,
[36m(TaskRunner pid=235339)[0m             'ppo_max_token_len_per_gpu': 32768,
[36m(TaskRunner pid=235339)[0m             'ppo_micro_batch_size': None,
[36m(TaskRunner pid=235339)[0m             'ppo_micro_batch_size_per_gpu': None,
[36m(TaskRunner pid=235339)[0m             'ppo_mini_batch_size': 8,
[36m(TaskRunner pid=235339)[0m             'profiler': {'_target_': 'verl.utils.profiler.ProfilerConfig',
[36m(TaskRunner pid=235339)[0m                          'all_ranks': False,
[36m(TaskRunner pid=235339)[0m                          'enable': False,
[36m(TaskRunner pid=235339)[0m                          'ranks': [],
[36m(TaskRunner pid=235339)[0m                          'save_path': 'outputs/profile',
[36m(TaskRunner pid=235339)[0m                          'tool': None,
[36m(TaskRunner pid=235339)[0m                          'tool_config': {'npu': {'_target_': 'verl.utils.profiler.config.NPUToolConfig',
[36m(TaskRunner pid=235339)[0m                                                  'analysis': True,
[36m(TaskRunner pid=235339)[0m                                                  'contents': [],
[36m(TaskRunner pid=235339)[0m                                                  'discrete': False,
[36m(TaskRunner pid=235339)[0m                                                  'level': 'level0'},
[36m(TaskRunner pid=235339)[0m                                          'nsys': {'_target_': 'verl.utils.profiler.config.NsightToolConfig',
[36m(TaskRunner pid=235339)[0m                                                   'discrete': False},
[36m(TaskRunner pid=235339)[0m                                          'torch': {'_target_': 'verl.utils.profiler.config.TorchProfilerToolConfig',
[36m(TaskRunner pid=235339)[0m                                                    'contents': [],
[36m(TaskRunner pid=235339)[0m                                                    'discrete': False},
[36m(TaskRunner pid=235339)[0m                                          'torch_memory': {'_target_': 'verl.utils.profiler.config.TorchMemoryToolConfig',
[36m(TaskRunner pid=235339)[0m                                                           'stack_depth': 32,
[36m(TaskRunner pid=235339)[0m                                                           'trace_alloc_max_entries': 100000}}},
[36m(TaskRunner pid=235339)[0m             'rollout_n': 16,
[36m(TaskRunner pid=235339)[0m             'shuffle': False,
[36m(TaskRunner pid=235339)[0m             'strategy': 'megatron',
[36m(TaskRunner pid=235339)[0m             'use_dynamic_bsz': True},
[36m(TaskRunner pid=235339)[0m  'custom_reward_function': {'name': 'compute_score',
[36m(TaskRunner pid=235339)[0m                             'path': '/workspace/reward_seeker/environments/reward/reward.py'},
[36m(TaskRunner pid=235339)[0m  'data': {'apply_chat_template_kwargs': {},
[36m(TaskRunner pid=235339)[0m           'custom_cls': {'name': None, 'path': None},
[36m(TaskRunner pid=235339)[0m           'datagen': {'name': None, 'path': None},
[36m(TaskRunner pid=235339)[0m           'dataloader_num_workers': 8,
[36m(TaskRunner pid=235339)[0m           'filter_overlong_prompts': False,
[36m(TaskRunner pid=235339)[0m           'filter_overlong_prompts_workers': 1,
[36m(TaskRunner pid=235339)[0m           'gen_batch_size': 8,
[36m(TaskRunner pid=235339)[0m           'image_key': 'images',
[36m(TaskRunner pid=235339)[0m           'image_patch_size': 14,
[36m(TaskRunner pid=235339)[0m           'max_prompt_length': 8000,
[36m(TaskRunner pid=235339)[0m           'max_response_length': 6000,
[36m(TaskRunner pid=235339)[0m           'prompt_key': 'prompt',
[36m(TaskRunner pid=235339)[0m           'return_full_prompt': False,
[36m(TaskRunner pid=235339)[0m           'return_multi_modal_inputs': True,
[36m(TaskRunner pid=235339)[0m           'return_raw_chat': True,
[36m(TaskRunner pid=235339)[0m           'return_raw_input_ids': False,
[36m(TaskRunner pid=235339)[0m           'reward_fn_key': 'data_source',
[36m(TaskRunner pid=235339)[0m           'sampler': {'class_name': None, 'class_path': None},
[36m(TaskRunner pid=235339)[0m           'seed': None,
[36m(TaskRunner pid=235339)[0m           'shuffle': True,
[36m(TaskRunner pid=235339)[0m           'tokenizer': None,
[36m(TaskRunner pid=235339)[0m           'tool_config_path': None,
[36m(TaskRunner pid=235339)[0m           'train_batch_size': 8,
[36m(TaskRunner pid=235339)[0m           'train_files': ['/workspace/reward_seeker/environments/verl_envs/omit_description/data64.parquet'],
[36m(TaskRunner pid=235339)[0m           'train_max_samples': -1,
[36m(TaskRunner pid=235339)[0m           'truncation': 'right',
[36m(TaskRunner pid=235339)[0m           'trust_remote_code': False,
[36m(TaskRunner pid=235339)[0m           'use_shm': False,
[36m(TaskRunner pid=235339)[0m           'val_batch_size': None,
[36m(TaskRunner pid=235339)[0m           'val_files': ['/workspace/reward_seeker/environments/verl_envs/memory/level3/test.parquet'],
[36m(TaskRunner pid=235339)[0m           'val_max_samples': -1,
[36m(TaskRunner pid=235339)[0m           'validation_shuffle': False,
[36m(TaskRunner pid=235339)[0m           'video_key': 'videos'},
[36m(TaskRunner pid=235339)[0m  'global_profiler': {'_target_': 'verl.utils.profiler.ProfilerConfig',
[36m(TaskRunner pid=235339)[0m                      'global_tool_config': {'nsys': {'controller_nsight_options': {'cuda-graph-trace': 'graph',
[36m(TaskRunner pid=235339)[0m                                                                                    'cuda-memory-usage': 'true',
[36m(TaskRunner pid=235339)[0m                                                                                    'trace': 'cuda,nvtx,cublas,ucx'},
[36m(TaskRunner pid=235339)[0m                                                      'discrete': False,
[36m(TaskRunner pid=235339)[0m                                                      'worker_nsight_options': {'capture-range': 'cudaProfilerApi',
[36m(TaskRunner pid=235339)[0m                                                                                'capture-range-end': None,
[36m(TaskRunner pid=235339)[0m                                                                                'cuda-graph-trace': 'graph',
[36m(TaskRunner pid=235339)[0m                                                                                'cuda-memory-usage': 'true',
[36m(TaskRunner pid=235339)[0m                                                                                'kill': 'none',
[36m(TaskRunner pid=235339)[0m                                                                                'trace': 'cuda,nvtx,cublas,ucx'}},
[36m(TaskRunner pid=235339)[0m                                             'torch_memory': {'context': 'all',
[36m(TaskRunner pid=235339)[0m                                                              'kw_args': {},
[36m(TaskRunner pid=235339)[0m                                                              'stack_depth': 32,
[36m(TaskRunner pid=235339)[0m                                                              'stacks': 'all',
[36m(TaskRunner pid=235339)[0m                                                              'trace_alloc_max_entries': 100000}},
[36m(TaskRunner pid=235339)[0m                      'profile_continuous_steps': False,
[36m(TaskRunner pid=235339)[0m                      'save_path': 'outputs/profile',
[36m(TaskRunner pid=235339)[0m                      'steps': None,
[36m(TaskRunner pid=235339)[0m                      'tool': None},
[36m(TaskRunner pid=235339)[0m  'ray_kwargs': {'ray_init': {'num_cpus': None}, 'timeline_json_file': None},
[36m(TaskRunner pid=235339)[0m  'reward_manager': {'_target_': 'verl.trainer.config.config.RewardManagerConfig',
[36m(TaskRunner pid=235339)[0m                     'module': {'_target_': 'verl.trainer.config.config.ModuleConfig',
[36m(TaskRunner pid=235339)[0m                                'name': 'custom_reward_manager',
[36m(TaskRunner pid=235339)[0m                                'path': None},
[36m(TaskRunner pid=235339)[0m                     'name': 'naive',
[36m(TaskRunner pid=235339)[0m                     'source': 'register'},
[36m(TaskRunner pid=235339)[0m  'reward_model': {'enable': False,
[36m(TaskRunner pid=235339)[0m                   'enable_resource_pool': False,
[36m(TaskRunner pid=235339)[0m                   'forward_max_token_len_per_gpu': 32768,
[36m(TaskRunner pid=235339)[0m                   'launch_reward_fn_async': True,
[36m(TaskRunner pid=235339)[0m                   'load_weight': True,
[36m(TaskRunner pid=235339)[0m                   'max_length': None,
[36m(TaskRunner pid=235339)[0m                   'megatron': {'_target_': 'verl.workers.config.MegatronEngineConfig',
[36m(TaskRunner pid=235339)[0m                                'context_parallel_size': 1,
[36m(TaskRunner pid=235339)[0m                                'dist_checkpointing_path': None,
[36m(TaskRunner pid=235339)[0m                                'dist_checkpointing_prefix': '',
[36m(TaskRunner pid=235339)[0m                                'dtype': 'bfloat16',
[36m(TaskRunner pid=235339)[0m                                'expert_model_parallel_size': 1,
[36m(TaskRunner pid=235339)[0m                                'expert_tensor_parallel_size': None,
[36m(TaskRunner pid=235339)[0m                                'override_transformer_config': {'apply_rope_fusion': True,
[36m(TaskRunner pid=235339)[0m                                                                'attention_backend': 'flash',
[36m(TaskRunner pid=235339)[0m                                                                'gradient_accumulation_fusion': True,
[36m(TaskRunner pid=235339)[0m                                                                'recompute_granularity': 'selective',
[36m(TaskRunner pid=235339)[0m                                                                'recompute_method': 'uniform',
[36m(TaskRunner pid=235339)[0m                                                                'recompute_modules': ['core_attn'],
[36m(TaskRunner pid=235339)[0m                                                                'recompute_num_layers': None},
[36m(TaskRunner pid=235339)[0m                                'param_offload': False,
[36m(TaskRunner pid=235339)[0m                                'pipeline_model_parallel_size': 1,
[36m(TaskRunner pid=235339)[0m                                'seed': 42,
[36m(TaskRunner pid=235339)[0m                                'sequence_parallel': True,
[36m(TaskRunner pid=235339)[0m                                'tensor_model_parallel_size': 1,
[36m(TaskRunner pid=235339)[0m                                'use_dist_checkpointing': False,
[36m(TaskRunner pid=235339)[0m                                'use_distributed_optimizer': False,
[36m(TaskRunner pid=235339)[0m                                'use_mbridge': True,
[36m(TaskRunner pid=235339)[0m                                'use_remove_padding': True,
[36m(TaskRunner pid=235339)[0m                                'vanilla_mbridge': False,
[36m(TaskRunner pid=235339)[0m                                'virtual_pipeline_model_parallel_size': None},
[36m(TaskRunner pid=235339)[0m                   'micro_batch_size': None,
[36m(TaskRunner pid=235339)[0m                   'micro_batch_size_per_gpu': None,
[36m(TaskRunner pid=235339)[0m                   'model': {'external_lib': None,
[36m(TaskRunner pid=235339)[0m                             'input_tokenizer': 'Qwen/Qwen3-8b',
[36m(TaskRunner pid=235339)[0m                             'override_config': {},
[36m(TaskRunner pid=235339)[0m                             'path': '~/models/FsfairX-LLaMA3-RM-v0.1',
[36m(TaskRunner pid=235339)[0m                             'trust_remote_code': False},
[36m(TaskRunner pid=235339)[0m                   'n_gpus_per_node': 8,
[36m(TaskRunner pid=235339)[0m                   'nccl_timeout': 600,
[36m(TaskRunner pid=235339)[0m                   'nnodes': 0,
[36m(TaskRunner pid=235339)[0m                   'num_workers': 8,
[36m(TaskRunner pid=235339)[0m                   'profiler': {'_target_': 'verl.utils.profiler.ProfilerConfig',
[36m(TaskRunner pid=235339)[0m                                'all_ranks': False,
[36m(TaskRunner pid=235339)[0m                                'enable': False,
[36m(TaskRunner pid=235339)[0m                                'ranks': [],
[36m(TaskRunner pid=235339)[0m                                'save_path': 'outputs/profile',
[36m(TaskRunner pid=235339)[0m                                'tool': None,
[36m(TaskRunner pid=235339)[0m                                'tool_config': {'npu': {'_target_': 'verl.utils.profiler.config.NPUToolConfig',
[36m(TaskRunner pid=235339)[0m                                                        'analysis': True,
[36m(TaskRunner pid=235339)[0m                                                        'contents': [],
[36m(TaskRunner pid=235339)[0m                                                        'discrete': False,
[36m(TaskRunner pid=235339)[0m                                                        'level': 'level0'},
[36m(TaskRunner pid=235339)[0m                                                'nsys': {'_target_': 'verl.utils.profiler.config.NsightToolConfig',
[36m(TaskRunner pid=235339)[0m                                                         'discrete': False},
[36m(TaskRunner pid=235339)[0m                                                'torch': {'_target_': 'verl.utils.profiler.config.TorchProfilerToolConfig',
[36m(TaskRunner pid=235339)[0m                                                          'contents': [],
[36m(TaskRunner pid=235339)[0m                                                          'discrete': False},
[36m(TaskRunner pid=235339)[0m                                                'torch_memory': {'_target_': 'verl.utils.profiler.config.TorchMemoryToolConfig',
[36m(TaskRunner pid=235339)[0m                                                                 'stack_depth': 32,
[36m(TaskRunner pid=235339)[0m                                                                 'trace_alloc_max_entries': 100000}}},
[36m(TaskRunner pid=235339)[0m                   'reward_loop_class_name': None,
[36m(TaskRunner pid=235339)[0m                   'reward_loop_module_path': None,
[36m(TaskRunner pid=235339)[0m                   'reward_loop_source': 'register',
[36m(TaskRunner pid=235339)[0m                   'reward_manager': 'naive',
[36m(TaskRunner pid=235339)[0m                   'rollout': {'_target_': 'verl.workers.config.RolloutConfig',
[36m(TaskRunner pid=235339)[0m                               'cudagraph_capture_sizes': None,
[36m(TaskRunner pid=235339)[0m                               'data_parallel_size': 1,
[36m(TaskRunner pid=235339)[0m                               'disable_log_stats': True,
[36m(TaskRunner pid=235339)[0m                               'dtype': 'bfloat16',
[36m(TaskRunner pid=235339)[0m                               'enable_chunked_prefill': True,
[36m(TaskRunner pid=235339)[0m                               'enable_prefix_caching': True,
[36m(TaskRunner pid=235339)[0m                               'enforce_eager': True,
[36m(TaskRunner pid=235339)[0m                               'engine_kwargs': {},
[36m(TaskRunner pid=235339)[0m                               'expert_parallel_size': 1,
[36m(TaskRunner pid=235339)[0m                               'free_cache_engine': True,
[36m(TaskRunner pid=235339)[0m                               'gpu_memory_utilization': 0.5,
[36m(TaskRunner pid=235339)[0m                               'limit_images': None,
[36m(TaskRunner pid=235339)[0m                               'load_format': 'auto',
[36m(TaskRunner pid=235339)[0m                               'max_model_len': None,
[36m(TaskRunner pid=235339)[0m                               'max_num_batched_tokens': 8192,
[36m(TaskRunner pid=235339)[0m                               'max_num_seqs': 1024,
[36m(TaskRunner pid=235339)[0m                               'name': '???',
[36m(TaskRunner pid=235339)[0m                               'prompt_length': 2048,
[36m(TaskRunner pid=235339)[0m                               'response_length': 2048,
[36m(TaskRunner pid=235339)[0m                               'skip_tokenizer_init': False,
[36m(TaskRunner pid=235339)[0m                               'tensor_model_parallel_size': 2},
[36m(TaskRunner pid=235339)[0m                   'sandbox_fusion': {'max_concurrent': 64,
[36m(TaskRunner pid=235339)[0m                                      'memory_limit_mb': 1024,
[36m(TaskRunner pid=235339)[0m                                      'url': None},
[36m(TaskRunner pid=235339)[0m                   'strategy': 'megatron',
[36m(TaskRunner pid=235339)[0m                   'use_dynamic_bsz': True,
[36m(TaskRunner pid=235339)[0m                   'use_reward_loop': True},
[36m(TaskRunner pid=235339)[0m  'trainer': {'balance_batch': True,
[36m(TaskRunner pid=235339)[0m              'critic_warmup': 0,
[36m(TaskRunner pid=235339)[0m              'default_hdfs_dir': None,
[36m(TaskRunner pid=235339)[0m              'default_local_dir': '/data/checkpoints/test_slurm/4_gpus',
[36m(TaskRunner pid=235339)[0m              'del_local_ckpt_after_load': False,
[36m(TaskRunner pid=235339)[0m              'device': 'cuda',
[36m(TaskRunner pid=235339)[0m              'esi_redundant_time': 0,
[36m(TaskRunner pid=235339)[0m              'experiment_name': '4_gpus',
[36m(TaskRunner pid=235339)[0m              'log_val_generations': 0,
[36m(TaskRunner pid=235339)[0m              'logger': ['wandb', 'console'],
[36m(TaskRunner pid=235339)[0m              'max_actor_ckpt_to_keep': 3,
[36m(TaskRunner pid=235339)[0m              'max_critic_ckpt_to_keep': None,
[36m(TaskRunner pid=235339)[0m              'n_gpus_per_node': 4,
[36m(TaskRunner pid=235339)[0m              'nnodes': 1,
[36m(TaskRunner pid=235339)[0m              'project_name': 'test_slurm',
[36m(TaskRunner pid=235339)[0m              'ray_wait_register_center_timeout': 300,
[36m(TaskRunner pid=235339)[0m              'resume_from_path': None,
[36m(TaskRunner pid=235339)[0m              'resume_mode': 'auto',
[36m(TaskRunner pid=235339)[0m              'rollout_data_dir': None,
[36m(TaskRunner pid=235339)[0m              'save_freq': 5,
[36m(TaskRunner pid=235339)[0m              'test_freq': 5,
[36m(TaskRunner pid=235339)[0m              'total_epochs': 128,
[36m(TaskRunner pid=235339)[0m              'total_training_steps': None,
[36m(TaskRunner pid=235339)[0m              'use_legacy_worker_impl': 'auto',
[36m(TaskRunner pid=235339)[0m              'val_before_train': False},
[36m(TaskRunner pid=235339)[0m  'transfer_queue': {'enable': False}}
[36m(TaskRunner pid=235339)[0m [DEBUG] Config resolved. Adding workers...
[36m(TaskRunner pid=235339)[0m /workspace/reward_seeker/verl_with_logging/verl/trainer/main_ppo.py:307: UserWarning: Disabled critic as algorithm.adv_estimator != gae. If it is not intended, please set critic.enable=True
[36m(TaskRunner pid=235339)[0m   use_critic=need_critic(config),
[36m(TaskRunner pid=235339)[0m [validate_config] All configuration checks passed successfully!
[36m(TaskRunner pid=235339)[0m /workspace/reward_seeker/verl_with_logging/verl/utils/tokenizer.py:109: UserWarning: Failed to create processor: Unsupported processor type: Qwen2TokenizerFast. This may affect multimodal processing
[36m(TaskRunner pid=235339)[0m   warnings.warn(f"Failed to create processor: {e}. This may affect multimodal processing", stacklevel=1)
[36m(TaskRunner pid=235339)[0m Using dataset class: RLHFDataset
[36m(TaskRunner pid=235339)[0m dataset len: 60
[36m(TaskRunner pid=235339)[0m Using dataset class: RLHFDataset
[36m(TaskRunner pid=235339)[0m Generating train split: 0 examples [00:00, ? examples/s]Generating train split: 10 examples [00:00, 860.35 examples/s]
[36m(TaskRunner pid=235339)[0m /workspace/reward_seeker/verl_with_logging/verl/trainer/ppo/ray_trainer.py:290: UserWarning: Disabled critic as algorithm.adv_estimator != gae. If it is not intended, please set critic.enable=True
[36m(TaskRunner pid=235339)[0m   self.use_critic = need_critic(self.config)
[36m(TaskRunner pid=235339)[0m dataset len: 10
[36m(TaskRunner pid=235339)[0m Size of train dataloader: 7, Size of val dataloader: 1
[36m(TaskRunner pid=235339)[0m Total training steps: 896
[36m(TaskRunner pid=235339)[0m colocated worker base class <class 'verl.workers.megatron_workers.MegatronWorker'>
[36m(WorkerDict pid=236637)[0m [W213 15:41:53.465455399 ProcessGroupNCCL.cpp:927] Warning: TORCH_NCCL_AVOID_RECORD_STREAMS is the default now, this environment variable is thus deprecated. (function operator())
[36m(WorkerDict pid=236637)[0m [Gloo] Rank 0 is connected to 3 peer ranks. Expected number of connected peer ranks is : 3
[36m(WorkerDict pid=236638)[0m /workspace/reward_seeker/verl_with_logging/verl/utils/tokenizer.py:109: UserWarning: Failed to create processor: Unsupported processor type: Qwen2TokenizerFast. This may affect multimodal processing
[36m(WorkerDict pid=236638)[0m   warnings.warn(f"Failed to create processor: {e}. This may affect multimodal processing", stacklevel=1)
[36m(WorkerDict pid=236637)[0m Model config after override: Qwen3Config {
[36m(WorkerDict pid=236637)[0m   "architectures": [
[36m(WorkerDict pid=236637)[0m     "Qwen3ForCausalLM"
[36m(WorkerDict pid=236637)[0m   ],
[36m(WorkerDict pid=236637)[0m   "attention_bias": false,
[36m(WorkerDict pid=236637)[0m   "attention_dropout": 0.0,
[36m(WorkerDict pid=236637)[0m   "dtype": "bfloat16",
[36m(WorkerDict pid=236637)[0m   "eos_token_id": 151645,
[36m(WorkerDict pid=236637)[0m   "head_dim": 128,
[36m(WorkerDict pid=236637)[0m   "hidden_act": "silu",
[36m(WorkerDict pid=236637)[0m   "hidden_size": 4096,
[36m(WorkerDict pid=236637)[0m   "initializer_range": 0.02,
[36m(WorkerDict pid=236637)[0m   "intermediate_size": 12288,
[36m(WorkerDict pid=236637)[0m   "layer_types": [
[36m(WorkerDict pid=236637)[0m     "full_attention",
[36m(WorkerDict pid=236637)[0m     "full_attention",
[36m(WorkerDict pid=236637)[0m     "full_attention",
[36m(WorkerDict pid=236637)[0m     "full_attention",
[36m(WorkerDict pid=236637)[0m     "full_attention",
[36m(WorkerDict pid=236637)[0m     "full_attention",
[36m(WorkerDict pid=236637)[0m     "full_attention",
[36m(WorkerDict pid=236637)[0m     "full_attention",
[36m(WorkerDict pid=236637)[0m     "full_attention",
[36m(WorkerDict pid=236637)[0m     "full_attention",
[36m(WorkerDict pid=236637)[0m     "full_attention",
[36m(WorkerDict pid=236637)[0m     "full_attention",
[36m(WorkerDict pid=236637)[0m     "full_attention",
[36m(WorkerDict pid=236637)[0m     "full_attention",
[36m(WorkerDict pid=236637)[0m     "full_attention",
[36m(WorkerDict pid=236637)[0m     "full_attention",
[36m(WorkerDict pid=236637)[0m     "full_attention",
[36m(WorkerDict pid=236637)[0m     "full_attention",
[36m(WorkerDict pid=236637)[0m     "full_attention",
[36m(WorkerDict pid=236637)[0m     "full_attention",
[36m(WorkerDict pid=236637)[0m     "full_attention",
[36m(WorkerDict pid=236637)[0m     "full_attention",
[36m(WorkerDict pid=236637)[0m     "full_attention",
[36m(WorkerDict pid=236637)[0m     "full_attention",
[36m(WorkerDict pid=236637)[0m     "full_attention",
[36m(WorkerDict pid=236637)[0m     "full_attention",
[36m(WorkerDict pid=236637)[0m     "full_attention",
[36m(WorkerDict pid=236637)[0m     "full_attention",
[36m(WorkerDict pid=236637)[0m     "full_attention",
[36m(WorkerDict pid=236637)[0m     "full_attention",
[36m(WorkerDict pid=236637)[0m     "full_attention",
[36m(WorkerDict pid=236637)[0m     "full_attention",
[36m(WorkerDict pid=236637)[0m     "full_attention",
[36m(WorkerDict pid=236637)[0m     "full_attention",
[36m(WorkerDict pid=236637)[0m     "full_attention",
[36m(WorkerDict pid=236637)[0m     "full_attention"
[36m(WorkerDict pid=236637)[0m   ],
[36m(WorkerDict pid=236637)[0m   "max_position_embeddings": 40960,
[36m(WorkerDict pid=236637)[0m   "max_window_layers": 36,
[36m(WorkerDict pid=236637)[0m   "model_type": "qwen3",
[36m(WorkerDict pid=236637)[0m   "num_attention_heads": 32,
[36m(WorkerDict pid=236637)[0m   "num_hidden_layers": 36,
[36m(WorkerDict pid=236637)[0m   "num_key_value_heads": 8,
[36m(WorkerDict pid=236637)[0m   "pad_token_id": 151643,
[36m(WorkerDict pid=236637)[0m   "rms_norm_eps": 1e-06,
[36m(WorkerDict pid=236637)[0m   "rope_scaling": null,
[36m(WorkerDict pid=236637)[0m   "rope_theta": 1000000,
[36m(WorkerDict pid=236637)[0m   "sliding_window": null,
[36m(WorkerDict pid=236637)[0m   "tie_word_embeddings": false,
[36m(WorkerDict pid=236637)[0m   "transformers_version": "4.57.6",
[36m(WorkerDict pid=236637)[0m   "use_cache": true,
[36m(WorkerDict pid=236637)[0m   "use_sliding_window": false,
[36m(WorkerDict pid=236637)[0m   "vocab_size": 151936
[36m(WorkerDict pid=236637)[0m }
[36m(WorkerDict pid=236637)[0m 
[36m(WorkerDict pid=236641)[0m [Gloo] Rank 3 is connected to 3 peer ranks. Expected number of connected peer ranks is : 3[32m [repeated 83x across cluster] (Ray deduplicates logs by default. Set RAY_DEDUP_LOGS=0 to disable log deduplication, or see https://docs.ray.io/en/master/ray-observability/user-guides/configure-logging.html#log-deduplication for more options.)[0m
[36m(WorkerDict pid=236641)[0m `torch_dtype` is deprecated! Use `dtype` instead!
[36m(WorkerDict pid=236641)[0m [W213 15:41:53.465357066 ProcessGroupNCCL.cpp:927] Warning: TORCH_NCCL_AVOID_RECORD_STREAMS is the default now, this environment variable is thus deprecated. (function operator())[32m [repeated 3x across cluster][0m
[36m(WorkerDict pid=236641)[0m /usr/local/lib/python3.12/dist-packages/megatron/core/transformer/transformer_config.py:1243: UserWarning: If you are using transformer_engine as the transformer implementation, the core_attn is from transformer_engine and may be the fused version. For fused attention, you have no need to set 'core_attn' to recompute. Please check that the core_attn recompute is really needed.
[36m(WorkerDict pid=236641)[0m   warnings.warn(
[36m(WorkerDict pid=236641)[0m /usr/local/lib/python3.12/dist-packages/megatron/core/transformer/transformer_config.py:1723: UserWarning: full scope is deprecated. Use empty cuda_graph_scope to capture the whole layer.
[36m(WorkerDict pid=236641)[0m   warnings.warn(
[36m(WorkerDict pid=236641)[0m /usr/local/lib/python3.12/dist-packages/megatron/core/models/gpt/gpt_layer_specs.py:205: UserWarning: The fp8 argument in "get_gpt_layer_with_transformer_engine_spec" has been deprecated and will be removed soon. Please update your code accordingly.
[36m(WorkerDict pid=236641)[0m   warnings.warn(
[36m(WorkerDict pid=236641)[0m  > number of parameters on (tensor, pipeline) model parallel rank (3, 0): 2047915008
[36m(WorkerDict pid=236637)[0m /workspace/reward_seeker/verl_with_logging/verl/utils/tokenizer.py:109: UserWarning: Failed to create processor: Unsupported processor type: Qwen2TokenizerFast. This may affect multimodal processing[32m [repeated 3x across cluster][0m
[36m(WorkerDict pid=236637)[0m   warnings.warn(f"Failed to create processor: {e}. This may affect multimodal processing", stacklevel=1)[32m [repeated 3x across cluster][0m
[36m(WorkerDict pid=236641)[0m nid010011:236641:237511 [0] NCCL INFO Stack size limit (unlimited) is unsafe; will use 8192KB for newly launched threads
[36m(WorkerDict pid=236641)[0m nid010011:236641:237511 [0] NCCL INFO Bootstrap: Using nmn0:10.100.2.51<0>
[36m(WorkerDict pid=236641)[0m nid010011:236641:237511 [0] NCCL INFO cudaDriverVersion 13000
[36m(WorkerDict pid=236641)[0m nid010011:236641:237511 [0] NCCL INFO NCCL version 2.28.3+cuda13.0
[36m(WorkerDict pid=236641)[0m nid010011:236641:237511 [0] NCCL INFO Comm config Blocking set to 1
[36m(WorkerDict pid=236641)[0m nid010011:236641:237511 [0] NCCL INFO NET/Plugin: Loaded net plugin NCCL RDMA Plugin v10 (v10)
[36m(WorkerDict pid=236641)[0m nid010011:236641:237511 [0] NCCL INFO NET/Plugin: Loaded collnet plugin SHARP (v10)
[36m(WorkerDict pid=236641)[0m nid010011:236641:237511 [0] NCCL INFO Successfully loaded external network plugin /opt/hpcx/nccl_rdma_sharp_plugin/lib/libnccl-net.so
[36m(WorkerDict pid=236641)[0m nid010011:236641:237511 [0] NCCL INFO Plugin Path : /opt/hpcx/nccl_rdma_sharp_plugin/lib/libnccl-net.so
[36m(WorkerDict pid=236641)[0m nid010011:236641:237511 [0] NCCL INFO P2P plugin v10 IBext_v10
[36m(WorkerDict pid=236641)[0m nid010011:236641:237511 [0] NCCL INFO NET/IB : No device found.
[36m(WorkerDict pid=236641)[0m nid010011:236641:237511 [0] NCCL INFO NET/IB : Using [RO]; OOB nmn0:10.100.2.51<0>
[36m(WorkerDict pid=236641)[0m nid010011:236641:237511 [0] NCCL INFO Failed to initialize NET plugin NCCL RDMA Plugin v10
[36m(WorkerDict pid=236641)[0m nid010011:236641:237511 [0] NCCL INFO NET/IB : No device found.
[36m(WorkerDict pid=236641)[0m nid010011:236641:237511 [0] NCCL INFO NET/IB : Using [RO]; OOB nmn0:10.100.2.51<0>
[36m(WorkerDict pid=236641)[0m nid010011:236641:237511 [0] NCCL INFO Failed to initialize NET plugin IB
[36m(WorkerDict pid=236641)[0m nid010011:236641:237511 [0] NCCL INFO NET/Socket : Using [0]nmn0:10.100.2.51<0> [1]hsn0:10.242.21.180<0> [2]hsn2:10.242.21.112<0> [3]hsn3:10.242.21.113<0> [4]hsn1:10.242.21.181<0>
[36m(WorkerDict pid=236641)[0m nid010011:236641:237511 [0] NCCL INFO Initialized NET plugin Socket
[36m(WorkerDict pid=236641)[0m nid010011:236641:237511 [0] NCCL INFO Assigned NET plugin Socket to comm
[36m(WorkerDict pid=236641)[0m nid010011:236641:237511 [0] NCCL INFO Using network Socket
[36m(WorkerDict pid=236641)[0m nid010011:236641:237511 [0] NCCL INFO ncclCommInitRankConfig comm 0x403980000040 rank 0 nranks 1 cudaDev 0 nvmlDev 3 busId 3901000 commId 0x47845e7fa6ecc304 - Init START
[36m(WorkerDict pid=236641)[0m nid010011:236641:237511 [0] NCCL INFO RAS client listening socket at ::1<28028>
[36m(WorkerDict pid=236641)[0m nid010011:236641:237511 [0] NCCL INFO Bootstrap timings total 0.000752 (create 0.000055, send 0.000124, recv 0.000145, ring 0.000001, delay 0.000001)
[36m(WorkerDict pid=236641)[0m nid010011:236641:237511 [0] NCCL INFO NCCL_CUMEM_ENABLE set by environment to 0.
[36m(WorkerDict pid=236641)[0m nid010011:236641:237511 [0] NCCL INFO ncclTopoGetCpuAffinity: Affinity for GPU 3 is 216-287. (GPU affinity = 216-287 ; CPU affinity = 216-287).
[36m(WorkerDict pid=236641)[0m nid010011:236641:237511 [0] NCCL INFO NCCL_NVLS_ENABLE set by environment to 0.
[36m(WorkerDict pid=236641)[0m nid010011:236641:237511 [0] NCCL INFO comm 0x403980000040 rank 0 nRanks 1 nNodes 1 localRanks 1 localRank 0 MNNVL 0
[36m(WorkerDict pid=236641)[0m nid010011:236641:237511 [0] NCCL INFO Channel 00/64 : 0
[36m(WorkerDict pid=236641)[0m nid010011:236641:237511 [0] NCCL INFO Channel 01/64 : 0
[36m(WorkerDict pid=236641)[0m nid010011:236641:237511 [0] NCCL INFO Channel 02/64 : 0
[36m(WorkerDict pid=236641)[0m nid010011:236641:237511 [0] NCCL INFO Channel 03/64 : 0
[36m(WorkerDict pid=236641)[0m nid010011:236641:237511 [0] NCCL INFO Channel 04/64 : 0
[36m(WorkerDict pid=236641)[0m nid010011:236641:237511 [0] NCCL INFO Channel 05/64 : 0
[36m(WorkerDict pid=236641)[0m nid010011:236641:237511 [0] NCCL INFO Channel 06/64 : 0
[36m(WorkerDict pid=236641)[0m nid010011:236641:237511 [0] NCCL INFO Channel 07/64 : 0
[36m(WorkerDict pid=236641)[0m nid010011:236641:237511 [0] NCCL INFO Channel 08/64 : 0
[36m(WorkerDict pid=236641)[0m nid010011:236641:237511 [0] NCCL INFO Channel 09/64 : 0
[36m(WorkerDict pid=236641)[0m nid010011:236641:237511 [0] NCCL INFO Channel 10/64 : 0
[36m(WorkerDict pid=236641)[0m nid010011:236641:237511 [0] NCCL INFO Channel 11/64 : 0
[36m(WorkerDict pid=236641)[0m nid010011:236641:237511 [0] NCCL INFO Channel 12/64 : 0
[36m(WorkerDict pid=236641)[0m nid010011:236641:237511 [0] NCCL INFO Channel 13/64 : 0
[36m(WorkerDict pid=236641)[0m nid010011:236641:237511 [0] NCCL INFO Channel 14/64 : 0
[36m(WorkerDict pid=236641)[0m nid010011:236641:237511 [0] NCCL INFO Channel 15/64 : 0
[36m(WorkerDict pid=236641)[0m nid010011:236641:237511 [0] NCCL INFO Channel 16/64 : 0
[36m(WorkerDict pid=236641)[0m nid010011:236641:237511 [0] NCCL INFO Channel 17/64 : 0
[36m(WorkerDict pid=236641)[0m nid010011:236641:237511 [0] NCCL INFO Channel 18/64 : 0
[36m(WorkerDict pid=236641)[0m nid010011:236641:237511 [0] NCCL INFO Channel 19/64 : 0
[36m(WorkerDict pid=236641)[0m nid010011:236641:237511 [0] NCCL INFO Channel 20/64 : 0
[36m(WorkerDict pid=236641)[0m nid010011:236641:237511 [0] NCCL INFO Channel 21/64 : 0
[36m(WorkerDict pid=236641)[0m nid010011:236641:237511 [0] NCCL INFO Channel 22/64 : 0
[36m(WorkerDict pid=236641)[0m nid010011:236641:237511 [0] NCCL INFO Channel 23/64 : 0
[36m(WorkerDict pid=236641)[0m nid010011:236641:237511 [0] NCCL INFO Channel 24/64 : 0
[36m(WorkerDict pid=236641)[0m nid010011:236641:237511 [0] NCCL INFO Channel 25/64 : 0
[36m(WorkerDict pid=236641)[0m nid010011:236641:237511 [0] NCCL INFO Channel 26/64 : 0
[36m(WorkerDict pid=236641)[0m nid010011:236641:237511 [0] NCCL INFO Channel 27/64 : 0
[36m(WorkerDict pid=236641)[0m nid010011:236641:237511 [0] NCCL INFO Channel 28/64 : 0
[36m(WorkerDict pid=236641)[0m nid010011:236641:237511 [0] NCCL INFO Channel 29/64 : 0
[36m(WorkerDict pid=236641)[0m nid010011:236641:237511 [0] NCCL INFO Channel 30/64 : 0
[36m(WorkerDict pid=236641)[0m nid010011:236641:237511 [0] NCCL INFO Channel 31/64 : 0
[36m(WorkerDict pid=236641)[0m nid010011:236641:237511 [0] NCCL INFO Channel 32/64 : 0
[36m(WorkerDict pid=236641)[0m nid010011:236641:237511 [0] NCCL INFO Channel 33/64 : 0
[36m(WorkerDict pid=236641)[0m nid010011:236641:237511 [0] NCCL INFO Channel 34/64 : 0
[36m(WorkerDict pid=236641)[0m nid010011:236641:237511 [0] NCCL INFO Channel 35/64 : 0
[36m(WorkerDict pid=236641)[0m nid010011:236641:237511 [0] NCCL INFO Channel 36/64 : 0
[36m(WorkerDict pid=236641)[0m nid010011:236641:237511 [0] NCCL INFO Channel 37/64 : 0
[36m(WorkerDict pid=236641)[0m nid010011:236641:237511 [0] NCCL INFO Channel 38/64 : 0
[36m(WorkerDict pid=236641)[0m nid010011:236641:237511 [0] NCCL INFO Channel 39/64 : 0
[36m(WorkerDict pid=236641)[0m nid010011:236641:237511 [0] NCCL INFO Channel 40/64 : 0
[36m(WorkerDict pid=236641)[0m nid010011:236641:237511 [0] NCCL INFO Channel 41/64 : 0
[36m(WorkerDict pid=236641)[0m nid010011:236641:237511 [0] NCCL INFO Channel 42/64 : 0
[36m(WorkerDict pid=236641)[0m nid010011:236641:237511 [0] NCCL INFO Channel 43/64 : 0
[36m(WorkerDict pid=236641)[0m nid010011:236641:237511 [0] NCCL INFO Channel 44/64 : 0
[36m(WorkerDict pid=236641)[0m nid010011:236641:237511 [0] NCCL INFO Channel 45/64 : 0
[36m(WorkerDict pid=236641)[0m nid010011:236641:237511 [0] NCCL INFO Channel 46/64 : 0
[36m(WorkerDict pid=236641)[0m nid010011:236641:237511 [0] NCCL INFO Channel 47/64 : 0
[36m(WorkerDict pid=236641)[0m nid010011:236641:237511 [0] NCCL INFO Channel 48/64 : 0
[36m(WorkerDict pid=236641)[0m nid010011:236641:237511 [0] NCCL INFO Channel 49/64 : 0
[36m(WorkerDict pid=236641)[0m nid010011:236641:237511 [0] NCCL INFO Channel 50/64 : 0
[36m(WorkerDict pid=236641)[0m nid010011:236641:237511 [0] NCCL INFO Channel 51/64 : 0
[36m(WorkerDict pid=236641)[0m nid010011:236641:237511 [0] NCCL INFO Channel 52/64 : 0
[36m(WorkerDict pid=236641)[0m nid010011:236641:237511 [0] NCCL INFO Channel 53/64 : 0
[36m(WorkerDict pid=236641)[0m nid010011:236641:237511 [0] NCCL INFO Channel 54/64 : 0
[36m(WorkerDict pid=236641)[0m nid010011:236641:237511 [0] NCCL INFO Channel 55/64 : 0
[36m(WorkerDict pid=236641)[0m nid010011:236641:237511 [0] NCCL INFO Channel 56/64 : 0
[36m(WorkerDict pid=236641)[0m nid010011:236641:237511 [0] NCCL INFO Channel 57/64 : 0
[36m(WorkerDict pid=236641)[0m nid010011:236641:237511 [0] NCCL INFO Channel 58/64 : 0
[36m(WorkerDict pid=236641)[0m nid010011:236641:237511 [0] NCCL INFO Channel 59/64 : 0
[36m(WorkerDict pid=236641)[0m nid010011:236641:237511 [0] NCCL INFO Channel 60/64 : 0
[36m(WorkerDict pid=236641)[0m nid010011:236641:237511 [0] NCCL INFO Channel 61/64 : 0
[36m(WorkerDict pid=236641)[0m nid010011:236641:237511 [0] NCCL INFO Channel 62/64 : 0
[36m(WorkerDict pid=236641)[0m nid010011:236641:237511 [0] NCCL INFO Channel 63/64 : 0
[36m(WorkerDict pid=236641)[0m nid010011:236641:237511 [0] NCCL INFO Trees [0] -1/-1/-1->0->-1 [1] -1/-1/-1->0->-1 [2] -1/-1/-1->0->-1 [3] -1/-1/-1->0->-1 [4] -1/-1/-1->0->-1 [5] -1/-1/-1->0->-1 [6] -1/-1/-1->0->-1 [7] -1/-1/-1->0->-1 [8] -1/-1/-1->0->-1 [9] -1/-1/-1->0->-1 [10] -1/-1/-1->0->-1 [11] -1/-1/-1->0->-1 [12] -1/-1/-1->0->-1 [13] -1/-1/-1->0->-1 [14] -1/-1/-1->0->-1 [15] -1/-1/-1->0->-1 [16] -1/-1/-1->0->-1 [17] -1/-1/-1->0->-1 [18] -1/-1/-1->0->-1 [19] -1/-1/-1->0->-1 [20] -1/-1/-1->0->-1 [21] -1/-1/-1->0->-1 [22] -1/-1/-1->0->-1 [23] -1/-1/-1->0->-1 [24] -1/-1/-1->0->-1 [25] -1/-1/-1->0->-1 [26] -1/-1/-1->0->-1 [27] -1/-1/-1->0->-1 [28] -1/-1/-1->0->-1 [29] -1/-1/-1->0->-1 [30] -1/-1/-1->0->-1 [31] -1/-1/-1->0->-1 [32] -1/-1/-1->0->-1 [33] -1/-1/-1->0->-1 [34] -1/-1/-1->0->-1 [35] -1/-1/-1->0->-1 [36] -1/-1/-1->0->-1 [37] -1/-1/-1->0->-1 [38] -1/-1/-1->0->-1 [39] -1/-1/-1->0->-1 [40] -1/-1/-1->0->-1 [41] -1/-1/-1->0->-1 [42] -1/-1/-1->0->-1 [43] -1/-1/-1->0->-1 [44] -1/-1/-1->0->-1 [45] -1/-1/-1->0->-1 [46] -1/-1/-1->0->-1 [4
[36m(WorkerDict pid=236641)[0m nid010011:236641:237511 [0] NCCL INFO P2P Chunksize set to 524288
[36m(WorkerDict pid=236641)[0m nid010011:236641:237511 [0] NCCL INFO PROFILER/Plugin: Could not find: libnccl-profiler.so
[36m(WorkerDict pid=236641)[0m nid010011:236641:237511 [0] NCCL INFO Check P2P Type isAllDirectP2p 0 directMode 0
[36m(WorkerDict pid=236641)[0m nid010011:236641:238248 [0] NCCL INFO [Proxy Service] Device 0 CPU core 275
[36m(WorkerDict pid=236641)[0m nid010011:236641:238249 [0] NCCL INFO [Proxy Service UDS] Device 0 CPU core 287
[36m(WorkerDict pid=236641)[0m nid010011:236641:238250 [0] NCCL INFO [Proxy Progress] Device 0 CPU core 224
[36m(WorkerDict pid=236641)[0m nid010011:236641:237511 [0] NCCL INFO TUNER/Plugin: Could not find: libnccl-tuner.so. Using internal tuner plugin.
[36m(WorkerDict pid=236641)[0m nid010011:236641:237511 [0] NCCL INFO 64 coll channels, 64 collnet channels, 0 nvls channels, 64 p2p channels, 64 p2p channels per peer
[36m(WorkerDict pid=236641)[0m nid010011:236641:237511 [0] NCCL INFO CC Off, workFifoBytes 1048576
[36m(WorkerDict pid=236641)[0m nid010011:236641:237511 [0] NCCL INFO ncclCommInitRankConfig comm 0x403980000040 rank 0 nranks 1 cudaDev 0 nvmlDev 3 busId 3901000 commId 0x47845e7fa6ecc304 - Init COMPLETE
[36m(WorkerDict pid=236641)[0m nid010011:236641:237511 [0] NCCL INFO Init timings - ncclCommInitRankConfig: rank 0 nraactor_module: 1
[36m(WorkerDict pid=236641)[0m Fetching 6 files:   0%|          | 0/6 [00:00<?, ?it/s]
[36m(WorkerDict pid=236637)[0m nid010011:236637:237538 [0] NCCL INFO Init timings - ncclCommInitRankConfig: rank 0 nranks 1 total 0.actor_module: 1
[36m(WorkerDict pid=236638)[0m nid010011:236638:237507 [0] NCCL INFO Init timings - ncclCommInitRankConfig: rank 0 nranks actor_module: 1
[36m(WorkerDict pid=236637)[0m Fetching 6 files:  17%|█▋        | 1/6 [00:15<01:16, 15.24s/it]Fetching 6 files: 100%|██████████| 6/6 [00:15<00:00,  2.54s/it]
[36m(WorkerDict pid=236638)[0m `torch_dtype` is deprecated! Use `dtype` instead![32m [repeated 3x across cluster][0m
[36m(WorkerDict pid=236638)[0m /usr/local/lib/python3.12/dist-packages/megatron/core/transformer/transformer_config.py:1243: UserWarning: If you are using transformer_engine as the transformer implementation, the core_attn is from transformer_engine and may be the fused version. For fused attention, you have no need to set 'core_attn' to recompute. Please check that the core_attn recompute is really needed.[32m [repeated 3x across cluster][0m
[36m(WorkerDict pid=236638)[0m   warnings.warn([32m [repeated 9x across cluster][0m
[36m(WorkerDict pid=236638)[0m /usr/local/lib/python3.12/dist-packages/megatron/core/transformer/transformer_config.py:1723: UserWarning: full scope is deprecated. Use empty cuda_graph_scope to capture the whole layer.[32m [repeated 3x across cluster][0m
[36m(WorkerDict pid=236638)[0m /usr/local/lib/python3.12/dist-packages/megatron/core/models/gpt/gpt_layer_specs.py:205: UserWarning: The fp8 argument in "get_gpt_layer_with_transformer_engine_spec" has been deprecated and will be removed soon. Please update your code accordingly.[32m [repeated 3x across cluster][0m
[36m(WorkerDict pid=236638)[0m Fetching 6 files:   0%|          | 0/6 [00:00<?, ?it/s][32m [repeated 3x across cluster][0m
[36m(WorkerDict pid=236637)[0m 57 (kernels 0.11, alloc 0.45, bootstrap 0.00, allgathers 0.00, topo 0.01, graphs 0.00, connections 0.01, rest 0.00)
[36m(WorkerDict pid=236637)[0m nid010011:236637:237538 [0] NCCL INFO Channel 00/0 : 0[0] -> 1[1] via P2P/IPC
[36m(WorkerDict pid=236637)[0m nid010011:236637:237538 [0] NCCL INFO Channel 01/0 : 0[0] -> 1[1] via P2P/IPC
[36m(WorkerDict pid=236637)[0m nid010011:236637:237538 [0] NCCL INFO Channel 06/0 : 0[0] -> 1[1] via P2P/IPC
[36m(WorkerDict pid=236637)[0m nid010011:236637:237538 [0] NCCL INFO Channel 07/0 : 0[0] -> 1[1] via P2P/IPC
[36m(WorkerDict pid=236637)[0m nid010011:236637:237538 [0] NCCL INFO Channel 12/0 : 0[0] -> 1[1] via P2P/IPC
[36m(WorkerDict pid=236637)[0m nid010011:236637:237538 [0] NCCL INFO Channel 13/0 : 0[0] -> 1[1] via P2P/IPC
[36m(WorkerDict pid=236637)[0m nid010011:236637:237538 [0] NCCL INFO Channel 18/0 : 0[0] -> 1[1] via P2P/IPC
[36m(WorkerDict pid=236637)[0m nid010011:236637:237538 [0] NCCL INFO Channel 19/0 : 0[0] -> 1[1] via P2P/IPC
[36m(WorkerDict pid=236637)[0m nid010011:236637:237538 [0] NCCL INFO Channel 02/0 : 0[0] -> 2[2] via P2P/IPC
[36m(WorkerDict pid=236637)[0m nid010011:236637:237538 [0] NCCL INFO Channel 03/0 : 0[0] -> 2[2] via P2P/IPC
[36m(WorkerDict pid=236637)[0m nid010011:236637:237538 [0] NCCL INFO Channel 08/0 : 0[0] -> 2[2] via P2P/IPC
[36m(WorkerDict pid=236637)[0m nid010011:236637:237538 [0] NCCL INFO Channel 09/0 : 0[0] -> 2[2] via P2P/IPC
[36m(WorkerDict pid=236637)[0m nid010011:236637:237538 [0] NCCL INFO Channel 14/0 : 0[0] -> 2[2] via P2P/IPC
[36m(WorkerDict pid=236637)[0m nid010011:236637:237538 [0] NCCL INFO Channel 15/0 : 0[0] -> 2[2] via P2P/IPC
[36m(WorkerDict pid=236637)[0m nid010011:236637:237538 [0] NCCL INFO Channel 20/0 : 0[0] -> 2[2] via P2P/IPC
[36m(WorkerDict pid=236637)[0m nid010011:236637:237538 [0] NCCL INFO Channel 21/0 : 0[0] -> 2[2] via P2P/IPC
[36m(WorkerDict pid=236637)[0m nid010011:236637:237538 [0] NCCL INFO Channel 04/0 : 0[0] -> 3[3] via P2P/IPC
[36m(WorkerDict pid=236637)[0m nid010011:236637:237538 [0] NCCL INFO Channel 05/0 : 0[0] -> 3[3] via P2P/IPC
[36m(WorkerDict pid=236637)[0m nid010011:236637:237538 [0] NCCL INFO Channel 10/0 : 0[0] -> 3[3] via P2P/IPC
[36m(WorkerDict pid=236637)[0m nid010011:236637:237538 [0] NCCL INFO Channel 11/0 : 0[0] -> 3[3] via P2P/IPC
[36m(WorkerDict pid=236637)[0m nid010011:236637:237538 [0] NCCL INFO Channel 16/0 : 0[0] -> 3[3] via P2P/IPC
[36m(WorkerDict pid=236637)[0m nid010011:236637:237538 [0] NCCL INFO Channel 17/0 : 0[0] -> 3[3] via P2P/IPC
[36m(WorkerDict pid=236637)[0m nid010011:236637:237538 [0] NCCL INFO Channel 22/0 : 0[0] -> 3[3] via P2P/IPC
[36m(WorkerDict pid=236637)[0m nid010011:236637:237538 [0] NCCL INFO Channel 23/0 : 0[0] -> 3[3] via P2P/IPC
[36m(WorkerDict pid=236637)[0m nid010011:236637:237538 [0] NCCL INFO Connected all rings, use ring PXN 0 GDR 1
[36m(WorkerDict pid=236637)[0m nid010011:236637:237538 [0] NCCL INFO Channel 02/0 : 0[0] -> 1[1] via P2P/IPC
[36m(WorkerDict pid=236637)[0m nid010011:236637:237538 [0] NCCL INFO Channel 03/0 : 0[0] -> 1[1] via P2P/IPC
[36m(WorkerDict pid=236637)[0m nid010011:236637:237538 [0] NCCL INFO Channel 08/0 : 0[0] -> 1[1] via P2P/IPC
[36m(WorkerDict pid=236637)[0m nid010011:236637:237538 [0] NCCL INFO Channel 09/0 : 0[0] -> 1[1] via P2P/IPC
[36m(WorkerDict pid=236637)[0m nid010011:236637:237538 [0] NCCL INFO Channel 10/0 : 0[0] -> 1[1] via P2P/IPC
[36m(WorkerDict pid=236637)[0m nid010011:236637:237538 [0] NCCL INFO Channel 11/0 : 0[0] -> 1[1] via P2P/IPC
[36m(WorkerDict pid=236637)[0m nid010011:236637:237538 [0] NCCL INFO Channel 14/0 : 0[0] -> 1[1] via P2P/IPC
[36m(WorkerDict pid=236637)[0m nid010011:236637:237538 [0] NCCL INFO Channel 15/0 : 0[0] -> 1[1] via P2P/IPC
[36m(WorkerDict pid=236637)[0m nid010011:236637:237538 [0] NCCL INFO Channel 20/0 : 0[0] -> 1[1] via P2P/IPC
[36m(WorkerDict pid=236637)[0m nid010011:236637:237538 [0] NCCL INFO Channel 21/0 : 0[0] -> 1[1] via P2P/IPC
[36m(WorkerDict pid=236637)[0m nid010011:236637:237538 [0] NCCL INFO Channel 22/0 : 0[0] -> 1[1] via P2P/IPC
[36m(WorkerDict pid=236637)[0m nid010011:236637:237538 [0] NCCL INFO Channel 23/0 : 0[0] -> 1[1] via P2P/IPC
[36m(WorkerDict pid=236637)[0m nid010011:236637:237538 [0] NCCL INFO Channel 04/0 : 0[0] -> 2[2] via P2P/IPC
[36m(WorkerDict pid=236637)[0m nid010011:236637:237538 [0] NCCL INFO Channel 05/0 : 0[0] -> 2[2] via P2P/IPC
[36m(WorkerDict pid=236637)[0m nid010011:236637:237538 [0] NCCL INFO Channel 06/0 : 0[0] -> 2[2] via P2P/IPC
[36m(WorkerDict pid=236637)[0m nid010011:236637:237538 [0] NCCL INFO Channel 07/0 : 0[0] -> 2[2] via P2P/IPC
[36m(WorkerDict pid=236637)[0m nid010011:236637:237538 [0] NCCL INFO Channel 16/0 : 0[0] -> 2[2] via P2P/IPC
[36m(WorkerDict pid=236637)[0m nid010011:236637:237538 [0] NCCL INFO Channel 17/0 : 0[0] -> 2[2] via P2P/IPC
[36m(WorkerDict pid=236637)[0m nid010011:236637:237538 [0] NCCL INFO Channel 18/0 : 0[0] -> 2[2] via P2P/IPC
[36m(WorkerDict pid=236637)[0m nid010011:236637:237538 [0] NCCL INFO Channel 19/0 : 0[0] -> 2[2] via P2P/IPC
[36m(WorkerDict pid=236637)[0m nid010011:236637:237538 [0] NCCL INFO Channel 08/0 : 0[0] -> 3[3] via P2P/IPC
[36m(WorkerDict pid=236637)[0m nid010011:236637:237538 [0] NCCL INFO Channel 09/0 : 0[0] -> 3[3] via P2P/IPC
[36m(WorkerDict pid=236637)[0m nid010011:236637:237538 [0] NCCL INFO Channel 20/0 : 0[0] -> 3[3] via P2P/IPC
[36m(WorkerDict pid=236637)[0m nid010011:236637:237538 [0] NCCL INFO Channel 21/0 : 0[0] -> 3[3] via P2P/IPC
[36m(WorkerDict pid=236637)[0m nid010011:236637:237538 [0] NCCL INFO Connected all trees
[36m(WorkerDict pid=236637)[0m nid010011:236637:237538 [0] NCCL INFO threadThresholds 8/8/64 | 32/8/64 | 512 | 512
[36m(WorkerDict pid=236637)[0m nid010011:236637:237538 [0] NCCL INFO Init timings - ncclCommInitRankConfig: rank 0 nranks 4 total 0.60 (kernels 0.00, alloc 0.00, bootstrap 0.02, allgathers 0.00, topo 0.03, graphs 0.01, connections 0.55, rest 0.00)
[36m(WorkerDict pid=236637)[0m nid010011:236637:237538 [0] NCCL INFO Channel 16/1 : 0[0] -> 1[1] via P2P/IPC
[36m(WorkerDict pid=236637)[0m nid010011:236637:237538 [0] NCCL INFO Channel 17/1 : 0[0] -> 1[1] via P2P/IPC
[36m(WorkerDict pid=236637)[0m nid010011:236637:237538 [0] NCCL INFO Channel 18/1 : 0[0] -> 1[1] via P2P/IPC
[36m(WorkerDict pid=236637)[0m nid010011:236637:237538 [0] NCCL INFO Channel 19/1 : 0[0] -> 1[1] via P2
[36m(WorkerDict pid=236638)[0m  > number of parameters on (tensor, pipeline) model parallel rank (1, 0): 2047915008[32m [repeated 3x across cluster][0m
[36m(WorkerDict pid=236638)[0m nid010011:236638:237507 [0] NCCL INFO Stack size limit (unlimited) is unsafe; will use 8192KB for newly launched threads[32m [repeated 3x across cluster][0m
[36m(WorkerDict pid=236638)[0m nid010011:236638:237507 [0] NCCL INFO Bootstrap: Using nmn0:10.100.2.51<0>[32m [repeated 3x across cluster][0m
[36m(WorkerDict pid=236638)[0m nid010011:236638:237507 [0] NCCL INFO cudaDriverVersion 13000[32m [repeated 3x across cluster][0m
[36m(WorkerDict pid=236638)[0m nid010011:236638:237507 [0] NCCL INFO NCCL version 2.28.3+cuda13.0[32m [repeated 3x across cluster][0m
[36m(WorkerDict pid=236637)[0m nid010011:236637:237538 [0] NCCL INFO Comm config Blocking set to 1[32m [repeated 4x across cluster][0m
[36m(WorkerDict pid=236638)[0m nid010011:236638:237507 [0] NCCL INFO NET/Plugin: Loaded net plugin NCCL RDMA Plugin v10 (v10)[32m [repeated 3x across cluster][0m
[36m(WorkerDict pid=236638)[0m nid010011:236638:237507 [0] NCCL INFO NET/Plugin: Loaded collnet plugin SHARP (v10)[32m [repeated 3x across cluster][0m
[36m(WorkerDict pid=236638)[0m nid010011:236638:237507 [0] NCCL INFO Successfully loaded external network plugin /opt/hpcx/nccl_rdma_sharp_plugin/lib/libnccl-net.so[32m [repeated 3x across cluster][0m
[36m(WorkerDict pid=236638)[0m nid010011:236638:237507 [0] NCCL INFO Plugin Path : /opt/hpcx/nccl_rdma_sharp_plugin/lib/libnccl-net.so[32m [repeated 3x across cluster][0m
[36m(WorkerDict pid=236638)[0m nid010011:236638:237507 [0] NCCL INFO P2P plugin v10 IBext_v10[32m [repeated 3x across cluster][0m
[36m(WorkerDict pid=236638)[0m nid010011:236638:237507 [0] NCCL INFO NET/IB : No device found.[32m [repeated 6x across cluster][0m
[36m(WorkerDict pid=236638)[0m nid010011:236638:237507 [0] NCCL INFO NET/IB : Using [RO]; OOB nmn0:10.100.2.51<0>[32m [repeated 6x across cluster][0m
[36m(WorkerDict pid=236638)[0m nid010011:236638:237507 [0] NCCL INFO Failed to initialize NET plugin NCCL RDMA Plugin v10[32m [repeated 3x across cluster][0m
[36m(WorkerDict pid=236638)[0m nid010011:236638:237507 [0] NCCL INFO Failed to initialize NET plugin IB[32m [repeated 3x across cluster][0m
[36m(WorkerDict pid=236638)[0m nid010011:236638:237507 [0] NCCL INFO NET/Socket : Using [0]nmn0:10.100.2.51<0> [1]hsn0:10.242.21.180<0> [2]hsn2:10.242.21.112<0> [3]hsn3:10.242.21.113<0> [4]hsn1:10.242.21.181<0>[32m [repeated 3x across cluster][0m
[36m(WorkerDict pid=236637)[0m nid010011:236637:237538 [0] NCCL INFO Initialized NET plugin Socket[32m [repeated 4x across cluster][0m
[36m(WorkerDict pid=236637)[0m nid010011:236637:237538 [0] NCCL INFO Assigned NET plugin Socket to comm[32m [repeated 4x across cluster][0m
[36m(WorkerDict pid=236637)[0m nid010011:236637:237538 [0] NCCL INFO Using network Socket[32m [repeated 4x across cluster][0m
[36m(WorkerDict pid=236637)[0m nid010011:236637:237538 [0] NCCL INFO ncclCommInitRankConfig comm 0x40382b53dc60 rank 0 nranks 4 cudaDev 0 nvmlDev 0 busId 901000 commId 0x17213aed3008d1c9 - Init START[32m [repeated 4x across cluster][0m
[36m(WorkerDict pid=236638)[0m nid010011:236638:237507 [0] NCCL INFO RAS client listening socket at ::1<28028>[32m [repeated 3x across cluster][0m
[36m(WorkerDict pid=236637)[0m nid010011:236637:237538 [0] NCCL INFO Bootstrap timings total 0.021628 (create 0.000031, send 0.000094, recv 0.021178, ring 0.000157, delay 0.000000)[32m [repeated 4x across cluster][0m
[36m(WorkerDict pid=236638)[0m nid010011:236638:237507 [0] NCCL INFO NCCL_CUMEM_ENABLE set by environment to 0.[32m [repeated 3x across cluster][0m
[36m(WorkerDict pid=236637)[0m nid010011:236637:237538 [0] NCCL INFO ncclTopoGetCpuAffinity: Affinity for GPU 0 is 0-71. (GPU affinity = 0-71 ; CPU affinity = 0-71).[32m [repeated 4x across cluster][0m
[36m(WorkerDict pid=236638)[0m nid010011:236638:237507 [0] NCCL INFO NCCL_NVLS_ENABLE set by environment to 0.[32m [repeated 3x across cluster][0m
[36m(WorkerDict pid=236637)[0m nid010011:236637:237538 [0] NCCL INFO comm 0x40382b53dc60 rank 0 nRanks 4 nNodes 1 localRanks 4 localRank 0 MNNVL 0[32m [repeated 4x across cluster][0m
[36m(WorkerDict pid=236637)[0m nid010011:236637:237538 [0] NCCL INFO Channel 23/24 : 0 3 2 1[32m [repeated 216x across cluster][0m
[36m(WorkerDict pid=236637)[0m nid010011:236637:237538 [0] NCCL INFO Trees [0] 1/-1/-1->0->-1 [1] 1/-1/-1->0->-1 [2] 1/-1/-1->0->-1 [3] 1/-1/-1->0->-1 [4] 2/-1/-1->0->-1 [5] 2/-1/-1->0->-1 [6] 2/-1/-1->0->-1 [7] 2/-1/-1->0->-1 [8] 3/-1/-1->0->1 [9] 3/-1/-1->0->1 [10] 3/-1/-1->0->1 [11] 3/-1/-1->0->1 [12] 1/-1/-1->0->-1 [13] 1/-1/-1->0->-1 [14] 1/-1/-1->0->-1 [15] 1/-1/-1->0->-1 [16] 2/-1/-1->0->-1 [17] 2/-1/-1->0->-1 [18] 2/-1/-1->0->-1 [19] 2/-1/-1->0->-1 [20] 3/-1/-1->0->1 [21] 3/-1/-1->0->1 [22] 3/-1/-1->0->1 [23] 3/-1/-1->0->1[32m [repeated 4x across cluster][0m
[36m(WorkerDict pid=236637)[0m nid010011:236637:237538 [0] NCCL INFO P2P Chunksize set to 524288[32m [repeated 4x across cluster][0m
[36m(WorkerDict pid=236638)[0m nid010011:236638:237507 [0] NCCL INFO PROFILER/Plugin: Could not find: libnccl-profiler.so[32m [repeated 3x across cluster][0m
[36m(WorkerDict pid=236637)[0m nid010011:236637:237538 [0] NCCL INFO Check P2P Type isAllDirectP2p 1 directMode 0[32m [repeated 4x across cluster][0m
[36m(WorkerDict pid=236637)[0m nid010011:236637:238775 [0] NCCL INFO [Proxy Service] Device 0 CPU core 70[32m [repeated 4x across cluster][0m
[36m(WorkerDict pid=236637)[0m nid010011:236637:238779 [0] NCCL INFO [Proxy Service UDS] Device 0 CPU core 68[32m [repeated 4x across cluster][0m
[36m(WorkerDict pid=236637)[0m nid010011:236637:238828 [0] NCCL INFO [Proxy Progress] Device 0 CPU core 71[32m [repeated 4x across cluster][0m
[36m(WorkerDict pid=236638)[0m nid010011:236638:237507 [0] NCCL INFO TUNER/Plugin: Could not find: libnccl-tuner.so. Using internal tuner plugin.[32m [repeated 3x across cluster][0m
[36m(WorkerDict pid=236637)[0m nid010011:236637:237538 [0] NCCL INFO 24 coll channels, 24 collnet channels, 0 nvls channels, 32 p2p channels, 16 p2p channels per peer[32m [repeated 4x across cluster][0m
[36m(WorkerDict pid=236637)[0m nid010011:236637:237538 [0] NCCL INFO CC Off, workFifoBytes 1048576[32m [repeated 4x across cluster][0m
[36m(WorkerDict pid=236637)[0m nid010011:236637:237538 [0] NCCL INFO ncclCommInitRankConfig comm 0x40382b53dc60 rank 0 nranks 4 cudaDev 0 nvmlDev 0 busId 901000 commId 0x17213aed3008d1c9 - Init COMPLETE[32m [repeated 4x across cluster][0m
[36m(WorkerDict pid=236639)[0m nid010011:236639:237540 [0] NCCL INFO Init timings - ncclCommInitRankConfig: rank 0 nraactor_module: 1
[36m(WorkerDict pid=236637)[0m Loading from Qwen/Qwen3-8b ━━━━━━━━━━━━━━━━━━ 100% 0:00:00 (291/291) Qwen3Bridge
[36m(WorkerDict pid=236637)[0m DistributedDataParallel contains 2.05B parameters
[36m(WorkerDict pid=236637)[0m optimizer config after override: {'optimizer': 'adam', 'lr': 2e-06, 'min_lr': 0.0, 'clip_grad': 1.0, 'weight_decay': 0.01, 'use_distributed_optimizer': True, 'bf16': True, 'params_dtype': torch.bfloat16, 'optimizer_offload_fraction': 1.0, 'overlap_cpu_optimizer_d2h_h2d': True, 'use_precision_aware_optimizer': True, 'optimizer_cpu_offload': True}
